2026-04-22T03:42:40.054Z [INFO]: Bot initialized
2026-04-22T03:42:40.066Z [INFO]: User state initialized
2026-04-22T03:42:40.071Z [INFO]: [AUTOBACKUP] Aktif setiap 12 jam.
2026-04-22T03:42:40.212Z [INFO]: Terhubung ke SQLite3
2026-04-22T03:42:40.237Z [INFO]: Server table ready
2026-04-22T03:42:40.240Z [INFO]: Transactions table ready
2026-04-22T03:42:40.246Z [INFO]: Table user_accounts ready
2026-04-22T03:42:40.248Z [INFO]: Add IP price loaded from DB: 2000
2026-04-22T03:42:40.249Z [INFO]: Pending deposit loaded:
2026-04-22T03:42:45.945Z [INFO]: Admin username detected: @xyztunnn
2026-04-22T03:42:46.561Z [INFO]: ✅ [SYSTEM] Logo QRIS berhasil disimpan di memori.
2026-04-22T03:42:46.757Z [INFO]: Main menu sent
2026-04-22T03:42:47.319Z [INFO]: Main menu sent
2026-04-22T03:42:50.538Z [INFO]: create service menu sent
2026-04-22T03:43:31.708Z [ERROR]: [BACKUP] Gagal kirim sellvpn.db ke 7768199065: request to https://api.telegram.org/bot8496515506:[REDACTED]/sendDocument failed, reason: read ETIMEDOUT
2026-04-22T03:43:38.532Z [WARN]: [BACKUP] Skip database.db karena file kosong (0 byte).
2026-04-22T03:43:38.534Z [INFO]: [BACKUP][Auto (startup)] sent=2 missing=1 errors=1
2026-04-22T03:51:24.304Z [INFO]: Main menu sent
2026-04-22T03:51:26.033Z [INFO]: create service menu sent
2026-04-22T03:53:33.773Z [INFO]: Main menu sent
2026-04-22T03:53:42.760Z [INFO]: create service menu sent
2026-04-22T03:54:06.282Z [INFO]: Main menu sent
2026-04-22T03:54:07.990Z [INFO]: create service menu sent
2026-04-22T03:58:12.777Z [INFO]: Main menu sent
2026-04-22T04:05:41.596Z [INFO]: Main menu sent
2026-04-22T04:05:46.409Z [INFO]: 🔍 User 7568909025 memulai proses top-up saldo.
2026-04-22T04:05:55.622Z [INFO]: Main menu sent
2026-04-22T04:06:03.082Z [INFO]: create service menu sent
2026-04-22T04:06:22.038Z [INFO]: Main menu sent
2026-04-22T04:06:28.488Z [INFO]: create service menu sent
2026-04-22T04:06:46.041Z [INFO]: Main menu sent
2026-04-22T04:07:32.656Z [INFO]: create service menu sent
2026-04-22T04:07:41.825Z [INFO]: Main menu sent
2026-04-22T04:07:43.591Z [INFO]: create service menu sent
2026-04-22T04:07:48.571Z [INFO]: Main menu sent
2026-04-22T04:07:52.829Z [INFO]: trial service menu sent
2026-04-22T04:08:19.061Z [INFO]: ✅ Trial zivpn dibuat oleh 7568909025
2026-04-22T04:29:43.774Z [INFO]: Main menu sent
2026-04-22T04:30:01.627Z [INFO]: create service menu sent
2026-04-22T04:31:03.786Z [INFO]: 🎁 Reward: User 8461801575 +1 Poin (13 hari)
2026-04-22T04:31:04.943Z [INFO]: Account create sukses user 8461801575, type: ssh
2026-04-22T04:37:41.306Z [INFO]: Main menu sent
2026-04-22T04:37:44.007Z [INFO]: create service menu sent
2026-04-22T04:39:35.265Z [INFO]: Admin menu requested
2026-04-22T04:39:35.847Z [INFO]: Admin menu sent as new message
2026-04-22T04:39:39.999Z [INFO]: Admin 7768199065 mengecek saldo user 8461801575: Rp17216
2026-04-22T04:40:54.143Z [INFO]: Account create sukses user 756200352, type: zivpn
2026-04-22T04:42:14.622Z [INFO]: Admin 7768199065 menghapus saldo user 8461801575 dari Rp17216 menjadi Rp0.
2026-04-22T05:09:37.397Z [INFO]: trial service menu sent
2026-04-22T05:09:43.395Z [INFO]: ✅ Trial vmess dibuat oleh 7960158114
2026-04-22T05:16:37.883Z [INFO]: Main menu sent
2026-04-22T06:17:38.562Z [INFO]: Main menu sent
2026-04-22T06:17:40.921Z [INFO]: create service menu sent
2026-04-22T06:18:39.400Z [INFO]: 🎁 Reward: User 8629869896 +2 Poin (31 hari)
2026-04-22T06:18:40.904Z [INFO]: Account create sukses user 8629869896, type: zivpn
2026-04-22T06:29:28.315Z [INFO]: Main menu sent
2026-04-22T07:12:30.857Z [INFO]: Main menu sent
2026-04-22T08:02:13.585Z [INFO]: Main menu sent
2026-04-22T08:02:15.269Z [INFO]: create service menu sent
2026-04-22T08:09:53.012Z [INFO]: Admin menu requested
2026-04-22T08:09:53.597Z [INFO]: Admin menu sent as new message
2026-04-22T08:09:59.367Z [INFO]: Admin 7768199065 mengecek saldo user 8629869896: Rp8654
2026-04-22T08:12:05.592Z [INFO]: Main menu sent
2026-04-22T08:12:07.341Z [INFO]: create service menu sent
2026-04-22T08:12:11.566Z [INFO]: Admin 7768199065 menghapus saldo user 8629869896 dari Rp8654 menjadi Rp0.
2026-04-22T08:12:15.471Z [INFO]: Add saldo user process started (manual input ID)
2026-04-22T08:12:26.802Z [INFO]: Admin menu requested
2026-04-22T08:12:27.438Z [INFO]: Admin menu sent as new message
2026-04-22T08:12:28.612Z [INFO]: Add saldo user process started (manual input ID)
2026-04-22T08:12:35.059Z [INFO]: Admin 7768199065 menambah saldo Rp654 ke user 8629869896 (Saldo akhir: Rp654).
2026-04-22T08:16:41.091Z [INFO]: Main menu sent
2026-04-22T08:46:26.894Z [INFO]: create service menu sent
2026-04-22T08:49:54.921Z [INFO]: Main menu sent
2026-04-22T08:49:56.889Z [INFO]: create service menu sent
2026-04-22T08:50:27.709Z [INFO]: Main menu sent
2026-04-22T08:50:31.146Z [INFO]: 🔍 User 7082484465 memulai proses top-up saldo.
2026-04-22T08:56:40.891Z [INFO]: [QRIS][user-7082484465-1776848194372] expected=2082 | transaksi(9)=19000@22/04/2026 12:02:51,2139@22/04/2026 09:54:29,2170@22/04/2026 09:12:49,2284@22/04/2026 08:48:08,2186@22/04/2026 08:12:29
2026-04-22T08:58:10.785Z [WARN]: [QRIS] Tidak ada transaksi terbaca dari API. Preview: 📤 Output: 0 dari 0 (filter: masuk) Tidak ada data mutasi.
2026-04-22T09:01:10.835Z [INFO]: [QRIS][user-7082484465-1776848194372] expected=2082 | transaksi(9)=19000@22/04/2026 12:02:51,2139@22/04/2026 09:54:29,2170@22/04/2026 09:12:49,2284@22/04/2026 08:48:08,2186@22/04/2026 08:12:29
2026-04-22T09:07:08.028Z [INFO]: Main menu sent
2026-04-22T09:07:23.869Z [INFO]: create service menu sent
2026-04-22T09:08:07.521Z [INFO]: Main menu sent
2026-04-22T09:08:09.739Z [INFO]: create service menu sent
2026-04-22T12:52:07.780Z [INFO]: Main menu sent
2026-04-22T12:52:09.822Z [INFO]: trial service menu sent
2026-04-22T12:52:16.082Z [INFO]: ✅ Trial zivpn dibuat oleh 7768199065
2026-04-22T13:08:09.603Z [INFO]: Main menu sent
2026-04-22T13:08:10.874Z [INFO]: create service menu sent
2026-04-22T13:08:28.008Z [INFO]: 🎁 Reward: User 7960158114 +2 Poin (29 hari)
2026-04-22T13:08:29.528Z [INFO]: Account create sukses user 7960158114, type: zivpn
2026-04-22T13:12:53.302Z [INFO]: Main menu sent
2026-04-22T13:17:00.315Z [INFO]: Main menu sent
2026-04-22T13:17:45.197Z [INFO]: Main menu sent
2026-04-22T13:31:39.485Z [INFO]: Main menu sent
2026-04-22T13:31:40.690Z [INFO]: create service menu sent
2026-04-22T13:31:52.291Z [INFO]: Main menu sent
2026-04-22T13:31:53.821Z [INFO]: create service menu sent
2026-04-22T13:32:19.752Z [INFO]: Account create sukses user 7960158114, type: zivpn
2026-04-22T14:26:32.018Z [INFO]: Main menu sent
2026-04-22T14:46:38.990Z [INFO]: Main menu sent
2026-04-22T14:46:41.485Z [INFO]: create service menu sent
2026-04-22T14:47:12.960Z [INFO]: Main menu sent
2026-04-22T14:47:14.720Z [INFO]: create service menu sent
2026-04-22T14:47:18.057Z [INFO]: Main menu sent
2026-04-22T14:47:29.511Z [INFO]: Main menu sent
2026-04-22T14:47:31.950Z [INFO]: create service menu sent
2026-04-22T14:47:50.598Z [INFO]: Account create sukses user 756200352, type: zivpn
2026-04-22T14:53:32.301Z [INFO]: Main menu sent
2026-04-22T14:53:36.477Z [INFO]: create service menu sent
2026-04-22T14:58:43.542Z [INFO]: Main menu sent
2026-04-22T14:58:51.532Z [INFO]: create service menu sent
2026-04-22T14:58:55.121Z [INFO]: Main menu sent
2026-04-22T14:58:58.973Z [INFO]: trial service menu sent
2026-04-22T14:59:09.047Z [INFO]: ✅ Trial zivpn dibuat oleh 6717605132
2026-04-22T15:09:55.655Z [INFO]: create service menu sent
2026-04-22T15:10:25.921Z [INFO]: Account create sukses user 7612399455, type: zivpn
2026-04-22T15:40:43.601Z [INFO]: Main menu sent
2026-04-22T15:42:44.430Z [WARN]: [BACKUP] Skip database.db karena file kosong (0 byte).
2026-04-22T15:42:44.431Z [INFO]: [BACKUP][Auto 12h] sent=3 missing=1 errors=0
2026-04-22T15:46:02.872Z [INFO]: Main menu sent
2026-04-22T15:46:04.514Z [INFO]: create service menu sent
2026-04-22T15:46:17.520Z [INFO]: 🎁 Reward: User 7960158114 +2 Poin (29 hari)
2026-04-22T15:46:19.122Z [INFO]: Account create sukses user 7960158114, type: zivpn
2026-04-22T16:12:32.932Z [INFO]: Main menu sent
2026-04-22T16:13:03.994Z [INFO]: create service menu sent
2026-04-22T16:14:36.978Z [INFO]: Main menu sent
2026-04-22T16:14:38.963Z [INFO]: trial service menu sent
2026-04-22T16:14:43.641Z [INFO]: ✅ Trial zivpn dibuat oleh 328922489
2026-04-22T16:26:17.551Z [INFO]: Main menu sent
2026-04-22T16:26:19.741Z [INFO]: create service menu sent
2026-04-22T16:26:50.497Z [INFO]: Account create sukses user 328922489, type: zivpn
2026-04-22T16:37:28.934Z [INFO]: Main menu sent
2026-04-22T16:37:38.375Z [INFO]: create service menu sent
2026-04-22T21:01:06.054Z [INFO]: Main menu sent
2026-04-22T21:01:10.862Z [INFO]: trial service menu sent
2026-04-22T21:01:19.556Z [INFO]: ✅ Trial vmess dibuat oleh 1377629179
2026-04-22T21:03:45.533Z [INFO]: Main menu sent
2026-04-22T21:03:49.429Z [INFO]: create service menu sent
2026-04-22T22:53:53.868Z [INFO]: Main menu sent
2026-04-22T22:54:08.694Z [INFO]: create service menu sent
2026-04-22T22:54:18.185Z [INFO]: Main menu sent
2026-04-22T23:17:17.109Z [INFO]: Main menu sent
2026-04-22T23:17:20.330Z [INFO]: create service menu sent
2026-04-22T23:18:03.195Z [INFO]: Main menu sent
2026-04-22T23:18:05.579Z [INFO]: 🔍 User 8001507141 memulai proses top-up saldo.
2026-04-22T23:18:22.586Z [INFO]: [QRIS][user-8001507141-1776899893373] expected=10080 | transaksi(9)=19000@22/04/2026 12:02:51,2139@22/04/2026 09:54:29,2170@22/04/2026 09:12:49,2284@22/04/2026 08:48:08,2186@22/04/2026 08:12:29
2026-04-22T23:18:42.497Z [WARN]: [QRIS] Tidak ada transaksi terbaca dari API. Preview: 📤 Output: 0 dari 0 (filter: masuk) Tidak ada data mutasi.
2026-04-22T23:19:16.887Z [INFO]: Main menu sent
2026-04-22T23:19:31.098Z [INFO]: Main menu sent
2026-04-22T23:21:13.225Z [INFO]: Main menu sent
2026-04-22T23:21:17.139Z [INFO]: create service menu sent
2026-04-22T23:21:47.543Z [INFO]: Account create sukses user 8001507141, type: ssh
2026-04-22T23:21:52.583Z [INFO]: [QRIS][user-8001507141-1776899893373] expected=10080 | transaksi(9)=10080@23/04/2026 06:18:54,19000@22/04/2026 12:02:51,2139@22/04/2026 09:54:29,2170@22/04/2026 09:12:49,2284@22/04/2026 08:48:08
2026-04-22T23:21:53.354Z [INFO]: Payment processed successfully for user-8001507141-1776899893373
2026-04-22T23:22:09.960Z [INFO]: Main menu sent
2026-04-22T23:27:43.953Z [INFO]: Main menu sent
2026-04-22T23:28:07.713Z [INFO]: create service menu sent
2026-04-22T23:29:03.467Z [INFO]: Account create sukses user 7568909025, type: zivpn
2026-04-22T23:31:23.323Z [INFO]: Main menu sent
2026-04-22T23:31:25.435Z [INFO]: create service menu sent
2026-04-22T23:31:32.372Z [INFO]: Main menu sent
2026-04-22T23:31:34.570Z [INFO]: trial service menu sent
2026-04-22T23:33:56.219Z [INFO]: Main menu sent
2026-04-22T23:56:33.258Z [INFO]: Main menu sent
2026-04-22T23:56:35.017Z [INFO]: 🔍 User 7768199065 memulai proses top-up saldo.
2026-04-22T23:56:42.663Z [INFO]: [QRIS][user-7768199065-1776902199394] expected=2031 | transaksi(8)=10080@23/04/2026 06:18:54,19000@22/04/2026 12:02:51,2139@22/04/2026 09:54:29,2170@22/04/2026 09:12:49,2284@22/04/2026 08:48:08
2026-04-22T23:57:02.570Z [WARN]: [QRIS] Tidak ada transaksi terbaca dari API. Preview: 📤 Output: 0 dari 0 (filter: masuk) Tidak ada data mutasi.
2026-04-22T23:57:46.331Z [INFO]: Main menu sent
2026-04-22T23:57:51.872Z [INFO]: create service menu sent
2026-04-22T23:58:16.348Z [INFO]: Main menu sent
2026-04-22T23:58:21.565Z [INFO]: 🔍 User 8169707317 memulai proses top-up saldo.
2026-04-23T00:00:04.866Z [INFO]: [QRIS][user-7768199065-1776902199394] expected=2031 | transaksi(8)=10080@23/04/2026 06:18:54,19000@22/04/2026 12:02:51,2139@22/04/2026 09:54:29,2170@22/04/2026 09:12:49,2284@22/04/2026 08:48:08
2026-04-23T00:00:04.931Z [INFO]: [QRIS][user-8169707317-1776902306913] expected=4210 | transaksi(8)=10080@23/04/2026 06:18:54,19000@22/04/2026 12:02:51,2139@22/04/2026 09:54:29,2170@22/04/2026 09:12:49,2284@22/04/2026 08:48:08
2026-04-23T00:00:32.782Z [WARN]: [QRIS] Tidak ada transaksi terbaca dari API. Preview: 📤 Output: 0 dari 0 (filter: masuk) Tidak ada data mutasi.
2026-04-23T00:04:29.834Z [INFO]: 🔍 User 8629869896 memulai proses top-up saldo.
2026-04-23T00:04:30.191Z [INFO]: 🔍 Reseller 8629869896 diminta untuk memasukkan jumlah nominal saldo (keypad).
2026-04-23T00:21:15.413Z [INFO]: Main menu sent
2026-04-23T00:21:38.512Z [ERROR]: Transaksi gagal user 1734416542 (renew): ❌ respons error:
client setet not exists, try another name
2026-04-23T00:21:49.895Z [INFO]: Main menu sent
2026-04-23T00:22:06.737Z [ERROR]: Transaksi gagal user 1734416542 (renew): ❌ respons error:
client setet not exists, try another name
2026-04-23T00:22:12.879Z [INFO]: Main menu sent
2026-04-23T00:22:14.841Z [INFO]: create service menu sent
2026-04-23T00:22:51.644Z [ERROR]: Transaksi gagal user 1734416542 (create): ❌  respons error:
username akun sudah di gunakan
masukan username baru!
2026-04-23T00:23:06.265Z [INFO]: Main menu sent
2026-04-23T00:23:08.538Z [INFO]: create service menu sent
2026-04-23T00:23:38.733Z [INFO]: Account create sukses user 1734416542, type: ssh
2026-04-23T00:26:51.905Z [INFO]: Main menu sent
2026-04-23T00:27:09.310Z [INFO]: 🎁 Reward: User 7960158114 +2 Poin (28 hari)
2026-04-23T00:27:10.824Z [INFO]: Account renew sukses user 7960158114, type: zivpn
2026-04-23T01:47:04.376Z [INFO]: Main menu sent
2026-04-23T01:47:16.401Z [INFO]: 🔍 User 8461801575 memulai proses top-up saldo.
2026-04-23T01:47:16.752Z [INFO]: 🔍 Reseller 8461801575 diminta untuk memasukkan jumlah nominal saldo (keypad).
2026-04-23T01:47:46.968Z [ERROR]: Error editing message: 400: Bad Request: message is not modified: specified new message content and reply markup are exactly the same as a current content and reply markup of the message
2026-04-23T01:47:48.198Z [INFO]: Main menu sent
2026-04-23T03:42:44.914Z [WARN]: [BACKUP] Skip database.db karena file kosong (0 byte).
2026-04-23T03:42:44.915Z [INFO]: [BACKUP][Auto 12h] sent=3 missing=1 errors=0
2026-04-23T04:14:08.522Z [INFO]: Main menu sent
2026-04-23T04:14:20.906Z [INFO]: trial service menu sent
2026-04-23T04:14:25.203Z [INFO]: ✅ Trial ssh dibuat oleh 7768199065
2026-04-23T05:25:46.968Z [INFO]: Main menu sent
2026-04-23T05:26:07.749Z [INFO]: create service menu sent
2026-04-23T05:27:15.206Z [INFO]: 🎁 Reward: User 7570184058 +2 Poin (31 hari)
2026-04-23T05:27:16.710Z [INFO]: Account create sukses user 7570184058, type: zivpn
2026-04-23T05:28:07.958Z [INFO]: 🎁 Reward: User 7570184058 +2 Poin (30 hari)
2026-04-23T05:28:09.099Z [INFO]: Account create sukses user 7570184058, type: zivpn
2026-04-23T08:52:25.320Z [INFO]: Main menu sent
2026-04-23T08:52:28.818Z [INFO]: create service menu sent
2026-04-23T09:11:33.554Z [INFO]: Admin menu requested
2026-04-23T09:11:34.103Z [INFO]: Admin menu sent as new message
2026-04-23T09:11:38.244Z [INFO]: Admin 7768199065 mengecek saldo user 7570184058: Rp166
2026-04-23T09:51:27.382Z [INFO]: create service menu sent
2026-04-23T09:52:18.580Z [INFO]: Account create sukses user 6115317929, type: zivpn
2026-04-23T10:17:35.520Z [INFO]: Main menu sent
2026-04-23T10:17:37.636Z [INFO]: create service menu sent
2026-04-23T10:17:39.772Z [INFO]: Main menu sent
2026-04-23T10:17:41.527Z [INFO]: 🔍 User 7612399455 memulai proses top-up saldo.
2026-04-23T10:18:04.768Z [INFO]: [QRIS][user-7612399455-1776939473749] expected=6072 | transaksi(8)=10000@23/04/2026 11:13:18,10080@23/04/2026 06:18:54,19000@22/04/2026 12:02:51,2139@22/04/2026 09:54:29,2170@22/04/2026 09:12:49
2026-04-23T10:19:03.905Z [WARN]: [QRIS] Tidak ada transaksi terbaca dari API. Preview: 📤 Output: 0 dari 0 (filter: masuk) Tidak ada data mutasi.
2026-04-23T10:20:34.107Z [INFO]: Main menu sent
2026-04-23T10:20:35.711Z [INFO]: 🔍 User 7612399455 memulai proses top-up saldo.
2026-04-23T10:22:14.001Z [INFO]: [QRIS][user-7612399455-1776939473749] expected=6072 | transaksi(8)=10000@23/04/2026 11:13:18,10080@23/04/2026 06:18:54,19000@22/04/2026 12:02:51,2139@22/04/2026 09:54:29,2170@22/04/2026 09:12:49
2026-04-23T10:22:14.061Z [INFO]: [QRIS][user-7612399455-1776939640829] expected=2086 | transaksi(8)=10000@23/04/2026 11:13:18,10080@23/04/2026 06:18:54,19000@22/04/2026 12:02:51,2139@22/04/2026 09:54:29,2170@22/04/2026 09:12:49
2026-04-23T10:22:55.077Z [WARN]: [QRIS] Tidak ada transaksi terbaca dari API. Preview: 📤 Output: 0 dari 0 (filter: masuk) Tidak ada data mutasi.
2026-04-23T10:24:08.842Z [ERROR]: Error checking payment status for user-7612399455-1776939640829: timeout of 5000ms exceeded
2026-04-23T10:24:18.839Z [ERROR]: Error checking payment status for user-7612399455-1776939640829: timeout of 5000ms exceeded
2026-04-23T10:27:03.486Z [INFO]: Main menu sent
2026-04-23T10:27:05.238Z [INFO]: 🔍 User 7612399455 memulai proses top-up saldo.
2026-04-23T10:27:13.971Z [INFO]: [QRIS][user-7612399455-1776940030776] expected=5186 | transaksi(8)=10000@23/04/2026 11:13:18,10080@23/04/2026 06:18:54,19000@22/04/2026 12:02:51,2139@22/04/2026 09:54:29,2170@22/04/2026 09:12:49
2026-04-23T10:27:55.488Z [INFO]: Main menu sent
2026-04-23T10:27:57.522Z [INFO]: 🔍 User 7612399455 memulai proses top-up saldo.
2026-04-23T10:28:24.070Z [WARN]: [QRIS] Tidak ada transaksi terbaca dari API. Preview: 📤 Output: 0 dari 0 (filter: masuk) Tidak ada data mutasi.
2026-04-23T10:31:33.983Z [INFO]: [QRIS][user-7612399455-1776940030776] expected=5186 | transaksi(8)=10000@23/04/2026 11:13:18,10080@23/04/2026 06:18:54,19000@22/04/2026 12:02:51,2139@22/04/2026 09:54:29,2170@22/04/2026 09:12:49
2026-04-23T10:31:34.090Z [INFO]: [QRIS][user-7612399455-1776940092894] expected=12079 | transaksi(8)=10000@23/04/2026 11:13:18,10080@23/04/2026 06:18:54,19000@22/04/2026 12:02:51,2139@22/04/2026 09:54:29,2170@22/04/2026 09:12:49
2026-04-23T10:32:53.981Z [WARN]: [QRIS] Tidak ada transaksi terbaca dari API. Preview: 📤 Output: 0 dari 0 (filter: masuk) Tidak ada data mutasi.
2026-04-23T11:18:07.955Z [INFO]: Main menu sent
2026-04-23T11:18:10.412Z [INFO]: create service menu sent
2026-04-23T11:33:27.944Z [INFO]: Main menu sent
2026-04-23T11:33:31.254Z [INFO]: 🔍 User 5688877828 memulai proses top-up saldo.
2026-04-23T11:33:44.576Z [INFO]: Main menu sent
2026-04-23T11:40:26.353Z [INFO]: Main menu sent
2026-04-23T11:40:28.349Z [INFO]: trial service menu sent
2026-04-23T11:40:45.435Z [INFO]: ✅ Trial zivpn dibuat oleh 6808130550
2026-04-23T12:51:36.211Z [INFO]: Main menu sent
2026-04-23T12:51:38.009Z [INFO]: create service menu sent
2026-04-23T12:51:54.266Z [INFO]: 🎁 Reward: User 7960158114 +2 Poin (29 hari)
2026-04-23T12:51:55.791Z [INFO]: Account create sukses user 7960158114, type: zivpn
2026-04-23T13:06:49.261Z [INFO]: Main menu sent
2026-04-23T13:06:54.269Z [INFO]: create service menu sent
2026-04-23T13:07:21.522Z [INFO]: Account create sukses user 756200352, type: zivpn
2026-04-23T13:21:57.713Z [INFO]: Main menu sent
2026-04-23T14:17:53.150Z [INFO]: Main menu sent
2026-04-23T14:17:54.610Z [INFO]: create service menu sent
2026-04-23T14:18:13.118Z [INFO]: 🎁 Reward: User 7960158114 +2 Poin (29 hari)
2026-04-23T14:18:14.813Z [INFO]: Account create sukses user 7960158114, type: zivpn
2026-04-23T15:14:10.515Z [INFO]: Main menu sent
2026-04-23T15:42:44.625Z [WARN]: [BACKUP] Skip database.db karena file kosong (0 byte).
2026-04-23T15:42:44.626Z [INFO]: [BACKUP][Auto 12h] sent=3 missing=1 errors=0
2026-04-23T17:55:43.816Z [INFO]: Main menu sent
2026-04-23T20:33:40.422Z [INFO]: Main menu sent
2026-04-23T20:33:45.175Z [INFO]: trial service menu sent
2026-04-23T20:33:57.857Z [INFO]: ✅ Trial ssh dibuat oleh 7404167575
2026-04-23T23:01:21.281Z [INFO]: Main menu sent
2026-04-23T23:01:31.292Z [INFO]: renew service menu sent
2026-04-23T23:02:18.225Z [ERROR]: Transaksi gagal user 6380781342 (renew): ❌ respons error:
client andai not exists, try another name
2026-04-23T23:02:27.307Z [INFO]: Main menu sent
2026-04-23T23:02:29.347Z [INFO]: create service menu sent
2026-04-23T23:03:02.250Z [INFO]: Account create sukses user 6380781342, type: ssh
2026-04-23T23:19:23.191Z [INFO]: Main menu sent
2026-04-23T23:19:27.304Z [INFO]: create service menu sent
2026-04-24T00:23:37.706Z [INFO]: Main menu sent
2026-04-24T00:34:54.264Z [INFO]: Main menu sent
2026-04-24T00:34:59.149Z [INFO]: create service menu sent
2026-04-24T01:05:25.088Z [INFO]: Main menu sent
2026-04-24T01:05:29.858Z [INFO]: create service menu sent
2026-04-24T01:13:52.775Z [INFO]: Main menu sent
2026-04-24T01:13:54.813Z [INFO]: trial service menu sent
2026-04-24T01:14:00.829Z [INFO]: ✅ Trial ssh dibuat oleh 8461801575
2026-04-24T01:25:59.304Z [INFO]: Main menu sent
2026-04-24T01:26:03.411Z [INFO]: 🔍 User 7960158114 memulai proses top-up saldo.
2026-04-24T01:26:03.770Z [INFO]: 🔍 Reseller 7960158114 diminta untuk memasukkan jumlah nominal saldo (keypad).
2026-04-24T01:26:40.745Z [INFO]: 🔍 User 7768199065 memulai proses top-up saldo.
2026-04-24T01:26:55.805Z [INFO]: [QRIS][user-7768199065-1776994005724] expected=20221 | transaksi(8)=12000@23/04/2026 21:02:16,10000@23/04/2026 11:13:18,10080@23/04/2026 06:18:54,19000@22/04/2026 12:02:51,2139@22/04/2026 09:54:29
2026-04-24T01:27:09.956Z [INFO]: Admin menu requested
2026-04-24T01:27:10.670Z [INFO]: Admin menu sent as new message
2026-04-24T01:27:15.769Z [WARN]: [QRIS] Tidak ada transaksi terbaca dari API. Preview: 📤 Output: 0 dari 0 (filter: masuk) Tidak ada data mutasi.
2026-04-24T01:28:15.786Z [INFO]: Main menu sent
2026-04-24T01:30:15.811Z [INFO]: [QRIS][user-7768199065-1776994005724] expected=20221 | transaksi(8)=20221@24/04/2026 08:27:17,12000@23/04/2026 21:02:16,10000@23/04/2026 11:13:18,10080@23/04/2026 06:18:54,19000@22/04/2026 12:02:51
2026-04-24T01:30:16.949Z [INFO]: Payment processed successfully for user-7768199065-1776994005724
2026-04-24T01:31:00.497Z [INFO]: Main menu sent
2026-04-24T01:31:04.125Z [INFO]: Add saldo user process started (manual input ID)
2026-04-24T01:31:09.875Z [INFO]: Admin 7768199065 menambah saldo Rp25000 ke user 8461801575 (Saldo akhir: Rp28291).
2026-04-24T01:31:26.539Z [INFO]: Main menu sent
2026-04-24T01:31:31.461Z [INFO]: create service menu sent
2026-04-24T01:33:09.735Z [INFO]: 🎁 Reward: User 8461801575 +2 Poin (29 hari)
2026-04-24T01:33:11.243Z [INFO]: Account create sukses user 8461801575, type: ssh
2026-04-24T01:34:10.841Z [INFO]: Main menu sent
2026-04-24T01:34:12.273Z [INFO]: create service menu sent
2026-04-24T01:34:36.435Z [INFO]: Admin menu requested
2026-04-24T01:34:36.994Z [INFO]: Admin menu sent as new message
2026-04-24T01:34:43.353Z [INFO]: Edit server total create akun process started
2026-04-24T01:34:53.107Z [INFO]: User 7768199065 memilih untuk mengedit total create akun server dengan ID: 124
2026-04-24T01:35:06.044Z [INFO]: Main menu sent
2026-04-24T01:35:07.720Z [INFO]: create service menu sent
2026-04-24T01:35:59.364Z [INFO]: 🎁 Reward: User 7960158114 +2 Poin (29 hari)
2026-04-24T01:36:01.000Z [INFO]: Account create sukses user 7960158114, type: zivpn
2026-04-24T01:39:25.667Z [INFO]: Main menu sent
2026-04-24T01:39:31.744Z [INFO]: create service menu sent
2026-04-24T01:39:35.932Z [INFO]: Account create sukses user 8246744834, type: ssh
2026-04-24T03:42:44.388Z [WARN]: [BACKUP] Skip database.db karena file kosong (0 byte).
2026-04-24T03:42:44.389Z [INFO]: [BACKUP][Auto 12h] sent=3 missing=1 errors=0
2026-04-24T05:06:49.493Z [INFO]: Bot initialized
2026-04-24T05:06:49.503Z [INFO]: User state initialized
2026-04-24T05:06:49.508Z [INFO]: [AUTOBACKUP] Aktif setiap 24 jam.
2026-04-24T05:06:49.614Z [INFO]: Terhubung ke SQLite3
2026-04-24T05:06:49.637Z [INFO]: Server table ready
2026-04-24T05:06:49.639Z [INFO]: Transactions table ready
2026-04-24T05:06:49.641Z [INFO]: Table user_accounts ready
2026-04-24T05:06:49.642Z [INFO]: Add IP price loaded from DB: 2000
2026-04-24T05:06:49.643Z [INFO]: Pending deposit loaded:
2026-04-24T05:06:50.404Z [INFO]: Admin username detected: @xyztunnn
2026-04-24T05:06:50.810Z [INFO]: ✅ [SYSTEM] Logo QRIS berhasil disimpan di memori.
2026-04-24T05:07:00.876Z [INFO]: Main menu sent
2026-04-24T05:07:24.023Z [WARN]: [BACKUP] Skip database.db karena file kosong (0 byte).
2026-04-24T05:07:24.024Z [INFO]: [BACKUP][Auto (startup)] sent=3 missing=1 errors=0
2026-04-24T05:49:54.628Z [INFO]: Main menu sent
2026-04-24T05:49:59.660Z [INFO]: 🔍 User 5861114478 memulai proses top-up saldo.
2026-04-24T05:50:09.788Z [INFO]: [QRIS][user-5861114478-1777009807440] expected=2283 | transaksi(8)=20221@24/04/2026 08:27:17,12000@23/04/2026 21:02:16,10000@23/04/2026 11:13:18,10080@23/04/2026 06:18:54,19000@22/04/2026 12:02:51
2026-04-24T05:50:10.920Z [INFO]: Payment processed successfully for user-5861114478-1777009807440
2026-04-24T05:50:26.539Z [INFO]: Main menu sent
2026-04-24T05:50:30.413Z [INFO]: 🔍 User 5861114478 memulai proses top-up saldo.
2026-04-24T05:50:49.765Z [INFO]: [QRIS][user-5861114478-1777009839497] expected=40007 | transaksi(8)=20221@24/04/2026 08:27:17,12000@23/04/2026 21:02:16,10000@23/04/2026 11:13:18,10080@23/04/2026 06:18:54,19000@22/04/2026 12:02:51
2026-04-24T05:51:00.310Z [INFO]: Main menu sent
2026-04-24T05:51:03.587Z [INFO]: create service menu sent
2026-04-24T05:52:27.023Z [INFO]: Account create sukses user 5861114478, type: vmess
2026-04-24T05:55:09.750Z [WARN]: [QRIS] Tidak ada transaksi terbaca dari API. Preview: 📤 Output: 0 dari 0 (filter: masuk) Tidak ada data mutasi.
2026-04-24T06:34:33.230Z [INFO]: Main menu sent
2026-04-24T06:34:35.191Z [INFO]: create service menu sent
2026-04-24T06:35:07.570Z [INFO]: 🎁 Reward: User 7960158114 +2 Poin (29 hari)
2026-04-24T06:35:09.074Z [INFO]: Account create sukses user 7960158114, type: zivpn
2026-04-24T10:08:01.466Z [INFO]: Main menu sent
2026-04-24T10:08:13.751Z [INFO]: 🔍 User 7612399455 memulai proses top-up saldo.
2026-04-24T10:08:40.179Z [INFO]: [QRIS][user-7612399455-1777025312076] expected=9002 | transaksi(8)=20221@24/04/2026 08:27:17,12000@23/04/2026 21:02:16,10000@23/04/2026 11:13:18,10080@23/04/2026 06:18:54,19000@22/04/2026 12:02:51
2026-04-24T10:09:45.038Z [ERROR]: Error checking payment status for user-7612399455-1777025312076: timeout of 5000ms exceeded
2026-04-24T10:09:51.909Z [INFO]: Main menu sent
2026-04-24T10:09:53.757Z [INFO]: 🔍 User 7612399455 memulai proses top-up saldo.
2026-04-24T10:10:10.110Z [WARN]: [QRIS] Tidak ada transaksi terbaca dari API. Preview: 📤 Output: 0 dari 0 (filter: masuk) Tidak ada data mutasi.
2026-04-24T10:11:47.340Z [INFO]: Main menu sent
2026-04-24T10:11:49.336Z [INFO]: 🔍 User 7612399455 memulai proses top-up saldo.
2026-04-24T10:13:10.203Z [INFO]: [QRIS][user-7612399455-1777025312076] expected=9002 | transaksi(8)=20221@24/04/2026 08:27:17,12000@23/04/2026 21:02:16,10000@23/04/2026 11:13:18,10080@23/04/2026 06:18:54,19000@22/04/2026 12:02:51
2026-04-24T10:13:10.351Z [INFO]: [QRIS][user-7612399455-1777025403256] expected=10087 | transaksi(8)=20221@24/04/2026 08:27:17,12000@23/04/2026 21:02:16,10000@23/04/2026 11:13:18,10080@23/04/2026 06:18:54,19000@22/04/2026 12:02:51
2026-04-24T10:13:55.312Z [INFO]: Main menu sent
2026-04-24T10:13:56.796Z [INFO]: 🔍 User 7612399455 memulai proses top-up saldo.
2026-04-24T10:14:00.115Z [WARN]: [QRIS] Tidak ada transaksi terbaca dari API. Preview: 📤 Output: 0 dari 0 (filter: masuk) Tidak ada data mutasi.
2026-04-24T10:17:10.193Z [INFO]: [QRIS][user-7612399455-1777025641335] expected=30182 | transaksi(8)=20221@24/04/2026 08:27:17,12000@23/04/2026 21:02:16,10000@23/04/2026 11:13:18,10080@23/04/2026 06:18:54,19000@22/04/2026 12:02:51
2026-04-24T10:19:00.189Z [WARN]: [QRIS] Tidak ada transaksi terbaca dari API. Preview: 📤 Output: 0 dari 0 (filter: masuk) Tidak ada data mutasi.
2026-04-24T10:19:05.850Z [INFO]: Main menu sent
2026-04-24T10:19:07.434Z [INFO]: 🔍 User 7612399455 memulai proses top-up saldo.
2026-04-24T10:22:10.206Z [INFO]: [QRIS][user-7612399455-1777025951097] expected=20152 | transaksi(8)=20221@24/04/2026 08:27:17,12000@23/04/2026 21:02:16,10000@23/04/2026 11:13:18,10080@23/04/2026 06:18:54,19000@22/04/2026 12:02:51
2026-04-24T10:23:20.226Z [INFO]: [QRIS][user-7612399455-1777025951097] expected=20152 | transaksi(8)=20152@24/04/2026 17:23:13,20221@24/04/2026 08:27:17,12000@23/04/2026 21:02:16,10000@23/04/2026 11:13:18,10080@23/04/2026 06:18:54
2026-04-24T10:23:21.006Z [INFO]: Payment processed successfully for user-7612399455-1777025951097
2026-04-24T10:23:27.543Z [INFO]: Main menu sent
2026-04-24T10:23:34.138Z [INFO]: create service menu sent
2026-04-24T10:24:33.802Z [ERROR]: Transaksi gagal user 7612399455 (create): ❌  gagal membuat akun zivpn:
username akun sudah di gunakan
masukan username baru!
2026-04-24T10:25:25.748Z [INFO]: Account create sukses user 7612399455, type: zivpn
2026-04-24T11:16:02.081Z [INFO]: Main menu sent
2026-04-24T11:16:15.992Z [INFO]: create service menu sent
2026-04-24T11:50:10.433Z [INFO]: Main menu sent
2026-04-24T13:11:14.076Z [INFO]: Main menu sent
2026-04-24T13:11:16.073Z [INFO]: create service menu sent
2026-04-24T13:11:40.216Z [INFO]: Main menu sent
2026-04-24T13:11:41.929Z [INFO]: 🔍 User 7106663541 memulai proses top-up saldo.
2026-04-24T13:11:50.524Z [INFO]: [QRIS][user-7106663541-1777036306685] expected=5122 | transaksi(8)=20152@24/04/2026 17:23:13,20221@24/04/2026 08:27:17,12000@23/04/2026 21:02:16,10000@23/04/2026 11:13:18,10080@23/04/2026 06:18:54
2026-04-24T13:12:40.529Z [INFO]: [QRIS][user-7106663541-1777036306685] expected=5122 | transaksi(8)=5122@24/04/2026 20:12:36,20152@24/04/2026 17:23:13,20221@24/04/2026 08:27:17,12000@23/04/2026 21:02:16,10000@23/04/2026 11:13:18
2026-04-24T13:12:41.270Z [INFO]: Payment processed successfully for user-7106663541-1777036306685
2026-04-24T13:13:07.335Z [INFO]: Main menu sent
2026-04-24T13:13:09.734Z [INFO]: create service menu sent
2026-04-24T13:13:32.448Z [INFO]: Main menu sent
2026-04-24T13:13:34.650Z [INFO]: create service menu sent
2026-04-24T13:13:49.055Z [INFO]: Account create sukses user 7106663541, type: ssh
2026-04-24T14:12:51.515Z [INFO]: Main menu sent
2026-04-24T17:46:13.559Z [INFO]: Main menu sent
2026-04-24T17:46:16.934Z [INFO]: create service menu sent
2026-04-24T17:46:19.701Z [INFO]: Main menu sent
2026-04-24T22:34:16.646Z [INFO]: 🔍 User 6264228118 memulai proses top-up saldo.
2026-04-24T22:34:16.836Z [ERROR]: Gagal deleteMessage di topup_saldo: 400: Bad Request: message can't be deleted for everyone
2026-04-24T22:42:37.530Z [INFO]: ✅ Trial zivpn dibuat oleh 328922489
2026-04-24T22:43:05.147Z [INFO]: Main menu sent
2026-04-24T22:43:09.189Z [INFO]: create service menu sent
2026-04-24T22:43:59.048Z [INFO]: Account create sukses user 328922489, type: zivpn
2026-04-24T22:45:33.704Z [INFO]: Main menu sent
2026-04-24T22:45:38.761Z [INFO]: create service menu sent
2026-04-24T22:46:20.641Z [INFO]: Account create sukses user 6151503774, type: zivpn
2026-04-24T23:48:10.393Z [INFO]: Main menu sent
2026-04-24T23:48:12.100Z [INFO]: create service menu sent
2026-04-24T23:48:23.308Z [INFO]: Main menu sent
2026-04-24T23:48:26.234Z [INFO]: create service menu sent
2026-04-24T23:48:51.435Z [INFO]: Main menu sent
2026-04-24T23:48:53.799Z [INFO]: 🔍 User 7568909025 memulai proses top-up saldo.
2026-04-24T23:49:11.756Z [INFO]: [QRIS][user-7568909025-1777074542935] expected=10256 | transaksi(8)=5122@24/04/2026 20:12:36,20152@24/04/2026 17:23:13,20221@24/04/2026 08:27:17,12000@23/04/2026 21:02:16,10000@23/04/2026 11:13:18
2026-04-24T23:49:31.737Z [WARN]: [QRIS] Tidak ada transaksi terbaca dari API. Preview: 📤 Output: 0 dari 0 (filter: masuk) Tidak ada data mutasi.
2026-04-24T23:50:51.557Z [INFO]: Main menu sent
2026-04-24T23:51:56.776Z [INFO]: Main menu sent
2026-04-24T23:52:31.780Z [INFO]: [QRIS][user-7568909025-1777074542935] expected=10256 | transaksi(8)=10256@25/04/2026 06:50:09,5122@24/04/2026 20:12:36,20152@24/04/2026 17:23:13,20221@24/04/2026 08:27:17,12000@23/04/2026 21:02:16
2026-04-24T23:52:32.925Z [INFO]: Payment processed successfully for user-7568909025-1777074542935
2026-04-24T23:53:04.947Z [INFO]: Main menu sent
2026-04-24T23:53:07.924Z [INFO]: create service menu sent
2026-04-24T23:53:26.502Z [INFO]: Account create sukses user 7568909025, type: zivpn
2026-04-25T00:03:06.762Z [INFO]: Main menu sent
2026-04-25T00:03:22.441Z [INFO]: create service menu sent
2026-04-25T00:03:50.360Z [INFO]: Account create sukses user 8001507141, type: ssh
2026-04-25T00:10:16.494Z [INFO]: Main menu sent
2026-04-25T05:06:53.845Z [WARN]: [BACKUP] Skip database.db karena file kosong (0 byte).
2026-04-25T05:06:53.846Z [INFO]: [BACKUP][Auto 24h] sent=3 missing=1 errors=0
2026-04-25T07:11:48.772Z [INFO]: Main menu sent
2026-04-25T07:11:51.261Z [INFO]: create service menu sent
2026-04-25T07:14:39.888Z [INFO]: Main menu sent
2026-04-25T07:14:42.705Z [INFO]: 🔍 User 8629869896 memulai proses top-up saldo.
2026-04-25T07:14:42.895Z [ERROR]: Gagal deleteMessage di topup_saldo: 400: Bad Request: message can't be deleted for everyone
2026-04-25T07:14:42.896Z [INFO]: 🔍 Reseller 8629869896 diminta untuk memasukkan jumlah nominal saldo (keypad).
2026-04-25T07:16:42.763Z [INFO]: [QRIS][user-8629869896-1777101398475] expected=50143 | transaksi(8)=10256@25/04/2026 06:50:09,5122@24/04/2026 20:12:36,20152@24/04/2026 17:23:13,20221@24/04/2026 08:27:17,12000@23/04/2026 21:02:16
2026-04-25T07:18:02.659Z [WARN]: [QRIS] Tidak ada transaksi terbaca dari API. Preview: 📤 Output: 0 dari 0 (filter: masuk) Tidak ada data mutasi.
2026-04-25T07:19:38.841Z [INFO]: create service menu sent
2026-04-25T07:20:38.777Z [INFO]: Main menu sent
2026-04-25T07:20:59.861Z [INFO]: create service menu sent
2026-04-25T07:21:12.751Z [INFO]: [QRIS][user-8629869896-1777101398475] expected=50143 | transaksi(8)=50143@25/04/2026 14:18:12,10256@25/04/2026 06:50:09,5122@24/04/2026 20:12:36,20152@24/04/2026 17:23:13,20221@24/04/2026 08:27:17
2026-04-25T07:21:13.517Z [INFO]: Payment processed successfully for user-8629869896-1777101398475
2026-04-25T07:21:41.662Z [INFO]: 🎁 Reward: User 8629869896 +3 Poin (90 hari)
2026-04-25T07:21:42.816Z [INFO]: Account create sukses user 8629869896, type: zivpn
2026-04-25T10:25:49.847Z [INFO]: Main menu sent
2026-04-25T10:25:51.926Z [INFO]: create service menu sent
2026-04-25T10:25:55.357Z [INFO]: Main menu sent
2026-04-25T10:25:58.190Z [INFO]: Main menu sent
2026-04-25T10:25:59.605Z [INFO]: create service menu sent
2026-04-25T10:26:16.330Z [INFO]: Admin menu requested
2026-04-25T10:26:16.875Z [INFO]: Admin menu sent as new message
2026-04-25T10:37:06.364Z [INFO]: create service menu sent
2026-04-25T10:37:12.621Z [INFO]: Main menu sent
2026-04-25T11:06:11.919Z [INFO]: Main menu sent
2026-04-25T11:06:13.162Z [INFO]: create service menu sent
2026-04-25T11:06:28.621Z [INFO]: 🎁 Reward: User 7960158114 +2 Poin (29 hari)
2026-04-25T11:06:30.351Z [INFO]: Account create sukses user 7960158114, type: zivpn
2026-04-25T13:00:01.616Z [INFO]: Main menu sent
2026-04-25T13:00:03.624Z [INFO]: trial service menu sent
2026-04-25T13:00:07.387Z [INFO]: ✅ Trial zivpn dibuat oleh 6717605132
2026-04-25T13:13:52.933Z [INFO]: Main menu sent
2026-04-25T13:13:54.266Z [INFO]: create service menu sent
2026-04-25T13:13:58.920Z [INFO]: Main menu sent
2026-04-25T13:14:00.580Z [INFO]: create service menu sent
2026-04-25T13:45:18.170Z [INFO]: Main menu sent
2026-04-25T13:45:21.237Z [INFO]: trial service menu sent
2026-04-25T13:46:06.065Z [INFO]: ✅ Trial zivpn dibuat oleh 7404167575
2026-04-25T14:22:19.975Z [INFO]: Main menu sent
2026-04-25T14:22:21.941Z [INFO]: create service menu sent
2026-04-25T14:22:51.494Z [INFO]: Main menu sent
2026-04-25T15:38:09.344Z [INFO]: 🎁 Reward: User 7960158114 +2 Poin (29 hari)
2026-04-25T15:38:10.832Z [INFO]: Account create sukses user 7960158114, type: zivpn
2026-04-25T15:50:40.145Z [INFO]: Main menu sent
2026-04-25T15:50:42.005Z [INFO]: create service menu sent
2026-04-25T15:50:48.202Z [INFO]: Main menu sent
2026-04-25T15:50:49.789Z [INFO]: trial service menu sent
2026-04-25T15:50:53.437Z [INFO]: Main menu sent
2026-04-25T15:50:55.074Z [INFO]: trial service menu sent
2026-04-25T15:50:58.759Z [INFO]: ✅ Trial vmess dibuat oleh 7768199065
2026-04-25T16:39:24.666Z [INFO]: Main menu sent
2026-04-25T16:39:26.082Z [INFO]: create service menu sent
2026-04-25T16:39:49.834Z [INFO]: 🎁 Reward: User 7960158114 +2 Poin (29 hari)
2026-04-25T16:39:51.404Z [INFO]: Account create sukses user 7960158114, type: zivpn
2026-04-25T16:59:33.195Z [INFO]: Main menu sent
2026-04-25T17:00:36.031Z [INFO]: Main menu sent
2026-04-26T03:27:36.623Z [INFO]: Main menu sent
2026-04-26T03:27:38.623Z [INFO]: create service menu sent
2026-04-26T03:28:03.088Z [INFO]: Main menu sent
2026-04-26T03:28:06.236Z [INFO]: 🔍 User 983263475 memulai proses top-up saldo.
2026-04-26T03:29:05.228Z [INFO]: [QRIS][user-983263475-1777174133974] expected=5064 | transaksi(10)=10000@25/04/2026 23:35:16,10000@25/04/2026 22:31:16,13000@25/04/2026 20:01:41,50143@25/04/2026 14:18:12,10256@25/04/2026 06:50:09
2026-04-26T03:30:05.209Z [WARN]: [QRIS] Tidak ada transaksi terbaca dari API. Preview: 📤 Output: 0 dari 0 (filter: masuk) Tidak ada data mutasi.
2026-04-26T03:30:31.666Z [INFO]: Main menu sent
2026-04-26T03:31:15.367Z [INFO]: Main menu sent
2026-04-26T03:31:31.674Z [INFO]: Main menu sent
2026-04-26T03:32:52.669Z [INFO]: Main menu sent
2026-04-26T03:33:05.228Z [INFO]: [QRIS][user-983263475-1777174133974] expected=5064 | transaksi(10)=5064@26/04/2026 10:30:02,10000@25/04/2026 23:35:16,10000@25/04/2026 22:31:16,13000@25/04/2026 20:01:41,50143@25/04/2026 14:18:12
2026-04-26T03:33:06.352Z [INFO]: Payment processed successfully for user-983263475-1777174133974
2026-04-26T03:33:18.888Z [INFO]: Main menu sent
2026-04-26T03:33:21.073Z [INFO]: create service menu sent
2026-04-26T03:34:51.840Z [INFO]: Account create sukses user 983263475, type: zivpn
2026-04-26T04:36:05.727Z [INFO]: Main menu sent
2026-04-26T04:36:20.601Z [INFO]: create service menu sent
2026-04-26T04:47:26.882Z [INFO]: Main menu sent
2026-04-26T05:06:53.750Z [WARN]: [BACKUP] Skip database.db karena file kosong (0 byte).
2026-04-26T05:06:53.751Z [INFO]: [BACKUP][Auto 24h] sent=3 missing=1 errors=0
2026-04-26T06:34:17.939Z [INFO]: Main menu sent
2026-04-26T09:24:15.502Z [INFO]: Main menu sent
2026-04-26T09:24:16.883Z [INFO]: create service menu sent
2026-04-26T09:24:31.013Z [INFO]: 🎁 Reward: User 7960158114 +2 Poin (29 hari)
2026-04-26T09:24:32.588Z [INFO]: Account create sukses user 7960158114, type: zivpn
2026-04-26T09:25:17.888Z [INFO]: Main menu sent
2026-04-26T10:12:11.720Z [INFO]: create service menu sent
2026-04-26T10:12:41.770Z [INFO]: Main menu sent
2026-04-26T10:12:43.679Z [INFO]: create service menu sent
2026-04-26T10:13:23.139Z [INFO]: Account create sukses user 7356578988, type: zivpn
2026-04-26T10:14:40.036Z [INFO]: Main menu sent
2026-04-26T10:14:46.447Z [INFO]: renew service menu sent
2026-04-26T10:15:18.389Z [INFO]: Main menu sent
2026-04-26T10:15:33.626Z [INFO]: renew service menu sent
2026-04-26T10:15:59.556Z [INFO]: Account renew sukses user 8035547823, type: vless
2026-04-26T11:36:58.278Z [INFO]: Main menu sent
2026-04-26T11:37:01.631Z [INFO]: create service menu sent
2026-04-26T11:39:11.500Z [INFO]: Account create sukses user 8246744834, type: ssh
2026-04-26T12:16:53.949Z [INFO]: Main menu sent
2026-04-26T12:26:35.787Z [INFO]: Main menu sent
2026-04-26T12:26:39.401Z [INFO]: create service menu sent
2026-04-26T12:27:03.973Z [INFO]: Main menu sent
2026-04-26T12:34:42.584Z [INFO]: Main menu sent
2026-04-26T12:34:45.125Z [INFO]: trial service menu sent
2026-04-26T12:34:49.681Z [INFO]: ✅ Trial zivpn dibuat oleh 8461801575
2026-04-26T12:36:09.881Z [INFO]: Main menu sent
2026-04-26T12:36:17.994Z [INFO]: trial service menu sent
2026-04-26T12:54:11.718Z [INFO]: Main menu sent
2026-04-26T12:54:13.066Z [INFO]: create service menu sent
2026-04-26T12:54:18.931Z [INFO]: Main menu sent
2026-04-26T12:56:00.163Z [INFO]: Main menu sent
2026-04-26T12:56:01.957Z [INFO]: trial service menu sent
2026-04-26T12:56:09.388Z [INFO]: ✅ Trial zivpn dibuat oleh 8461801575
2026-04-26T12:57:58.260Z [INFO]: create service menu sent
2026-04-26T12:58:18.888Z [INFO]: 🎁 Reward: User 7960158114 +2 Poin (29 hari)
2026-04-26T12:58:20.426Z [INFO]: Account create sukses user 7960158114, type: ssh
2026-04-26T13:22:47.033Z [INFO]: Main menu sent
2026-04-26T13:26:47.726Z [INFO]: Main menu sent
2026-04-26T13:27:03.232Z [INFO]: lock service menu sent
2026-04-26T13:27:37.011Z [INFO]: Main menu sent
2026-04-26T13:27:37.704Z [INFO]: Main menu sent
2026-04-26T13:27:37.768Z [INFO]: Main menu sent
2026-04-26T13:27:38.091Z [INFO]: Main menu sent
2026-04-26T13:27:38.108Z [INFO]: Main menu sent
2026-04-26T13:29:07.422Z [INFO]: Main menu sent
2026-04-26T13:30:14.261Z [INFO]: Main menu sent
2026-04-26T13:31:11.348Z [INFO]: Main menu sent
2026-04-26T13:35:42.195Z [INFO]: Main menu sent
2026-04-26T16:19:24.916Z [INFO]: Main menu sent
2026-04-26T16:19:33.823Z [INFO]: create service menu sent
2026-04-26T16:20:10.728Z [INFO]: 🎁 Reward: User 7960158114 +2 Poin (29 hari)
2026-04-26T16:20:12.246Z [INFO]: Account create sukses user 7960158114, type: vmess
2026-04-26T20:22:05.052Z [INFO]: Main menu sent
2026-04-26T21:01:09.070Z [INFO]: Main menu sent
2026-04-26T21:01:18.136Z [INFO]: create service menu sent
2026-04-26T21:01:47.212Z [INFO]: Main menu sent
2026-04-26T21:50:16.427Z [INFO]: Main menu sent
2026-04-26T21:51:00.599Z [INFO]: Main menu sent
2026-04-26T21:51:28.726Z [INFO]: Main menu sent
2026-04-26T21:51:54.561Z [INFO]: Main menu sent
2026-04-26T21:51:57.626Z [INFO]: create service menu sent
2026-04-26T21:52:19.537Z [INFO]: Main menu sent
2026-04-26T21:52:21.857Z [INFO]: 🔍 User 7570184058 memulai proses top-up saldo.
2026-04-26T21:52:22.223Z [INFO]: 🔍 Reseller 7570184058 diminta untuk memasukkan jumlah nominal saldo (keypad).
2026-04-26T21:52:37.377Z [INFO]: [QRIS][user-7570184058-1777240353848] expected=50201 | transaksi(9)=10000@26/04/2026 23:00:04,10000@26/04/2026 19:48:22,5064@26/04/2026 10:30:02,10000@25/04/2026 23:35:16,10000@25/04/2026 22:31:16
2026-04-26T21:53:07.387Z [WARN]: [QRIS] Tidak ada transaksi terbaca dari API. Preview: 📤 Output: 0 dari 0 (filter: masuk) Tidak ada data mutasi.
2026-04-26T21:56:07.373Z [INFO]: [QRIS][user-7570184058-1777240353848] expected=50201 | transaksi(9)=50201@27/04/2026 04:53:03,10000@26/04/2026 23:00:04,10000@26/04/2026 19:48:22,5064@26/04/2026 10:30:02,10000@25/04/2026 23:35:16
2026-04-26T21:56:08.128Z [INFO]: Payment processed successfully for user-7570184058-1777240353848
2026-04-26T23:42:10.050Z [INFO]: Main menu sent
2026-04-26T23:44:09.870Z [INFO]: Main menu sent
2026-04-26T23:44:13.905Z [INFO]: create service menu sent
2026-04-26T23:44:18.569Z [INFO]: Main menu sent
2026-04-26T23:50:29.317Z [INFO]: Bot initialized
2026-04-26T23:50:29.325Z [INFO]: User state initialized
2026-04-26T23:50:29.330Z [INFO]: [AUTOBACKUP] Aktif setiap 24 jam.
2026-04-26T23:50:29.427Z [INFO]: Terhubung ke SQLite3
2026-04-26T23:50:29.443Z [INFO]: Server table ready
2026-04-26T23:50:29.444Z [INFO]: Transactions table ready
2026-04-26T23:50:29.445Z [INFO]: Table user_accounts ready
2026-04-26T23:50:29.446Z [INFO]: Add IP price loaded from DB: 2000
2026-04-26T23:50:29.447Z [INFO]: Pending deposit loaded:
2026-04-26T23:50:30.195Z [INFO]: Admin username detected: @xyztunnn
2026-04-26T23:50:30.613Z [INFO]: ✅ [SYSTEM] Logo QRIS berhasil disimpan di memori.
2026-04-26T23:50:31.573Z [INFO]: Main menu sent
2026-04-26T23:50:48.284Z [INFO]: Main menu sent
2026-04-26T23:51:03.607Z [WARN]: [BACKUP] Skip database.db karena file kosong (0 byte).
2026-04-26T23:51:03.608Z [INFO]: [BACKUP][Auto (startup)] sent=3 missing=1 errors=0
2026-04-26T23:51:41.651Z [INFO]: Main menu sent
2026-04-27T00:56:31.372Z [INFO]: Main menu sent
2026-04-27T00:56:41.568Z [INFO]: create service menu sent
2026-04-27T01:15:13.619Z [INFO]: Main menu sent
2026-04-27T01:49:09.753Z [INFO]: Main menu sent
2026-04-27T01:49:16.331Z [INFO]: 🔍 User 1417954258 memulai proses top-up saldo.
2026-04-27T01:50:09.631Z [WARN]: [QRIS] Tidak ada transaksi terbaca dari API. Preview: 📤 Output: 0 dari 0 (filter: masuk) Tidak ada data mutasi.
2026-04-27T01:53:19.716Z [INFO]: [QRIS][user-1417954258-1777254603329] expected=2036 | transaksi(9)=2036@27/04/2026 08:50:39,50201@27/04/2026 04:53:03,10000@26/04/2026 23:00:04,10000@26/04/2026 19:48:22,5064@26/04/2026 10:30:02
2026-04-27T01:53:20.951Z [INFO]: Payment processed successfully for user-1417954258-1777254603329
2026-04-27T01:53:42.264Z [INFO]: Main menu sent
2026-04-27T01:53:44.148Z [INFO]: trial service menu sent
2026-04-27T01:53:49.584Z [INFO]: ✅ Trial ssh dibuat oleh 1417954258
2026-04-27T01:54:52.706Z [INFO]: Main menu sent
2026-04-27T01:54:54.923Z [INFO]: create service menu sent
2026-04-27T01:55:20.316Z [INFO]: Account create sukses user 1417954258, type: ssh
2026-04-27T05:28:57.076Z [INFO]: Bot initialized
2026-04-27T05:28:57.084Z [INFO]: User state initialized
2026-04-27T05:28:57.088Z [INFO]: [AUTOBACKUP] Aktif setiap 24 jam.
2026-04-27T05:28:57.179Z [INFO]: Terhubung ke SQLite3
2026-04-27T05:28:57.189Z [INFO]: Server table ready
2026-04-27T05:28:57.191Z [INFO]: Transactions table ready
2026-04-27T05:28:57.192Z [INFO]: Table user_accounts ready
2026-04-27T05:28:57.193Z [INFO]: Add IP price loaded from DB: 2000
2026-04-27T05:28:57.193Z [INFO]: Pending deposit loaded:
2026-04-27T05:28:57.917Z [INFO]: Admin username detected: @xyztunnn
2026-04-27T05:28:57.972Z [INFO]: ✅ [SYSTEM] Logo QRIS berhasil disimpan di memori.
2026-04-27T05:29:11.048Z [INFO]: Main menu sent
2026-04-27T05:29:30.333Z [WARN]: [BACKUP] Skip database.db karena file kosong (0 byte).
2026-04-27T05:29:30.334Z [INFO]: [BACKUP][Auto (startup)] sent=3 missing=1 errors=0
2026-04-27T08:05:01.453Z [INFO]: Main menu sent
2026-04-27T09:57:46.447Z [INFO]: Main menu sent
2026-04-27T09:58:04.203Z [INFO]: renew service menu sent
2026-04-27T09:58:23.357Z [INFO]: 🎁 Reward: User 7960158114 +1 Poin (7 hari)
2026-04-27T09:58:24.466Z [INFO]: Account renew sukses user 7960158114, type: vmess
2026-04-27T10:27:28.278Z [INFO]: Main menu sent
2026-04-27T12:10:37.226Z [INFO]: Main menu sent
2026-04-27T12:10:58.615Z [INFO]: create service menu sent
2026-04-27T12:11:07.835Z [INFO]: Main menu sent
2026-04-27T12:29:45.375Z [INFO]: create service menu sent
2026-04-27T12:29:59.199Z [INFO]: 🎁 Reward: User 7960158114 +2 Poin (29 hari)
2026-04-27T12:30:00.676Z [INFO]: Account create sukses user 7960158114, type: zivpn
2026-04-27T14:11:11.290Z [INFO]: Main menu sent
2026-04-27T14:11:30.642Z [INFO]: create service menu sent
2026-04-27T14:11:55.096Z [INFO]: Main menu sent
2026-04-27T14:12:00.086Z [INFO]: 🔍 User 5320480935 memulai proses top-up saldo.
2026-04-27T14:12:08.084Z [INFO]: [QRIS][user-5320480935-1777299124935] expected=10032 | transaksi(9)=10000@27/04/2026 19:23:25,2036@27/04/2026 08:50:39,50201@27/04/2026 04:53:03,10000@26/04/2026 23:00:04,10000@26/04/2026 19:48:22
2026-04-27T14:13:17.892Z [WARN]: [QRIS] Tidak ada transaksi terbaca dari API. Preview: 📤 Output: 0 dari 0 (filter: masuk) Tidak ada data mutasi.
2026-04-27T14:13:48.177Z [INFO]: [QRIS][user-5320480935-1777299124935] expected=10032 | transaksi(9)=10032@27/04/2026 21:13:33,10000@27/04/2026 19:23:25,2036@27/04/2026 08:50:39,50201@27/04/2026 04:53:03,10000@26/04/2026 23:00:04
2026-04-27T14:13:48.915Z [INFO]: Payment processed successfully for user-5320480935-1777299124935
2026-04-27T14:13:51.866Z [INFO]: Main menu sent
2026-04-27T14:13:54.244Z [INFO]: create service menu sent
2026-04-27T14:14:31.739Z [ERROR]: Transaksi gagal user 5320480935 (create): ❌  respons error:
request timeout ke server panel.
2026-04-27T14:15:35.834Z [ERROR]: Transaksi gagal user 5320480935 (create): ❌  respons error:
request timeout ke server panel.
2026-04-27T14:16:11.725Z [ERROR]: Transaksi gagal user 5320480935 (create): ❌  username akun sudah di gunakan
masukan username baru!
2026-04-27T14:16:47.546Z [INFO]: Account create sukses user 5320480935, type: trojan
2026-04-27T19:23:32.224Z [INFO]: Main menu sent
2026-04-27T19:23:36.977Z [INFO]: renew service menu sent
2026-04-27T19:23:59.861Z [ERROR]: Transaksi gagal user 6380781342 (renew): ❌ respons error:
client kelo not exists, try another name
2026-04-27T19:24:08.574Z [INFO]: Main menu sent
2026-04-27T19:24:11.691Z [INFO]: create service menu sent
2026-04-27T19:24:34.828Z [INFO]: Account create sukses user 6380781342, type: ssh
2026-04-27T20:32:48.722Z [INFO]: Main menu sent
2026-04-27T20:32:54.271Z [INFO]: create service menu sent
2026-04-27T20:33:30.263Z [INFO]: 🎁 Reward: User 7570184058 +2 Poin (31 hari)
2026-04-27T20:33:31.713Z [INFO]: Account create sukses user 7570184058, type: zivpn
2026-04-27T20:33:50.636Z [INFO]: 🎁 Reward: User 7570184058 +2 Poin (31 hari)
2026-04-27T20:33:51.739Z [INFO]: Account create sukses user 7570184058, type: zivpn
2026-04-27T20:34:23.955Z [INFO]: 🎁 Reward: User 7570184058 +2 Poin (31 hari)
2026-04-27T20:34:25.052Z [INFO]: Account create sukses user 7570184058, type: zivpn
2026-04-27T20:34:50.620Z [INFO]: 🎁 Reward: User 7570184058 +2 Poin (31 hari)
2026-04-27T20:34:51.715Z [INFO]: Account create sukses user 7570184058, type: zivpn
2026-04-27T21:20:08.807Z [INFO]: Main menu sent
2026-04-27T23:40:00.587Z [INFO]: Main menu sent
2026-04-27T23:40:13.710Z [INFO]: create service menu sent
2026-04-27T23:40:56.520Z [INFO]: Main menu sent
2026-04-27T23:41:27.736Z [INFO]: Main menu sent
2026-04-27T23:46:41.755Z [INFO]: Admin menu requested
2026-04-27T23:46:42.284Z [INFO]: Admin menu sent as new message
2026-04-27T23:46:47.134Z [INFO]: Admin 7768199065 mengecek saldo user 7570184058: Rp51366
2026-04-27T23:47:13.059Z [INFO]: Admin 7768199065 menghapus saldo user 7570184058 dari Rp51366 menjadi Rp0.
2026-04-27T23:47:19.025Z [INFO]: Add saldo user process started (manual input ID)
2026-04-27T23:47:31.757Z [INFO]: Admin 7768199065 menambah saldo Rp41366 ke user 7570184058 (Saldo akhir: Rp41366).
2026-04-28T02:45:39.785Z [INFO]: Main menu sent
2026-04-28T02:45:50.114Z [INFO]: Main menu sent
2026-04-28T02:45:53.510Z [INFO]: create service menu sent
2026-04-28T02:46:39.011Z [INFO]: Main menu sent
2026-04-28T02:46:43.487Z [INFO]: 🔍 User 7865684765 memulai proses top-up saldo.
2026-04-28T02:47:09.207Z [INFO]: [QRIS][user-7865684765-1777344422745] expected=6255 | transaksi(9)=10032@27/04/2026 21:13:33,10000@27/04/2026 19:23:25,2036@27/04/2026 08:50:39,50201@27/04/2026 04:53:03,10000@26/04/2026 23:00:04
2026-04-28T02:47:49.184Z [INFO]: [QRIS][user-7865684765-1777344422745] expected=6255 | transaksi(9)=6255@28/04/2026 09:47:42,10032@27/04/2026 21:13:33,10000@27/04/2026 19:23:25,2036@27/04/2026 08:50:39,50201@27/04/2026 04:53:03
2026-04-28T02:47:49.890Z [INFO]: Payment processed successfully for user-7865684765-1777344422745
2026-04-28T02:47:58.916Z [INFO]: Main menu sent
2026-04-28T02:48:02.549Z [INFO]: create service menu sent
2026-04-28T02:48:31.637Z [INFO]: Account create sukses user 7865684765, type: zivpn
2026-04-28T03:05:48.800Z [INFO]: Main menu sent
2026-04-28T03:05:54.180Z [INFO]: create service menu sent
2026-04-28T03:29:12.265Z [INFO]: Main menu sent
2026-04-28T03:29:15.377Z [INFO]: create service menu sent
2026-04-28T03:29:36.104Z [INFO]: Main menu sent
2026-04-28T03:35:14.309Z [INFO]: Main menu sent
2026-04-28T03:35:32.769Z [INFO]: Main menu sent
2026-04-28T03:35:36.104Z [INFO]: create service menu sent
2026-04-28T04:04:06.331Z [INFO]: Main menu sent
2026-04-28T05:01:26.437Z [INFO]: Main menu sent
2026-04-28T05:01:28.517Z [INFO]: create service menu sent
2026-04-28T05:01:36.870Z [INFO]: Main menu sent
2026-04-28T05:03:14.686Z [INFO]: 🔍 User 983263475 memulai proses top-up saldo.
2026-04-28T05:03:59.517Z [INFO]: [QRIS][user-983263475-1777352628452] expected=2087 | transaksi(9)=6255@28/04/2026 09:47:42,10032@27/04/2026 21:13:33,10000@27/04/2026 19:23:25,2036@27/04/2026 08:50:39,50201@27/04/2026 04:53:03
2026-04-28T05:04:39.371Z [INFO]: [QRIS][user-983263475-1777352628452] expected=2087 | transaksi(9)=2087@28/04/2026 12:04:29,6255@28/04/2026 09:47:42,10032@27/04/2026 21:13:33,10000@27/04/2026 19:23:25,2036@27/04/2026 08:50:39
2026-04-28T05:04:40.156Z [INFO]: Payment processed successfully for user-983263475-1777352628452
2026-04-28T05:04:47.241Z [INFO]: Main menu sent
2026-04-28T05:04:49.591Z [INFO]: 🔍 User 983263475 memulai proses top-up saldo.
2026-04-28T05:04:54.633Z [INFO]: Main menu sent
2026-04-28T05:04:57.803Z [INFO]: trial service menu sent
2026-04-28T05:05:13.595Z [INFO]: ✅ Trial zivpn dibuat oleh 983263475
2026-04-28T05:29:00.807Z [WARN]: [BACKUP] Skip database.db karena file kosong (0 byte).
2026-04-28T05:29:00.807Z [INFO]: [BACKUP][Auto 24h] sent=3 missing=1 errors=0
2026-04-28T05:42:14.626Z [INFO]: Main menu sent
2026-04-28T05:42:20.615Z [INFO]: del service menu sent
2026-04-28T05:42:28.220Z [INFO]: Main menu sent
2026-04-28T05:43:01.566Z [INFO]: Main menu sent
2026-04-28T05:43:07.671Z [INFO]: del service menu sent
2026-04-28T05:51:37.186Z [INFO]: Main menu sent
2026-04-28T05:51:49.917Z [INFO]: del service menu sent
2026-04-28T05:51:55.313Z [INFO]: Main menu sent
2026-04-28T05:53:56.808Z [INFO]: Main menu sent
2026-04-28T06:04:44.728Z [INFO]: Main menu sent
2026-04-28T06:06:41.133Z [INFO]: Main menu sent
2026-04-28T06:06:57.651Z [INFO]: create service menu sent
2026-04-28T06:07:37.718Z [INFO]: Main menu sent
2026-04-28T06:07:39.649Z [ERROR]: Transaksi gagal user 6717605132 (create): ❌  response server tidak valid
2026-04-28T06:07:40.136Z [INFO]: trial service menu sent
2026-04-28T06:07:45.294Z [INFO]: ✅ Trial zivpn dibuat oleh 6717605132
2026-04-28T06:09:14.781Z [ERROR]: Error saat memulai bot: Promise timed out after 90000 milliseconds
2026-04-28T06:09:17.421Z [ERROR]: Transaksi gagal user 6717605132 (create): ❌  response server tidak valid
2026-04-28T10:17:04.902Z [INFO]: Bot initialized
2026-04-28T10:17:04.909Z [INFO]: User state initialized
2026-04-28T10:17:04.913Z [INFO]: [AUTOBACKUP] Aktif setiap 24 jam.
2026-04-28T10:17:05.000Z [INFO]: Terhubung ke SQLite3
2026-04-28T10:17:05.010Z [INFO]: Server table ready
2026-04-28T10:17:05.011Z [INFO]: Transactions table ready
2026-04-28T10:17:05.012Z [INFO]: Table user_accounts ready
2026-04-28T10:17:05.012Z [INFO]: Add IP price loaded from DB: 2000
2026-04-28T10:17:05.013Z [INFO]: Pending deposit loaded:
2026-04-28T10:17:05.854Z [INFO]: Admin username detected: @xyztunnn
2026-04-28T10:17:06.057Z [INFO]: ✅ [SYSTEM] Logo QRIS berhasil disimpan di memori.
2026-04-28T10:17:32.522Z [INFO]: Main menu sent
2026-04-28T10:17:36.389Z [INFO]: create service menu sent
2026-04-28T10:17:38.109Z [WARN]: [BACKUP] Skip database.db karena file kosong (0 byte).
2026-04-28T10:17:38.110Z [INFO]: [BACKUP][Auto (startup)] sent=3 missing=1 errors=0
2026-04-28T10:25:07.803Z [INFO]: Main menu sent
2026-04-28T10:27:13.603Z [ERROR]: Transaksi gagal user 8629869896 (create): ❌  response server tidak valid
2026-04-28T10:30:14.968Z [ERROR]: Transaksi gagal user 8629869896 (create): ❌  response server tidak valid
2026-04-28T10:30:45.218Z [INFO]: Main menu sent
2026-04-28T10:32:25.900Z [INFO]: lock service menu sent
2026-04-28T10:32:51.776Z [INFO]: Main menu sent
2026-04-28T10:32:56.844Z [INFO]: del service menu sent
2026-04-28T10:33:45.194Z [ERROR]: Transaksi gagal user 8629869896 (create): ❌  response server tidak valid
2026-04-28T10:34:27.364Z [INFO]: Main menu sent
2026-04-28T10:34:33.175Z [INFO]: create service menu sent
2026-04-28T10:34:50.458Z [INFO]: Main menu sent
2026-04-28T10:35:01.853Z [INFO]: trial service menu sent
2026-04-28T10:35:13.603Z [INFO]: ✅ Trial zivpn dibuat oleh 8629869896
2026-04-28T10:36:43.065Z [ERROR]: Error saat memulai bot: Promise timed out after 90000 milliseconds
2026-04-28T11:19:14.524Z [INFO]: Bot initialized
2026-04-28T11:19:14.557Z [INFO]: User state initialized
2026-04-28T11:19:14.560Z [INFO]: [AUTOBACKUP] Aktif setiap 24 jam.
2026-04-28T11:19:14.625Z [INFO]: Terhubung ke SQLite3
2026-04-28T11:19:14.660Z [INFO]: Server table ready
2026-04-28T11:19:14.661Z [INFO]: Transactions table ready
2026-04-28T11:19:14.662Z [INFO]: Table user_accounts ready
2026-04-28T11:19:14.662Z [INFO]: Add IP price loaded from DB: 2000
2026-04-28T11:19:14.663Z [INFO]: Pending deposit loaded:
2026-04-28T11:19:15.395Z [INFO]: Admin username detected: @xyztunnn
2026-04-28T11:19:16.382Z [INFO]: ✅ [SYSTEM] Logo QRIS berhasil disimpan di memori.
2026-04-28T11:19:19.574Z [INFO]: Main menu sent
2026-04-28T11:19:25.987Z [INFO]: Main menu sent
2026-04-28T11:19:26.746Z [INFO]: create service menu sent
2026-04-28T11:19:47.964Z [WARN]: [BACKUP] Skip database.db karena file kosong (0 byte).
2026-04-28T11:19:47.965Z [INFO]: [BACKUP][Auto (startup)] sent=3 missing=1 errors=0
2026-04-28T11:19:58.523Z [INFO]: Main menu sent
2026-04-28T11:21:52.667Z [ERROR]: Transaksi gagal user 7768199065 (create): ❌  response server tidak valid
2026-04-28T11:22:18.949Z [INFO]: Main menu sent
2026-04-28T11:22:20.466Z [INFO]: trial service menu sent
2026-04-28T11:22:23.823Z [INFO]: ✅ Trial zivpn dibuat oleh 7768199065
2026-04-28T11:22:48.703Z [INFO]: Main menu sent
2026-04-28T11:22:52.211Z [INFO]: create service menu sent
2026-04-28T11:23:34.137Z [INFO]: Main menu sent
2026-04-28T11:23:40.237Z [INFO]: create service menu sent
2026-04-28T11:24:30.892Z [INFO]: 🎁 Reward: User 8629869896 +2 Poin (30 hari)
2026-04-28T11:24:32.013Z [INFO]: Account create sukses user 8629869896, type: zivpn
2026-04-28T11:24:34.500Z [INFO]: Main menu sent
2026-04-28T11:24:35.094Z [INFO]: create service menu sent
2026-04-28T11:24:55.038Z [INFO]: Account create sukses user 7768199065, type: zivpn
2026-04-28T11:25:19.469Z [INFO]: Account create sukses user 7768199065, type: zivpn
2026-04-28T11:25:33.964Z [INFO]: Account create sukses user 7768199065, type: zivpn
2026-04-28T11:25:40.324Z [INFO]: Main menu sent
2026-04-28T11:25:41.091Z [INFO]: create service menu sent
2026-04-28T11:25:56.108Z [INFO]: Account create sukses user 7768199065, type: zivpn
2026-04-28T11:45:44.425Z [INFO]: Main menu sent
2026-04-28T11:45:48.425Z [INFO]: create service menu sent
2026-04-28T11:46:08.545Z [INFO]: 🎁 Reward: User 7960158114 +2 Poin (29 hari)
2026-04-28T11:46:10.059Z [INFO]: Account create sukses user 7960158114, type: zivpn
2026-04-28T11:58:13.703Z [INFO]: Main menu sent
2026-04-28T12:22:48.896Z [INFO]: Main menu sent
2026-04-28T12:38:07.573Z [INFO]: Main menu sent
2026-04-28T12:43:59.571Z [INFO]: Main menu sent
2026-04-28T12:45:30.228Z [INFO]: Main menu sent
2026-04-28T12:45:55.362Z [INFO]: Main menu sent
2026-04-28T12:46:04.332Z [INFO]: lock service menu sent
2026-04-28T12:46:41.841Z [INFO]: Main menu sent
2026-04-28T12:47:01.227Z [INFO]: renew service menu sent
2026-04-28T12:47:37.493Z [INFO]: Main menu sent
2026-04-28T12:47:50.841Z [INFO]: renew service menu sent
2026-04-28T12:47:59.897Z [INFO]: Main menu sent
2026-04-28T12:48:34.202Z [INFO]: del service menu sent
2026-04-28T12:48:57.142Z [INFO]: Main menu sent
2026-04-28T12:53:13.335Z [INFO]: renew service menu sent
2026-04-28T12:54:48.233Z [INFO]: Main menu sent
2026-04-28T12:54:54.542Z [INFO]: create service menu sent
2026-04-28T12:55:56.976Z [INFO]: Account create sukses user 328922489, type: zivpn
2026-04-28T12:59:59.948Z [ERROR]: Transaksi gagal user 8629869896 (renew): ❌ format respon dari server tidak valid.
2026-04-28T13:00:37.754Z [INFO]: Main menu sent
2026-04-28T13:02:10.500Z [INFO]: Main menu sent
2026-04-28T13:03:07.946Z [INFO]: Main menu sent
2026-04-28T13:05:45.102Z [INFO]: Main menu sent
2026-04-28T13:05:48.558Z [INFO]: create service menu sent
2026-04-28T13:05:55.469Z [INFO]: Main menu sent
2026-04-28T13:05:57.406Z [INFO]: 🔍 User 8246744834 memulai proses top-up saldo.
2026-04-28T13:06:14.937Z [INFO]: [QRIS][user-8246744834-1777381565135] expected=2013 | transaksi(10)=10000@28/04/2026 19:49:27,10000@28/04/2026 15:28:47,2087@28/04/2026 12:04:29,6255@28/04/2026 09:47:42,10032@27/04/2026 21:13:33
2026-04-28T13:06:54.865Z [INFO]: [QRIS][user-8246744834-1777381565135] expected=2013 | transaksi(10)=2013@28/04/2026 20:06:43,10000@28/04/2026 19:49:27,10000@28/04/2026 15:28:47,2087@28/04/2026 12:04:29,6255@28/04/2026 09:47:42
2026-04-28T13:06:55.587Z [INFO]: Payment processed successfully for user-8246744834-1777381565135
2026-04-28T13:06:57.794Z [INFO]: Main menu sent
2026-04-28T13:07:01.187Z [INFO]: create service menu sent
2026-04-28T13:07:28.596Z [ERROR]: Transaksi gagal user 8246744834 (create): ❌  format respon dari server tidak valid.
2026-04-28T13:07:39.031Z [INFO]: Main menu sent
2026-04-28T13:07:40.362Z [INFO]: create service menu sent
2026-04-28T13:07:56.079Z [ERROR]: Transaksi gagal user 8246744834 (create): ❌  format respon dari server tidak valid.
2026-04-28T13:08:12.689Z [ERROR]: Transaksi gagal user 7960158114 (create): ❌  format respon dari server tidak valid.
2026-04-28T13:08:13.824Z [INFO]: Main menu sent
2026-04-28T13:08:15.718Z [INFO]: create service menu sent
2026-04-28T13:08:19.938Z [INFO]: Main menu sent
2026-04-28T13:08:32.611Z [INFO]: Main menu sent
2026-04-28T13:08:44.048Z [INFO]: Main menu sent
2026-04-28T13:08:48.054Z [INFO]: renew service menu sent
2026-04-28T13:08:54.863Z [INFO]: 🎁 Reward: User 7960158114 +2 Poin (29 hari)
2026-04-28T13:08:56.350Z [INFO]: Account create sukses user 7960158114, type: ssh
2026-04-28T13:09:10.825Z [ERROR]: Transaksi gagal user 8246744834 (renew): ❌ respons error:
client anunya not exists, try another name
2026-04-28T13:09:18.554Z [INFO]: Main menu sent
2026-04-28T13:09:35.072Z [INFO]: Main menu sent
2026-04-28T13:09:39.755Z [INFO]: renew service menu sent
2026-04-28T13:09:57.427Z [ERROR]: Transaksi gagal user 8246744834 (renew): ❌ respons error:
client anunyaanu not exists, try another name
2026-04-28T13:10:05.427Z [INFO]: Main menu sent
2026-04-28T13:10:17.834Z [ERROR]: Transaksi gagal user 8246744834 (renew): ❌ respons error:
client anunyaanu not exists, try another name
2026-04-28T13:10:32.714Z [INFO]: Main menu sent
2026-04-28T13:10:44.660Z [INFO]: create service menu sent
2026-04-28T13:11:07.309Z [INFO]: Account create sukses user 8246744834, type: ssh
2026-04-28T13:21:10.018Z [INFO]: Main menu sent
2026-04-28T13:21:11.444Z [INFO]: create service menu sent
2026-04-28T13:21:52.308Z [INFO]: 🎁 Reward: User 7960158114 +2 Poin (29 hari)
2026-04-28T13:21:53.414Z [INFO]: Account create sukses user 7960158114, type: zivpn
2026-04-28T13:47:43.002Z [INFO]: Main menu sent
2026-04-28T14:22:05.173Z [INFO]: Main menu sent
2026-04-28T14:22:14.182Z [INFO]: create service menu sent
2026-04-28T14:22:58.302Z [INFO]: Main menu sent
2026-04-28T14:23:02.537Z [INFO]: trial service menu sent
2026-04-28T14:23:09.120Z [INFO]: ✅ Trial zivpn dibuat oleh 8265166965
2026-04-28T14:43:56.171Z [INFO]: Main menu sent
2026-04-28T15:42:41.513Z [INFO]: Main menu sent
2026-04-28T15:42:43.755Z [INFO]: create service menu sent
2026-04-29T00:02:15.988Z [INFO]: Main menu sent
2026-04-29T00:02:19.755Z [INFO]: create service menu sent
2026-04-29T00:02:38.572Z [ERROR]: Transaksi gagal user 1377629179 (create): ❌  username akun sudah di gunakan
masukan username baru!
2026-04-29T00:38:27.835Z [INFO]: Main menu sent
2026-04-29T00:38:30.417Z [INFO]: del service menu sent
2026-04-29T00:38:33.757Z [INFO]: Main menu sent
2026-04-29T00:38:50.019Z [INFO]: del service menu sent
2026-04-29T00:38:57.482Z [INFO]: ✅ Akun vmess dihapus oleh 7960158114. Refund: 0
2026-04-29T00:39:36.020Z [INFO]: ✅ Akun vmess dihapus oleh 7960158114. Refund: 5200
2026-04-29T00:39:48.553Z [INFO]: Main menu sent
2026-04-29T00:39:49.896Z [INFO]: create service menu sent
2026-04-29T00:40:10.981Z [INFO]: 🎁 Reward: User 7960158114 +2 Poin (26 hari)
2026-04-29T00:40:12.474Z [INFO]: Account create sukses user 7960158114, type: ssh
2026-04-29T00:40:16.961Z [INFO]: Main menu sent
2026-04-29T00:54:24.346Z [INFO]: Main menu sent
2026-04-29T01:50:05.129Z [INFO]: Main menu sent
2026-04-29T01:57:03.129Z [INFO]: Main menu sent
2026-04-29T01:57:13.139Z [INFO]: create service menu sent
2026-04-29T01:58:22.973Z [INFO]: Main menu sent
2026-04-29T01:58:27.814Z [INFO]: 🔍 User 6717605132 memulai proses top-up saldo.
2026-04-29T01:58:46.084Z [INFO]: [QRIS][user-6717605132-1777427920938] expected=4078 | transaksi(10)=2013@28/04/2026 20:06:43,10000@28/04/2026 19:49:27,10000@28/04/2026 15:28:47,2087@28/04/2026 12:04:29,6255@28/04/2026 09:47:42
2026-04-29T01:58:55.976Z [WARN]: [QRIS] Tidak ada transaksi terbaca dari API. Preview: 📤 Output: 0 dari 0 (filter: masuk) Tidak ada data mutasi.
2026-04-29T01:59:05.968Z [INFO]: [QRIS][user-6717605132-1777427920938] expected=4078 | transaksi(10)=2013@28/04/2026 20:06:43,10000@28/04/2026 19:49:27,10000@28/04/2026 15:28:47,2087@28/04/2026 12:04:29,6255@28/04/2026 09:47:42
2026-04-29T01:59:15.978Z [WARN]: [QRIS] Tidak ada transaksi terbaca dari API. Preview: 📤 Output: 0 dari 0 (filter: masuk) Tidak ada data mutasi.
2026-04-29T01:59:25.986Z [INFO]: [QRIS][user-6717605132-1777427920938] expected=4078 | transaksi(10)=2013@28/04/2026 20:06:43,10000@28/04/2026 19:49:27,10000@28/04/2026 15:28:47,2087@28/04/2026 12:04:29,6255@28/04/2026 09:47:42
2026-04-29T02:00:25.969Z [WARN]: [QRIS] Tidak ada transaksi terbaca dari API. Preview: 📤 Output: 0 dari 0 (filter: masuk) Tidak ada data mutasi.
2026-04-29T02:00:35.993Z [INFO]: [QRIS][user-6717605132-1777427920938] expected=4078 | transaksi(10)=2013@28/04/2026 20:06:43,10000@28/04/2026 19:49:27,10000@28/04/2026 15:28:47,2087@28/04/2026 12:04:29,6255@28/04/2026 09:47:42
2026-04-29T02:00:46.030Z [WARN]: [QRIS] Tidak ada transaksi terbaca dari API. Preview: 📤 Output: 0 dari 0 (filter: masuk) Tidak ada data mutasi.
2026-04-29T02:01:15.991Z [INFO]: [QRIS][user-6717605132-1777427920938] expected=4078 | transaksi(10)=4078@29/04/2026 09:00:56,2013@28/04/2026 20:06:43,10000@28/04/2026 19:49:27,10000@28/04/2026 15:28:47,2087@28/04/2026 12:04:29
2026-04-29T02:01:16.711Z [INFO]: Payment processed successfully for user-6717605132-1777427920938
2026-04-29T02:01:43.844Z [INFO]: Account create sukses user 6717605132, type: zivpn
2026-04-29T02:09:04.012Z [INFO]: Main menu sent
2026-04-29T02:52:50.678Z [INFO]: Main menu sent
2026-04-29T02:52:58.890Z [INFO]: create service menu sent
2026-04-29T02:56:15.150Z [INFO]: Main menu sent
2026-04-29T02:56:19.285Z [INFO]: trial service menu sent
2026-04-29T02:56:24.841Z [INFO]: ✅ Trial ssh dibuat oleh 810564575
2026-04-29T04:09:57.449Z [INFO]: Main menu sent
2026-04-29T04:27:15.888Z [INFO]: Main menu sent
2026-04-29T04:27:18.927Z [INFO]: create service menu sent
2026-04-29T05:12:18.855Z [INFO]: Main menu sent
2026-04-29T05:12:20.292Z [INFO]: create service menu sent
2026-04-29T05:12:30.981Z [INFO]: create service menu sent
2026-04-29T05:12:46.926Z [INFO]: Account create sukses user 7768199065, type: zivpn
2026-04-29T06:02:20.220Z [ERROR]: Error saat memulai bot: 409: Conflict: terminated by other getUpdates request; make sure that only one bot instance is running
2026-04-29T06:25:38.383Z [INFO]: Bot initialized
2026-04-29T06:25:38.390Z [INFO]: User state initialized
2026-04-29T06:25:38.393Z [INFO]: [AUTOBACKUP] Aktif setiap 24 jam.
2026-04-29T06:25:38.486Z [INFO]: Terhubung ke SQLite3
2026-04-29T06:25:38.503Z [INFO]: Server table ready
2026-04-29T06:25:38.505Z [INFO]: Transactions table ready
2026-04-29T06:25:38.505Z [INFO]: Table user_accounts ready
2026-04-29T06:25:38.506Z [INFO]: Add IP price loaded from DB: 2000
2026-04-29T06:25:38.506Z [INFO]: Pending deposit loaded:
2026-04-29T06:25:39.223Z [INFO]: Admin username detected: @xyztunnn
2026-04-29T06:25:39.326Z [INFO]: ✅ [SYSTEM] Logo QRIS berhasil disimpan di memori.
2026-04-29T06:26:11.780Z [WARN]: [BACKUP] Skip database.db karena file kosong (0 byte).
2026-04-29T06:26:11.781Z [INFO]: [BACKUP][Auto (startup)] sent=3 missing=1 errors=0
2026-04-29T07:01:27.442Z [INFO]: Main menu sent
2026-04-29T07:30:25.882Z [INFO]: Main menu sent
2026-04-29T07:44:42.945Z [INFO]: Main menu sent
2026-04-29T08:07:38.871Z [INFO]: Main menu sent
2026-04-29T08:07:40.742Z [INFO]: create service menu sent
2026-04-29T08:09:03.574Z [INFO]: 🎁 Reward: User 7570184058 +2 Poin (31 hari)
2026-04-29T08:09:05.032Z [INFO]: Account create sukses user 7570184058, type: zivpn
2026-04-29T08:09:21.031Z [INFO]: 🎁 Reward: User 7570184058 +2 Poin (31 hari)
2026-04-29T08:09:22.122Z [INFO]: Account create sukses user 7570184058, type: zivpn
2026-04-29T08:26:12.049Z [INFO]: Main menu sent
2026-04-29T08:26:22.296Z [INFO]: create service menu sent
2026-04-29T10:19:58.378Z [INFO]: Main menu sent
2026-04-29T10:20:23.194Z [INFO]: create service menu sent
2026-04-29T11:21:37.116Z [INFO]: Main menu sent
2026-04-29T11:57:48.530Z [INFO]: Main menu sent
2026-04-29T11:58:13.310Z [INFO]: Main menu sent
2026-04-29T11:58:16.957Z [INFO]: renew service menu sent
2026-04-29T11:58:31.222Z [ERROR]: Transaksi gagal user 8246744834 (renew): ❌ respons error:
client fishhy not exists, try another name
2026-04-29T11:58:38.133Z [INFO]: Main menu sent
2026-04-29T11:58:52.458Z [INFO]: Account renew sukses user 8246744834, type: ssh
2026-04-29T12:13:39.927Z [INFO]: trial service menu sent
2026-04-29T12:13:50.601Z [INFO]: ✅ Trial zivpn dibuat oleh 7768199065
2026-04-29T12:17:50.272Z [INFO]: Main menu sent
2026-04-29T12:18:40.004Z [INFO]: 🎁 Reward: User 7960158114 +2 Poin (30 hari)
2026-04-29T12:18:41.500Z [INFO]: Account renew sukses user 7960158114, type: zivpn
2026-04-29T12:34:12.645Z [INFO]: Account create sukses user 7612399455, type: zivpn
2026-04-29T13:05:01.781Z [INFO]: Main menu sent
2026-04-29T13:05:05.846Z [INFO]: trial service menu sent
2026-04-29T13:05:11.119Z [INFO]: ✅ Trial zivpn dibuat oleh 7960158114
2026-04-29T13:12:00.316Z [INFO]: Main menu sent
2026-04-29T13:12:10.303Z [INFO]: Main menu sent
2026-04-29T13:12:11.808Z [INFO]: trial service menu sent
2026-04-29T13:12:17.661Z [INFO]: ✅ Trial zivpn dibuat oleh 8461801575
2026-04-29T13:13:47.144Z [ERROR]: Error saat memulai bot: Promise timed out after 90000 milliseconds
2026-04-29T13:37:02.263Z [INFO]: Bot initialized
2026-04-29T13:37:02.270Z [INFO]: User state initialized
2026-04-29T13:37:02.274Z [INFO]: [AUTOBACKUP] Aktif setiap 24 jam.
2026-04-29T13:37:02.366Z [INFO]: Terhubung ke SQLite3
2026-04-29T13:37:02.377Z [INFO]: Server table ready
2026-04-29T13:37:02.378Z [INFO]: Transactions table ready
2026-04-29T13:37:02.379Z [INFO]: Table user_accounts ready
2026-04-29T13:37:02.379Z [INFO]: Add IP price loaded from DB: 2000
2026-04-29T13:37:02.380Z [INFO]: Pending deposit loaded:
2026-04-29T13:37:03.126Z [INFO]: Admin username detected: @xyztunnn
2026-04-29T13:37:03.367Z [INFO]: ✅ [SYSTEM] Logo QRIS berhasil disimpan di memori.
2026-04-29T13:37:13.183Z [INFO]: Main menu sent
2026-04-29T13:37:15.167Z [INFO]: trial service menu sent
2026-04-29T13:37:31.890Z [INFO]: ✅ Trial zivpn dibuat oleh 8461801575
2026-04-29T13:37:35.471Z [WARN]: [BACKUP] Skip database.db karena file kosong (0 byte).
2026-04-29T13:37:35.472Z [INFO]: [BACKUP][Auto (startup)] sent=3 missing=1 errors=0
2026-04-29T13:40:56.248Z [INFO]: Main menu sent
2026-04-29T13:41:03.547Z [INFO]: Main menu sent
2026-04-29T13:41:04.888Z [INFO]: create service menu sent
2026-04-29T13:41:06.218Z [INFO]: Main menu sent
2026-04-29T13:41:07.925Z [INFO]: trial service menu sent
2026-04-29T13:41:12.571Z [INFO]: ✅ Trial zivpn dibuat oleh 7960158114
2026-04-29T13:41:30.373Z [INFO]: ✅ Trial zivpn dibuat oleh 7960158114
2026-04-29T13:42:59.844Z [ERROR]: Error saat memulai bot: Promise timed out after 90000 milliseconds
2026-04-29T13:53:09.084Z [INFO]: Bot initialized
2026-04-29T13:53:09.091Z [INFO]: User state initialized
2026-04-29T13:53:09.094Z [INFO]: [AUTOBACKUP] Aktif setiap 24 jam.
2026-04-29T13:53:09.190Z [INFO]: Terhubung ke SQLite3
2026-04-29T13:53:09.202Z [INFO]: Server table ready
2026-04-29T13:53:09.203Z [INFO]: Transactions table ready
2026-04-29T13:53:09.204Z [INFO]: Table user_accounts ready
2026-04-29T13:53:09.204Z [INFO]: Add IP price loaded from DB: 2000
2026-04-29T13:53:09.205Z [INFO]: Pending deposit loaded:
2026-04-29T13:53:09.958Z [INFO]: Admin username detected: @xyztunnn
2026-04-29T13:53:10.474Z [INFO]: create service menu sent
2026-04-29T13:53:11.148Z [INFO]: ✅ [SYSTEM] Logo QRIS berhasil disimpan di memori.
2026-04-29T13:53:42.350Z [WARN]: [BACKUP] Skip database.db karena file kosong (0 byte).
2026-04-29T13:53:42.351Z [INFO]: [BACKUP][Auto (startup)] sent=3 missing=1 errors=0
2026-04-29T14:10:33.760Z [INFO]: Main menu sent
2026-04-29T14:10:39.918Z [INFO]: create service menu sent
2026-04-29T14:48:40.403Z [INFO]: Main menu sent
2026-04-29T14:48:43.684Z [INFO]: 🔍 User 7381102145 memulai proses top-up saldo.
2026-04-29T14:49:21.923Z [INFO]: Main menu sent
2026-04-29T14:49:55.264Z [ERROR]: Transaksi gagal user 7381102145 (renew): ❌ gagal menghubungi server panel.
2026-04-29T14:50:09.630Z [INFO]: Main menu sent
2026-04-29T14:50:44.252Z [ERROR]: Transaksi gagal user 7381102145 (renew): ❌ gagal menghubungi server panel.
2026-04-29T14:51:02.814Z [INFO]: Main menu sent
2026-04-29T14:51:28.343Z [ERROR]: Transaksi gagal user 7381102145 (renew): ❌ gagal menghubungi server panel.
2026-04-29T15:05:37.635Z [INFO]: Main menu sent
2026-04-29T15:05:38.969Z [INFO]: create service menu sent
2026-04-29T15:06:05.964Z [INFO]: Account create sukses user 7612399455, type: zivpn
2026-04-29T23:08:56.697Z [INFO]: Main menu sent
2026-04-29T23:08:58.567Z [INFO]: trial service menu sent
2026-04-29T23:09:32.276Z [INFO]: ✅ Trial zivpn dibuat oleh 8461801575
2026-04-30T02:31:11.808Z [INFO]: Main menu sent
2026-04-30T03:42:24.080Z [INFO]: Main menu sent
2026-04-30T06:25:25.150Z [INFO]: Main menu sent
2026-04-30T06:25:56.379Z [INFO]: Main menu sent
2026-04-30T06:26:02.367Z [INFO]: renew service menu sent
2026-04-30T06:26:27.901Z [INFO]: 🎁 Reward: User 7960158114 +2 Poin (29 hari)
2026-04-30T06:26:29.346Z [INFO]: Account renew sukses user 7960158114, type: vmess
2026-04-30T08:13:15.364Z [INFO]: create service menu sent
2026-04-30T08:14:17.238Z [INFO]: 🎁 Reward: User 8629869896 +3 Poin (90 hari)
2026-04-30T08:14:18.687Z [INFO]: Account create sukses user 8629869896, type: zivpn
2026-04-30T08:44:10.422Z [INFO]: Main menu sent
2026-04-30T08:44:55.111Z [INFO]: Main menu sent
2026-04-30T08:45:39.513Z [INFO]: Main menu sent
2026-04-30T08:45:59.735Z [INFO]: Main menu sent
2026-04-30T10:53:26.069Z [INFO]: Account create sukses user 7612399455, type: zivpn
2026-04-30T10:55:41.728Z [INFO]: Main menu sent
2026-04-30T10:56:08.623Z [INFO]: Main menu sent
2026-04-30T11:15:26.424Z [INFO]: Main menu sent
2026-04-30T11:24:07.639Z [INFO]: Main menu sent
2026-04-30T11:24:11.432Z [INFO]: trial service menu sent
2026-04-30T11:24:28.236Z [INFO]: ✅ Trial zivpn dibuat oleh 7404167575
2026-04-30T11:25:57.719Z [ERROR]: Error saat memulai bot: Promise timed out after 90000 milliseconds
2026-04-30T12:22:34.601Z [INFO]: Bot initialized
2026-04-30T12:22:34.608Z [INFO]: User state initialized
2026-04-30T12:22:34.611Z [INFO]: [AUTOBACKUP] Aktif setiap 24 jam.
2026-04-30T12:22:34.702Z [INFO]: Terhubung ke SQLite3
2026-04-30T12:22:34.712Z [INFO]: Server table ready
2026-04-30T12:22:34.713Z [INFO]: Transactions table ready
2026-04-30T12:22:34.714Z [INFO]: Table user_accounts ready
2026-04-30T12:22:34.714Z [INFO]: Add IP price loaded from DB: 2000
2026-04-30T12:22:34.715Z [INFO]: Pending deposit loaded:
2026-04-30T12:22:35.563Z [INFO]: Admin username detected: @xyztunnn
2026-04-30T12:22:36.090Z [INFO]: ✅ [SYSTEM] Logo QRIS berhasil disimpan di memori.
2026-04-30T12:23:07.807Z [WARN]: [BACKUP] Skip database.db karena file kosong (0 byte).
2026-04-30T12:23:07.809Z [INFO]: [BACKUP][Auto (startup)] sent=3 missing=1 errors=0
2026-04-30T12:43:17.150Z [INFO]: Main menu sent
2026-04-30T13:11:40.562Z [INFO]: 🔍 User 7960158114 memulai proses top-up saldo.
2026-04-30T13:11:40.903Z [INFO]: 🔍 Reseller 7960158114 diminta untuk memasukkan jumlah nominal saldo (keypad).
2026-04-30T13:16:02.726Z [INFO]: Main menu sent
2026-04-30T13:16:43.668Z [INFO]: Main menu sent
2026-04-30T13:16:53.089Z [INFO]: renew service menu sent
2026-04-30T13:17:14.143Z [INFO]: 🎁 Reward: User 7960158114 +1 Poin (7 hari)
2026-04-30T13:17:15.308Z [INFO]: Account renew sukses user 7960158114, type: ssh
2026-04-30T13:24:31.582Z [INFO]: Main menu sent
2026-04-30T13:53:07.454Z [INFO]: create service menu sent
2026-04-30T13:54:01.812Z [INFO]: 🎁 Reward: User 8629869896 +2 Poin (30 hari)
2026-04-30T13:54:08.445Z [INFO]: Account create sukses user 8629869896, type: zivpn
2026-04-30T13:54:18.813Z [INFO]: Main menu sent
2026-04-30T14:48:54.351Z [INFO]: Account create sukses user 7612399455, type: zivpn
2026-04-30T14:53:18.169Z [INFO]: Main menu sent
2026-04-30T14:53:20.158Z [INFO]: 🔍 User 7612399455 memulai proses top-up saldo.
2026-04-30T14:53:34.992Z [INFO]: [QRIS][user-7612399455-1777560810864] expected=40081 | transaksi(9)=13000@30/04/2026 18:06:53,10000@30/04/2026 15:07:11,8000@29/04/2026 22:33:41,4078@29/04/2026 09:00:56,2013@28/04/2026 20:06:43
2026-04-30T14:54:24.869Z [WARN]: [QRIS] Tidak ada transaksi terbaca dari API. Preview: 📤 Output: 0 dari 0 (filter: masuk) Tidak ada data mutasi.
2026-04-30T14:54:44.967Z [INFO]: [QRIS][user-7612399455-1777560810864] expected=40081 | transaksi(9)=13000@30/04/2026 18:06:53,10000@30/04/2026 15:07:11,8000@29/04/2026 22:33:41,4078@29/04/2026 09:00:56,2013@28/04/2026 20:06:43
2026-04-30T14:54:54.877Z [WARN]: [QRIS] Tidak ada transaksi terbaca dari API. Preview: 📤 Output: 0 dari 0 (filter: masuk) Tidak ada data mutasi.
2026-04-30T14:55:24.873Z [INFO]: [QRIS][user-7612399455-1777560810864] expected=40081 | transaksi(9)=13000@30/04/2026 18:06:53,10000@30/04/2026 15:07:11,8000@29/04/2026 22:33:41,4078@29/04/2026 09:00:56,2013@28/04/2026 20:06:43
2026-04-30T14:55:34.888Z [WARN]: [QRIS] Tidak ada transaksi terbaca dari API. Preview: 📤 Output: 0 dari 0 (filter: masuk) Tidak ada data mutasi.
2026-04-30T14:55:44.899Z [INFO]: [QRIS][user-7612399455-1777560810864] expected=40081 | transaksi(9)=13000@30/04/2026 18:06:53,10000@30/04/2026 15:07:11,8000@29/04/2026 22:33:41,4078@29/04/2026 09:00:56,2013@28/04/2026 20:06:43
2026-04-30T14:55:54.881Z [WARN]: [QRIS] Tidak ada transaksi terbaca dari API. Preview: 📤 Output: 0 dari 0 (filter: masuk) Tidak ada data mutasi.
2026-04-30T14:56:24.921Z [INFO]: [QRIS][user-7612399455-1777560810864] expected=40081 | transaksi(9)=13000@30/04/2026 18:06:53,10000@30/04/2026 15:07:11,8000@29/04/2026 22:33:41,4078@29/04/2026 09:00:56,2013@28/04/2026 20:06:43
2026-04-30T14:56:34.913Z [WARN]: [QRIS] Tidak ada transaksi terbaca dari API. Preview: 📤 Output: 0 dari 0 (filter: masuk) Tidak ada data mutasi.
2026-04-30T14:57:24.957Z [INFO]: [QRIS][user-7612399455-1777560810864] expected=40081 | transaksi(9)=13000@30/04/2026 18:06:53,10000@30/04/2026 15:07:11,8000@29/04/2026 22:33:41,4078@29/04/2026 09:00:56,2013@28/04/2026 20:06:43
2026-04-30T14:57:33.578Z [INFO]: Main menu sent
2026-04-30T14:57:35.229Z [INFO]: 🔍 User 7612399455 memulai proses top-up saldo.
2026-04-30T14:58:25.046Z [INFO]: [QRIS][user-7612399455-1777561093415] expected=60026 | transaksi(9)=13000@30/04/2026 18:06:53,10000@30/04/2026 15:07:11,8000@29/04/2026 22:33:41,4078@29/04/2026 09:00:56,2013@28/04/2026 20:06:43
2026-04-30T14:58:55.013Z [WARN]: [QRIS] Tidak ada transaksi terbaca dari API. Preview: 📤 Output: 0 dari 0 (filter: masuk) Tidak ada data mutasi.
2026-04-30T14:59:34.927Z [INFO]: [QRIS][user-7612399455-1777561093415] expected=60026 | transaksi(9)=13000@30/04/2026 18:06:53,10000@30/04/2026 15:07:11,8000@29/04/2026 22:33:41,4078@29/04/2026 09:00:56,2013@28/04/2026 20:06:43
2026-04-30T14:59:44.918Z [WARN]: [QRIS] Tidak ada transaksi terbaca dari API. Preview: 📤 Output: 0 dari 0 (filter: masuk) Tidak ada data mutasi.
2026-04-30T15:01:04.884Z [INFO]: [QRIS][user-7612399455-1777561093415] expected=60026 | transaksi(9)=13000@30/04/2026 18:06:53,10000@30/04/2026 15:07:11,8000@29/04/2026 22:33:41,4078@29/04/2026 09:00:56,2013@28/04/2026 20:06:43
2026-04-30T15:01:14.892Z [WARN]: [QRIS] Tidak ada transaksi terbaca dari API. Preview: 📤 Output: 0 dari 0 (filter: masuk) Tidak ada data mutasi.
2026-04-30T15:01:23.356Z [INFO]: Main menu sent
2026-04-30T15:01:31.596Z [INFO]: create service menu sent
2026-04-30T15:01:54.994Z [INFO]: [QRIS][user-7612399455-1777561093415] expected=60026 | transaksi(9)=60026@30/04/2026 22:01:10,13000@30/04/2026 18:06:53,10000@30/04/2026 15:07:11,8000@29/04/2026 22:33:41,4078@29/04/2026 09:00:56
2026-04-30T15:01:56.243Z [INFO]: Payment processed successfully for user-7612399455-1777561093415
2026-04-30T15:02:36.071Z [INFO]: Main menu sent
2026-04-30T15:02:51.738Z [INFO]: create service menu sent
2026-04-30T15:03:24.353Z [INFO]: Account create sukses user 7612399455, type: zivpn
2026-04-30T15:29:26.329Z [INFO]: Main menu sent
2026-04-30T15:29:28.340Z [INFO]: create service menu sent
2026-04-30T15:29:31.386Z [INFO]: Main menu sent
2026-04-30T15:29:33.039Z [INFO]: create service menu sent
2026-04-30T15:29:59.972Z [INFO]: Main menu sent
2026-04-30T15:30:03.181Z [INFO]: 🔍 User 5688877828 memulai proses top-up saldo.
2026-04-30T15:30:15.018Z [INFO]: [QRIS][user-5688877828-1777563009012] expected=3161 | transaksi(9)=60026@30/04/2026 22:01:10,13000@30/04/2026 18:06:53,10000@30/04/2026 15:07:11,8000@29/04/2026 22:33:41,4078@29/04/2026 09:00:56
2026-04-30T15:30:54.909Z [WARN]: [QRIS] Tidak ada transaksi terbaca dari API. Preview: 📤 Output: 0 dari 0 (filter: masuk) Tidak ada data mutasi.
2026-04-30T15:31:05.186Z [INFO]: Account create sukses user 7612399455, type: zivpn
2026-04-30T15:31:22.861Z [INFO]: Main menu sent
2026-04-30T15:32:41.561Z [INFO]: Main menu sent
2026-04-30T15:33:54.970Z [INFO]: [QRIS][user-5688877828-1777563009012] expected=3161 | transaksi(9)=3161@30/04/2026 22:30:58,60026@30/04/2026 22:01:10,13000@30/04/2026 18:06:53,10000@30/04/2026 15:07:11,8000@29/04/2026 22:33:41
2026-04-30T15:33:56.072Z [INFO]: Payment processed successfully for user-5688877828-1777563009012
2026-04-30T15:34:14.960Z [INFO]: Main menu sent
2026-04-30T15:34:16.487Z [INFO]: create service menu sent
2026-04-30T15:34:38.110Z [INFO]: Account create sukses user 5688877828, type: zivpn
2026-04-30T15:46:53.699Z [INFO]: Main menu sent
2026-04-30T15:46:57.685Z [INFO]: 🔍 User 7381102145 memulai proses top-up saldo.
2026-04-30T15:47:15.260Z [INFO]: [QRIS][user-7381102145-1777564025578] expected=5142 | transaksi(9)=3161@30/04/2026 22:30:58,60026@30/04/2026 22:01:10,13000@30/04/2026 18:06:53,10000@30/04/2026 15:07:11,8000@29/04/2026 22:33:41
2026-04-30T15:47:54.985Z [INFO]: [QRIS][user-7381102145-1777564025578] expected=5142 | transaksi(9)=5142@30/04/2026 22:47:51,3161@30/04/2026 22:30:58,60026@30/04/2026 22:01:10,13000@30/04/2026 18:06:53,10000@30/04/2026 15:07:11
2026-04-30T15:47:55.706Z [INFO]: Payment processed successfully for user-7381102145-1777564025578
2026-04-30T15:48:03.946Z [INFO]: Main menu sent
2026-04-30T15:48:45.210Z [ERROR]: Transaksi gagal user 7381102145 (renew): ❌ gagal menghubungi server panel.
2026-04-30T15:48:53.838Z [INFO]: Main menu sent
2026-04-30T15:48:55.988Z [INFO]: create service menu sent
2026-04-30T15:51:39.634Z [ERROR]: Transaksi gagal user 7381102145 (create): ❌  response server tidak valid
2026-04-30T16:00:04.657Z [INFO]: Main menu sent
2026-04-30T16:00:06.323Z [INFO]: create service menu sent
2026-04-30T16:00:29.975Z [ERROR]: Transaksi gagal user 7381102145 (create): ❌  gagal membuat akun zivpn:
username akun sudah di gunakan
masukan username baru!
2026-04-30T16:00:49.279Z [ERROR]: Transaksi gagal user 7381102145 (create): ❌  gagal membuat akun zivpn:
username akun sudah di gunakan
masukan username baru!
2026-04-30T16:01:00.048Z [INFO]: Main menu sent
2026-04-30T16:01:01.780Z [INFO]: create service menu sent
2026-04-30T16:01:28.682Z [INFO]: Account create sukses user 7381102145, type: zivpn
2026-04-30T16:24:21.091Z [INFO]: Main menu sent
2026-04-30T16:34:10.777Z [INFO]: Main menu sent
2026-04-30T16:34:17.556Z [INFO]: create service menu sent
2026-04-30T16:34:35.306Z [INFO]: Main menu sent
2026-04-30T16:34:37.712Z [INFO]: create service menu sent
2026-04-30T19:09:58.659Z [INFO]: Main menu sent
2026-04-30T19:10:04.360Z [INFO]: create service menu sent
2026-04-30T19:13:01.402Z [ERROR]: Transaksi gagal user 6151503774 (create): ❌  response server tidak valid
2026-04-30T19:14:54.569Z [ERROR]: Transaksi gagal user 6151503774 (create): ❌  response server tidak valid
2026-04-30T19:15:18.891Z [ERROR]: Transaksi gagal user 6151503774 (create): ❌  response server tidak valid
2026-04-30T21:10:45.465Z [INFO]: Main menu sent
2026-04-30T21:10:55.435Z [INFO]: create service menu sent
2026-04-30T22:21:18.420Z [INFO]: Main menu sent
2026-04-30T22:21:21.417Z [INFO]: 🔍 User 6294105375 memulai proses top-up saldo.
2026-04-30T22:21:21.594Z [ERROR]: Gagal deleteMessage di topup_saldo: 400: Bad Request: message can't be deleted for everyone
2026-04-30T22:21:35.648Z [INFO]: [QRIS][user-6294105375-1777587691268] expected=10004 | transaksi(9)=5142@30/04/2026 22:47:51,3161@30/04/2026 22:30:58,60026@30/04/2026 22:01:10,13000@30/04/2026 18:06:53,10000@30/04/2026 15:07:11
2026-04-30T22:22:35.573Z [INFO]: [QRIS][user-6294105375-1777587691268] expected=10004 | transaksi(9)=10004@01/05/2026 05:22:33,5142@30/04/2026 22:47:51,3161@30/04/2026 22:30:58,60026@30/04/2026 22:01:10,13000@30/04/2026 18:06:53
2026-04-30T22:22:36.650Z [INFO]: Payment processed successfully for user-6294105375-1777587691268
2026-04-30T22:25:27.435Z [INFO]: Main menu sent
2026-04-30T22:25:39.353Z [INFO]: create service menu sent
2026-04-30T22:26:05.458Z [ERROR]: Transaksi gagal user 6294105375 (create): ❌  username akun sudah di gunakan
masukan username baru!
2026-04-30T22:26:25.365Z [ERROR]: Transaksi gagal user 6294105375 (create): ❌  username akun sudah di gunakan
masukan username baru!
2026-04-30T22:26:48.720Z [ERROR]: Transaksi gagal user 6294105375 (create): ❌  username akun sudah di gunakan
masukan username baru!
2026-04-30T22:27:17.465Z [INFO]: Account create sukses user 6294105375, type: vmess
2026-04-30T23:50:14.448Z [INFO]: Main menu sent
2026-04-30T23:50:17.202Z [INFO]: create service menu sent
2026-04-30T23:50:50.685Z [INFO]: 🎁 Reward: User 7570184058 +2 Poin (31 hari)
2026-04-30T23:50:52.134Z [INFO]: Account create sukses user 7570184058, type: zivpn
2026-04-30T23:51:08.510Z [INFO]: 🎁 Reward: User 7570184058 +2 Poin (31 hari)
2026-04-30T23:51:09.616Z [INFO]: Account create sukses user 7570184058, type: zivpn
2026-05-01T02:08:43.003Z [INFO]: Main menu sent
2026-05-01T02:08:49.836Z [INFO]: create service menu sent
2026-05-01T02:09:19.286Z [INFO]: 🎁 Reward: User 7960158114 +2 Poin (29 hari)
2026-05-01T02:09:20.767Z [INFO]: Account create sukses user 7960158114, type: ssh
2026-05-01T03:33:22.041Z [INFO]: Main menu sent
2026-05-01T03:33:32.760Z [INFO]: create service menu sent
2026-05-01T03:34:06.056Z [INFO]: Account create sukses user 1734416542, type: ssh
2026-05-01T09:37:06.260Z [INFO]: Main menu sent
2026-05-01T09:37:46.916Z [INFO]: Main menu sent
2026-05-01T09:37:52.410Z [INFO]: Main menu sent
2026-05-01T09:38:05.230Z [INFO]: Main menu sent
2026-05-01T09:38:19.175Z [INFO]: Main menu sent
2026-05-01T09:52:43.410Z [INFO]: Main menu sent
2026-05-01T09:52:57.124Z [INFO]: create service menu sent
2026-05-01T09:57:33.426Z [INFO]: Account create sukses user 6151503774, type: zivpn
2026-05-01T11:33:11.469Z [INFO]: Main menu sent
2026-05-01T11:33:39.653Z [INFO]: create service menu sent
2026-05-01T11:49:34.980Z [INFO]: Main menu sent
2026-05-01T11:49:36.352Z [INFO]: create service menu sent
2026-05-01T11:49:59.111Z [INFO]: 🎁 Reward: User 7960158114 +2 Poin (29 hari)
2026-05-01T11:50:00.585Z [INFO]: Account create sukses user 7960158114, type: zivpn
2026-05-01T11:51:19.990Z [INFO]: Main menu sent
2026-05-01T11:51:45.492Z [INFO]: 🎁 Reward: User 7960158114 +1 Poin (7 hari)
2026-05-01T11:51:46.635Z [INFO]: Account renew sukses user 7960158114, type: vmess
2026-05-01T11:55:38.454Z [INFO]: Main menu sent
2026-05-01T11:55:40.024Z [INFO]: create service menu sent
2026-05-01T11:56:06.615Z [INFO]: 🎁 Reward: User 7960158114 +2 Poin (29 hari)
2026-05-01T11:56:07.759Z [INFO]: Account create sukses user 7960158114, type: zivpn
2026-05-01T12:14:58.947Z [INFO]: Main menu sent
2026-05-01T12:15:00.309Z [INFO]: create service menu sent
2026-05-01T12:15:01.690Z [INFO]: Main menu sent
2026-05-01T12:15:03.117Z [INFO]: lock service menu sent
2026-05-01T12:15:04.479Z [INFO]: Main menu sent
2026-05-01T12:15:05.798Z [INFO]: trial service menu sent
2026-05-01T12:15:09.516Z [INFO]: ✅ Trial zivpn dibuat oleh 7960158114
2026-05-01T12:16:38.982Z [ERROR]: Error saat memulai bot: Promise timed out after 90000 milliseconds
2026-05-01T12:22:37.731Z [WARN]: [BACKUP] Skip database.db karena file kosong (0 byte).
2026-05-01T12:22:37.731Z [INFO]: [BACKUP][Auto 24h] sent=3 missing=1 errors=0
2026-05-01T13:49:47.004Z [INFO]: Bot initialized
2026-05-01T13:49:47.011Z [INFO]: User state initialized
2026-05-01T13:49:47.016Z [INFO]: [AUTOBACKUP] Aktif setiap 24 jam.
2026-05-01T13:49:47.107Z [INFO]: Terhubung ke SQLite3
2026-05-01T13:49:47.118Z [INFO]: Server table ready
2026-05-01T13:49:47.119Z [INFO]: Transactions table ready
2026-05-01T13:49:47.119Z [INFO]: Table user_accounts ready
2026-05-01T13:49:47.120Z [INFO]: Add IP price loaded from DB: 2000
2026-05-01T13:49:47.120Z [INFO]: Pending deposit loaded:
2026-05-01T13:49:47.822Z [INFO]: Admin username detected: @xyztunnn
2026-05-01T13:49:48.889Z [INFO]: Main menu sent
2026-05-01T13:49:48.938Z [INFO]: Main menu sent
2026-05-01T13:49:49.403Z [INFO]: ✅ [SYSTEM] Logo QRIS berhasil disimpan di memori.
2026-05-01T13:50:20.120Z [WARN]: [BACKUP] Skip database.db karena file kosong (0 byte).
2026-05-01T13:50:20.121Z [INFO]: [BACKUP][Auto (startup)] sent=3 missing=1 errors=0
2026-05-01T13:50:43.311Z [INFO]: create service menu sent
2026-05-01T13:51:23.384Z [INFO]: Account create sukses user 7612399455, type: zivpn
2026-05-01T15:01:08.322Z [INFO]: Main menu sent
2026-05-01T15:01:15.700Z [INFO]: 🔍 User 6486089782 memulai proses top-up saldo.
2026-05-01T15:01:27.269Z [INFO]: [QRIS][user-6486089782-1777647681609] expected=2094 | transaksi(10)=15000@01/05/2026 18:45:02,10000@01/05/2026 18:42:39,12000@01/05/2026 09:06:20,10004@01/05/2026 05:22:33,5142@30/04/2026 22:47:51
2026-05-01T15:01:47.224Z [WARN]: [QRIS] Tidak ada transaksi terbaca dari API. Preview: 📤 Output: 0 dari 0 (filter: masuk) Tidak ada data mutasi.
2026-05-01T15:02:17.304Z [INFO]: [QRIS][user-6486089782-1777647681609] expected=2094 | transaksi(10)=2094@01/05/2026 22:02:10,15000@01/05/2026 18:45:02,10000@01/05/2026 18:42:39,12000@01/05/2026 09:06:20,10004@01/05/2026 05:22:33
2026-05-01T15:02:18.377Z [INFO]: Payment processed successfully for user-6486089782-1777647681609
2026-05-01T15:02:24.133Z [INFO]: Main menu sent
2026-05-01T15:02:26.779Z [INFO]: trial service menu sent
2026-05-01T15:02:47.842Z [INFO]: ✅ Trial vless dibuat oleh 6486089782
2026-05-01T15:05:03.813Z [INFO]: Main menu sent
2026-05-01T15:05:06.617Z [INFO]: trial service menu sent
2026-05-01T15:06:01.946Z [INFO]: Main menu sent
2026-05-01T15:06:03.886Z [INFO]: create service menu sent
2026-05-01T15:06:51.837Z [INFO]: Account create sukses user 6486089782, type: vmess
2026-05-01T15:23:52.909Z [INFO]: Bot initialized
2026-05-01T15:23:52.916Z [INFO]: User state initialized
2026-05-01T15:23:52.919Z [INFO]: [AUTOBACKUP] Aktif setiap 24 jam (tanpa backup saat startup).
2026-05-01T15:23:52.999Z [INFO]: Server berjalan di port 6061
2026-05-01T15:23:53.000Z [INFO]: ⏰ Scheduler Aktif: Pengecekan akun expired & reseller pasif berjalan setiap 1 jam.
2026-05-01T15:23:53.000Z [INFO]: ✅ Scheduler Notifikasi Aktif (Jadwal: 20:00 WIB)
2026-05-01T15:23:53.012Z [INFO]: Terhubung ke SQLite3
2026-05-01T15:23:53.024Z [INFO]: Server table ready
2026-05-01T15:23:53.025Z [INFO]: Transactions table ready
2026-05-01T15:23:53.025Z [INFO]: Table user_accounts ready
2026-05-01T15:23:53.026Z [INFO]: Add IP price loaded from DB: 2000
2026-05-01T15:23:53.027Z [INFO]: Pending deposit loaded:
2026-05-01T15:23:53.054Z [INFO]: 🧹 Membersihkan 26 akun yang sudah expired > 24 jam.
2026-05-01T15:23:53.737Z [INFO]: Admin username detected: @xyztunnn
2026-05-01T15:23:54.588Z [INFO]: ✅ [SYSTEM] Logo QRIS berhasil disimpan di memori.
2026-05-01T15:24:07.817Z [INFO]: Main menu sent
2026-05-01T16:23:53.001Z [INFO]: 🧹 Tidak ada akun yang perlu dihapus malam ini.
2026-05-01T16:23:53.003Z [INFO]: ♻️ Downgrade Reseller: User 6202490359 tidak ada aktivitas selama 30 hari.
2026-05-01T16:23:53.007Z [INFO]: ♻️ Downgrade Reseller: User 1803465648 tidak ada aktivitas selama 30 hari.
2026-05-01T16:23:53.010Z [INFO]: ♻️ Downgrade Reseller: User 5971567672 tidak ada aktivitas selama 30 hari.
2026-05-01T16:23:53.013Z [INFO]: ✅ Update Reseller selesai. Sisa reseller aktif: 4 orang.
2026-05-01T17:07:02.943Z [INFO]: Main menu sent
2026-05-01T17:07:11.085Z [INFO]: Main menu sent
2026-05-01T17:07:13.647Z [INFO]: 🔍 User 6380781342 memulai proses top-up saldo.
2026-05-01T17:07:33.168Z [WARN]: [QRIS] Tidak ada transaksi terbaca dari API. Preview: 📤 Output: 0 dari 0 (filter: masuk) Tidak ada data mutasi.
2026-05-01T17:07:43.291Z [INFO]: [QRIS][user-6380781342-1777655243262] expected=5196 | transaksi(10)=2094@01/05/2026 22:02:10,15000@01/05/2026 18:45:02,10000@01/05/2026 18:42:39,12000@01/05/2026 09:06:20,10004@01/05/2026 05:22:33
2026-05-01T17:08:53.127Z [WARN]: [QRIS] Tidak ada transaksi terbaca dari API. Preview: 📤 Output: 0 dari 0 (filter: masuk) Tidak ada data mutasi.
2026-05-01T17:09:03.122Z [INFO]: [QRIS][user-6380781342-1777655243262] expected=5196 | transaksi(10)=2094@01/05/2026 22:02:10,15000@01/05/2026 18:45:02,10000@01/05/2026 18:42:39,12000@01/05/2026 09:06:20,10004@01/05/2026 05:22:33
2026-05-01T17:09:23.126Z [WARN]: [QRIS] Tidak ada transaksi terbaca dari API. Preview: 📤 Output: 0 dari 0 (filter: masuk) Tidak ada data mutasi.
2026-05-01T17:09:33.103Z [INFO]: [QRIS][user-6380781342-1777655243262] expected=5196 | transaksi(10)=2094@01/05/2026 22:02:10,15000@01/05/2026 18:45:02,10000@01/05/2026 18:42:39,12000@01/05/2026 09:06:20,10004@01/05/2026 05:22:33
2026-05-01T17:09:53.192Z [WARN]: [QRIS] Tidak ada transaksi terbaca dari API. Preview: 📤 Output: 0 dari 0 (filter: masuk) Tidak ada data mutasi.
2026-05-01T17:10:03.176Z [INFO]: [QRIS][user-6380781342-1777655243262] expected=5196 | transaksi(10)=2094@01/05/2026 22:02:10,15000@01/05/2026 18:45:02,10000@01/05/2026 18:42:39,12000@01/05/2026 09:06:20,10004@01/05/2026 05:22:33
2026-05-01T17:10:43.118Z [WARN]: [QRIS] Tidak ada transaksi terbaca dari API. Preview: 📤 Output: 0 dari 0 (filter: masuk) Tidak ada data mutasi.
2026-05-01T17:11:23.130Z [INFO]: [QRIS][user-6380781342-1777655243262] expected=5196 | transaksi(10)=2094@01/05/2026 22:02:10,15000@01/05/2026 18:45:02,10000@01/05/2026 18:42:39,12000@01/05/2026 09:06:20,10004@01/05/2026 05:22:33
2026-05-01T17:11:33.121Z [WARN]: [QRIS] Tidak ada transaksi terbaca dari API. Preview: 📤 Output: 0 dari 0 (filter: masuk) Tidak ada data mutasi.
2026-05-01T17:11:43.199Z [INFO]: [QRIS][user-6380781342-1777655243262] expected=5196 | transaksi(10)=2094@01/05/2026 22:02:10,15000@01/05/2026 18:45:02,10000@01/05/2026 18:42:39,12000@01/05/2026 09:06:20,10004@01/05/2026 05:22:33
2026-05-01T17:23:53.003Z [INFO]: 🧹 Membersihkan 1 akun yang sudah expired > 24 jam.
2026-05-01T18:23:53.003Z [INFO]: 🧹 Tidak ada akun yang perlu dihapus malam ini.
2026-05-01T19:23:53.001Z [INFO]: 🧹 Tidak ada akun yang perlu dihapus malam ini.
2026-05-01T20:23:53.003Z [INFO]: 🧹 Membersihkan 1 akun yang sudah expired > 24 jam.
2026-05-01T21:23:52.999Z [INFO]: 🧹 Tidak ada akun yang perlu dihapus malam ini.
2026-05-01T22:03:42.516Z [INFO]: Main menu sent
2026-05-01T22:04:07.755Z [INFO]: Main menu sent
2026-05-01T22:04:11.945Z [INFO]: 🔍 User 6202490359 memulai proses top-up saldo.
2026-05-01T22:04:23.630Z [INFO]: [QRIS][user-6202490359-1777673058812] expected=10038 | transaksi(10)=2094@01/05/2026 22:02:10,15000@01/05/2026 18:45:02,10000@01/05/2026 18:42:39,12000@01/05/2026 09:06:20,10004@01/05/2026 05:22:33
2026-05-01T22:11:44.013Z [INFO]: Main menu sent
2026-05-01T22:11:47.393Z [INFO]: 🔍 User 8629869896 memulai proses top-up saldo.
2026-05-01T22:11:47.739Z [INFO]: 🔍 Reseller 8629869896 diminta untuk memasukkan jumlah nominal saldo (keypad).
2026-05-01T22:23:52.999Z [INFO]: 🧹 Tidak ada akun yang perlu dihapus malam ini.
2026-05-01T23:17:49.777Z [INFO]: Main menu sent
2026-05-01T23:17:52.134Z [INFO]: trial service menu sent
2026-05-01T23:17:55.916Z [INFO]: ✅ Trial zivpn dibuat oleh 7768199065
2026-05-01T23:23:52.999Z [INFO]: 🧹 Tidak ada akun yang perlu dihapus malam ini.
2026-05-02T00:16:57.565Z [INFO]: Main menu sent
2026-05-02T00:17:02.905Z [INFO]: 🔍 User 8629869896 memulai proses top-up saldo.
2026-05-02T00:17:03.247Z [INFO]: 🔍 Reseller 8629869896 diminta untuk memasukkan jumlah nominal saldo (keypad).
2026-05-02T00:17:53.851Z [INFO]: [QRIS][user-8629869896-1777681067991] expected=50137 | transaksi(10)=2094@01/05/2026 22:02:10,15000@01/05/2026 18:45:02,10000@01/05/2026 18:42:39,12000@01/05/2026 09:06:20,10004@01/05/2026 05:22:33
2026-05-02T00:18:43.776Z [INFO]: [QRIS][user-8629869896-1777681067991] expected=50137 | transaksi(10)=50137@02/05/2026 07:18:41,2094@01/05/2026 22:02:10,15000@01/05/2026 18:45:02,10000@01/05/2026 18:42:39,12000@01/05/2026 09:06:20
2026-05-02T00:18:44.854Z [INFO]: Payment processed successfully for user-8629869896-1777681067991
2026-05-02T00:19:44.983Z [INFO]: Main menu sent
2026-05-02T00:19:49.616Z [INFO]: create service menu sent
2026-05-02T00:20:24.232Z [INFO]: 🎁 Reward: User 8629869896 +3 Poin (90 hari)
2026-05-02T00:20:25.672Z [INFO]: Account create sukses user 8629869896, type: zivpn
2026-05-02T00:23:52.999Z [INFO]: 🧹 Tidak ada akun yang perlu dihapus malam ini.
2026-05-02T00:36:54.213Z [INFO]: Main menu sent
2026-05-02T00:37:05.340Z [INFO]: Main menu sent
2026-05-02T00:37:15.923Z [INFO]: Main menu sent
2026-05-02T01:23:53.000Z [INFO]: 🧹 Membersihkan 1 akun yang sudah expired > 24 jam.
2026-05-02T02:06:42.356Z [INFO]: create service menu sent
2026-05-02T02:07:48.914Z [INFO]: 🎁 Reward: User 8629869896 +2 Poin (29 hari)
2026-05-02T02:07:50.374Z [INFO]: Account create sukses user 8629869896, type: zivpn
2026-05-02T02:08:49.639Z [INFO]: Main menu sent
2026-05-02T02:23:52.999Z [INFO]: 🧹 Tidak ada akun yang perlu dihapus malam ini.
2026-05-02T02:52:01.770Z [INFO]: Main menu sent
2026-05-02T02:52:04.740Z [INFO]: create service menu sent
2026-05-02T02:52:21.601Z [INFO]: Main menu sent
2026-05-02T02:52:24.145Z [INFO]: trial service menu sent
2026-05-02T02:53:00.723Z [INFO]: ✅ Trial zivpn dibuat oleh 8035547823
2026-05-02T02:53:35.188Z [INFO]: Main menu sent
2026-05-02T02:53:38.670Z [INFO]: create service menu sent
2026-05-02T02:54:26.764Z [INFO]: 🎁 Reward: User 7570184058 +2 Poin (31 hari)
2026-05-02T02:54:28.235Z [INFO]: Account create sukses user 7570184058, type: zivpn
2026-05-02T02:54:44.167Z [INFO]: 🎁 Reward: User 7570184058 +2 Poin (31 hari)
2026-05-02T02:54:45.261Z [INFO]: Account create sukses user 7570184058, type: zivpn
2026-05-02T03:23:52.999Z [INFO]: 🧹 Tidak ada akun yang perlu dihapus malam ini.
2026-05-02T04:23:53.000Z [INFO]: 🧹 Tidak ada akun yang perlu dihapus malam ini.
2026-05-02T05:08:14.988Z [INFO]: Main menu sent
2026-05-02T05:23:53.001Z [INFO]: 🧹 Membersihkan 1 akun yang sudah expired > 24 jam.
2026-05-02T05:29:38.820Z [INFO]: Main menu sent
2026-05-02T05:29:46.370Z [INFO]: 🔍 User 7089793571 memulai proses top-up saldo.
2026-05-02T05:29:46.553Z [ERROR]: Gagal deleteMessage di topup_saldo: 400: Bad Request: message can't be deleted for everyone
2026-05-02T05:29:52.211Z [INFO]: Main menu sent
2026-05-02T05:30:24.572Z [INFO]: renew service menu sent
2026-05-02T05:33:13.711Z [INFO]: Main menu sent
2026-05-02T05:33:16.468Z [INFO]: create service menu sent
2026-05-02T05:33:59.695Z [INFO]: Main menu sent
2026-05-02T05:34:02.402Z [INFO]: 🔍 User 7089793571 memulai proses top-up saldo.
2026-05-02T05:34:14.363Z [INFO]: [QRIS][user-7089793571-1777700048789] expected=10211 | transaksi(10)=50137@02/05/2026 07:18:41,2094@01/05/2026 22:02:10,15000@01/05/2026 18:45:02,10000@01/05/2026 18:42:39,12000@01/05/2026 09:06:20
2026-05-02T05:35:25.200Z [INFO]: 🔍 User 7089793571 memulai proses top-up saldo.
2026-05-02T05:35:25.381Z [ERROR]: Gagal deleteMessage di topup_saldo: 400: Bad Request: message can't be deleted for everyone
2026-05-02T05:36:31.714Z [INFO]: Main menu sent
2026-05-02T05:36:36.875Z [INFO]: create service menu sent
2026-05-02T05:36:54.281Z [WARN]: [QRIS] Tidak ada transaksi terbaca dari API. Preview: 📤 Output: 0 dari 0 (filter: masuk) Tidak ada data mutasi.
2026-05-02T05:37:04.351Z [INFO]: [QRIS][user-7089793571-1777700048789] expected=10211 | transaksi(10)=50137@02/05/2026 07:18:41,2094@01/05/2026 22:02:10,15000@01/05/2026 18:45:02,10000@01/05/2026 18:42:39,12000@01/05/2026 09:06:20
2026-05-02T05:37:40.852Z [INFO]: Main menu sent
2026-05-02T05:37:48.143Z [INFO]: 🔍 User 7089793571 memulai proses top-up saldo.
2026-05-02T05:38:04.386Z [INFO]: [QRIS][user-7089793571-1777700277313] expected=20077 | transaksi(10)=50137@02/05/2026 07:18:41,2094@01/05/2026 22:02:10,15000@01/05/2026 18:45:02,10000@01/05/2026 18:42:39,12000@01/05/2026 09:06:20
2026-05-02T05:38:44.283Z [WARN]: [QRIS] Tidak ada transaksi terbaca dari API. Preview: 📤 Output: 0 dari 0 (filter: masuk) Tidak ada data mutasi.
2026-05-02T05:38:54.336Z [INFO]: [QRIS][user-7089793571-1777700048789] expected=10211 | transaksi(10)=50137@02/05/2026 07:18:41,2094@01/05/2026 22:02:10,15000@01/05/2026 18:45:02,10000@01/05/2026 18:42:39,12000@01/05/2026 09:06:20
2026-05-02T05:38:54.417Z [INFO]: [QRIS][user-7089793571-1777700277313] expected=20077 | transaksi(10)=50137@02/05/2026 07:18:41,2094@01/05/2026 22:02:10,15000@01/05/2026 18:45:02,10000@01/05/2026 18:42:39,12000@01/05/2026 09:06:20
2026-05-02T05:39:53.988Z [INFO]: Main menu sent
2026-05-02T06:23:52.999Z [INFO]: 🧹 Tidak ada akun yang perlu dihapus malam ini.
2026-05-02T07:19:48.761Z [INFO]: create service menu sent
2026-05-02T07:23:53.006Z [INFO]: 🧹 Membersihkan 1 akun yang sudah expired > 24 jam.
2026-05-02T07:33:33.067Z [INFO]: Main menu sent
2026-05-02T07:46:48.965Z [INFO]: 🔍 User 7089793571 memulai proses top-up saldo.
2026-05-02T07:47:19.440Z [ERROR]: Error checking payment status for user-7089793571-1777708026330: timeout of 5000ms exceeded
2026-05-02T07:47:24.576Z [INFO]: [QRIS][user-7089793571-1777708026330] expected=20127 | transaksi(10)=50137@02/05/2026 07:18:41,2094@01/05/2026 22:02:10,15000@01/05/2026 18:45:02,10000@01/05/2026 18:42:39,12000@01/05/2026 09:06:20
2026-05-02T07:49:54.520Z [WARN]: [QRIS] Tidak ada transaksi terbaca dari API. Preview: 📤 Output: 0 dari 0 (filter: masuk) Tidak ada data mutasi.
2026-05-02T07:50:04.551Z [INFO]: [QRIS][user-7089793571-1777708026330] expected=20127 | transaksi(10)=50137@02/05/2026 07:18:41,2094@01/05/2026 22:02:10,15000@01/05/2026 18:45:02,10000@01/05/2026 18:42:39,12000@01/05/2026 09:06:20
2026-05-02T07:50:34.513Z [WARN]: [QRIS] Tidak ada transaksi terbaca dari API. Preview: 📤 Output: 0 dari 0 (filter: masuk) Tidak ada data mutasi.
2026-05-02T07:50:44.549Z [INFO]: [QRIS][user-7089793571-1777708026330] expected=20127 | transaksi(10)=50137@02/05/2026 07:18:41,2094@01/05/2026 22:02:10,15000@01/05/2026 18:45:02,10000@01/05/2026 18:42:39,12000@01/05/2026 09:06:20
2026-05-02T07:52:46.721Z [INFO]: Main menu sent
2026-05-02T07:53:11.897Z [INFO]: Main menu sent
2026-05-02T07:53:46.501Z [INFO]: create service menu sent
2026-05-02T08:00:45.963Z [INFO]: Main menu sent
2026-05-02T08:00:47.888Z [INFO]: 🔍 User 7089793571 memulai proses top-up saldo.
2026-05-02T08:01:04.625Z [INFO]: [QRIS][user-7089793571-1777708858326] expected=10149 | transaksi(10)=50137@02/05/2026 07:18:41,2094@01/05/2026 22:02:10,15000@01/05/2026 18:45:02,10000@01/05/2026 18:42:39,12000@01/05/2026 09:06:20
2026-05-02T08:01:44.542Z [INFO]: [QRIS][user-7089793571-1777708858326] expected=10149 | transaksi(10)=10149@02/05/2026 15:01:35,50137@02/05/2026 07:18:41,2094@01/05/2026 22:02:10,15000@01/05/2026 18:45:02,10000@01/05/2026 18:42:39
2026-05-02T08:01:45.282Z [INFO]: Payment processed successfully for user-7089793571-1777708858326
2026-05-02T08:01:51.837Z [INFO]: Main menu sent
2026-05-02T08:01:55.687Z [INFO]: create service menu sent
2026-05-02T08:03:07.500Z [INFO]: Account create sukses user 7089793571, type: zivpn
2026-05-02T08:14:28.967Z [INFO]: Main menu sent
2026-05-02T08:23:52.999Z [INFO]: 🧹 Tidak ada akun yang perlu dihapus malam ini.
2026-05-02T08:30:58.510Z [INFO]: Main menu sent
2026-05-02T08:31:02.034Z [INFO]: 🔍 User 7768199065 memulai proses top-up saldo.
2026-05-02T08:31:14.688Z [INFO]: [QRIS][user-7768199065-1777710666749] expected=2030 | transaksi(10)=10149@02/05/2026 15:01:35,50137@02/05/2026 07:18:41,2094@01/05/2026 22:02:10,15000@01/05/2026 18:45:02,10000@01/05/2026 18:42:39
2026-05-02T08:34:04.593Z [WARN]: [QRIS] Tidak ada transaksi terbaca dari API. Preview: 📤 Output: 0 dari 0 (filter: masuk) Tidak ada data mutasi.
2026-05-02T08:34:14.607Z [INFO]: [QRIS][user-7768199065-1777710666749] expected=2030 | transaksi(10)=10149@02/05/2026 15:01:35,50137@02/05/2026 07:18:41,2094@01/05/2026 22:02:10,15000@01/05/2026 18:45:02,10000@01/05/2026 18:42:39
2026-05-02T08:40:21.560Z [INFO]: Account create sukses user 7612399455, type: zivpn
2026-05-02T09:13:35.429Z [INFO]: Main menu sent
2026-05-02T09:13:41.870Z [INFO]: create service menu sent
2026-05-02T09:14:29.337Z [INFO]: Main menu sent
2026-05-02T09:14:32.377Z [INFO]: 🔍 User 8790658812 memulai proses top-up saldo.
2026-05-02T09:14:54.749Z [INFO]: [QRIS][user-8790658812-1777713285281] expected=10066 | transaksi(10)=10149@02/05/2026 15:01:35,50137@02/05/2026 07:18:41,2094@01/05/2026 22:02:10,15000@01/05/2026 18:45:02,10000@01/05/2026 18:42:39
2026-05-02T09:16:04.669Z [WARN]: [QRIS] Tidak ada transaksi terbaca dari API. Preview: 📤 Output: 0 dari 0 (filter: masuk) Tidak ada data mutasi.
2026-05-02T09:16:14.682Z [INFO]: [QRIS][user-8790658812-1777713285281] expected=10066 | transaksi(10)=10149@02/05/2026 15:01:35,50137@02/05/2026 07:18:41,2094@01/05/2026 22:02:10,15000@01/05/2026 18:45:02,10000@01/05/2026 18:42:39
2026-05-02T09:17:24.661Z [WARN]: [QRIS] Tidak ada transaksi terbaca dari API. Preview: 📤 Output: 0 dari 0 (filter: masuk) Tidak ada data mutasi.
2026-05-02T09:17:34.697Z [INFO]: [QRIS][user-8790658812-1777713285281] expected=10066 | transaksi(10)=10149@02/05/2026 15:01:35,50137@02/05/2026 07:18:41,2094@01/05/2026 22:02:10,15000@01/05/2026 18:45:02,10000@01/05/2026 18:42:39
2026-05-02T09:17:44.666Z [WARN]: [QRIS] Tidak ada transaksi terbaca dari API. Preview: 📤 Output: 0 dari 0 (filter: masuk) Tidak ada data mutasi.
2026-05-02T09:17:54.693Z [INFO]: [QRIS][user-8790658812-1777713285281] expected=10066 | transaksi(10)=10149@02/05/2026 15:01:35,50137@02/05/2026 07:18:41,2094@01/05/2026 22:02:10,15000@01/05/2026 18:45:02,10000@01/05/2026 18:42:39
2026-05-02T09:23:53.000Z [INFO]: 🧹 Tidak ada akun yang perlu dihapus malam ini.
2026-05-02T09:39:10.595Z [INFO]: Main menu sent
2026-05-02T09:39:16.130Z [INFO]: create service menu sent
2026-05-02T09:40:08.406Z [INFO]: Main menu sent
2026-05-02T09:40:10.896Z [INFO]: 🔍 User 8790658812 memulai proses top-up saldo.
2026-05-02T09:40:24.772Z [INFO]: [QRIS][user-8790658812-1777714821217] expected=4131 | transaksi(10)=10149@02/05/2026 15:01:35,50137@02/05/2026 07:18:41,2094@01/05/2026 22:02:10,15000@01/05/2026 18:45:02,10000@01/05/2026 18:42:39
2026-05-02T09:55:19.780Z [INFO]: Main menu sent
2026-05-02T09:55:36.945Z [INFO]: renew service menu sent
2026-05-02T09:55:54.122Z [INFO]: Main menu sent
2026-05-02T09:56:02.527Z [INFO]: Account create sukses user 7612399455, type: zivpn
2026-05-02T09:59:36.058Z [INFO]: lock service menu sent
2026-05-02T10:00:11.594Z [INFO]: Main menu sent
2026-05-02T10:09:47.768Z [INFO]: Main menu sent
2026-05-02T10:09:53.085Z [INFO]: create service menu sent
2026-05-02T10:23:53.003Z [INFO]: 🧹 Membersihkan 1 akun yang sudah expired > 24 jam.
2026-05-02T10:49:57.160Z [INFO]: Main menu sent
2026-05-02T10:50:00.215Z [INFO]: create service menu sent
2026-05-02T10:50:20.335Z [INFO]: Account create sukses user 7612399455, type: zivpn
2026-05-02T11:23:53.002Z [INFO]: 🧹 Membersihkan 2 akun yang sudah expired > 24 jam.
2026-05-02T11:37:53.966Z [INFO]: Main menu sent
2026-05-02T11:39:53.120Z [INFO]: Main menu sent
2026-05-02T11:40:24.618Z [INFO]: Main menu sent
2026-05-02T11:46:25.393Z [INFO]: Bot initialized
2026-05-02T11:46:25.400Z [INFO]: User state initialized
2026-05-02T11:46:25.403Z [INFO]: [AUTOBACKUP] Aktif setiap 24 jam (tanpa backup saat startup).
2026-05-02T11:46:25.484Z [INFO]: Server berjalan di port 6061
2026-05-02T11:46:25.485Z [INFO]: ⏰ Scheduler Aktif: Pengecekan akun expired & reseller pasif berjalan setiap 1 jam.
2026-05-02T11:46:25.485Z [INFO]: ✅ Scheduler Notifikasi Aktif (Jadwal: 20:00 WIB)
2026-05-02T11:46:25.498Z [INFO]: Terhubung ke SQLite3
2026-05-02T11:46:25.509Z [INFO]: Server table ready
2026-05-02T11:46:25.509Z [INFO]: Transactions table ready
2026-05-02T11:46:25.510Z [INFO]: Table user_accounts ready
2026-05-02T11:46:25.510Z [INFO]: Add IP price loaded from DB: 2000
2026-05-02T11:46:25.511Z [INFO]: Pending deposit loaded:
2026-05-02T11:46:25.511Z [INFO]: 🧹 Tidak ada akun yang perlu dihapus malam ini.
2026-05-02T11:46:26.236Z [INFO]: Admin username detected: @xyztunnn
2026-05-02T11:46:26.502Z [INFO]: ✅ [SYSTEM] Logo QRIS berhasil disimpan di memori.
2026-05-02T12:01:43.544Z [INFO]: Main menu sent
2026-05-02T12:01:47.619Z [INFO]: create service menu sent
2026-05-02T12:05:37.584Z [INFO]: Main menu sent
2026-05-02T12:05:39.639Z [INFO]: trial service menu sent
2026-05-02T12:05:45.881Z [INFO]: ✅ Trial ssh dibuat oleh 8461801575
2026-05-02T12:07:43.448Z [INFO]: Main menu sent
2026-05-02T12:10:23.826Z [INFO]: Main menu sent
2026-05-02T12:14:29.193Z [INFO]: Main menu sent
2026-05-02T12:14:45.611Z [INFO]: [QRIS][upgrade-7768199065-1777724079160] expected=50460 | transaksi(10)=10149@02/05/2026 15:01:35,50137@02/05/2026 07:18:41,2094@01/05/2026 22:02:10,15000@01/05/2026 18:45:02,10000@01/05/2026 18:42:39
2026-05-02T12:15:15.514Z [WARN]: [QRIS] Tidak ada transaksi terbaca dari API. Preview: 📤 Output: 0 dari 0 (filter: masuk) Tidak ada data mutasi.
2026-05-02T12:15:55.536Z [INFO]: [QRIS][upgrade-7768199065-1777724079160] expected=50460 | transaksi(10)=10149@02/05/2026 15:01:35,50137@02/05/2026 07:18:41,2094@01/05/2026 22:02:10,15000@01/05/2026 18:45:02,10000@01/05/2026 18:42:39
2026-05-02T12:16:05.515Z [WARN]: [QRIS] Tidak ada transaksi terbaca dari API. Preview: 📤 Output: 0 dari 0 (filter: masuk) Tidak ada data mutasi.
2026-05-02T12:16:25.543Z [INFO]: [QRIS][upgrade-7768199065-1777724079160] expected=50460 | transaksi(10)=10149@02/05/2026 15:01:35,50137@02/05/2026 07:18:41,2094@01/05/2026 22:02:10,15000@01/05/2026 18:45:02,10000@01/05/2026 18:42:39
2026-05-02T12:16:35.518Z [WARN]: [QRIS] Tidak ada transaksi terbaca dari API. Preview: 📤 Output: 0 dari 0 (filter: masuk) Tidak ada data mutasi.
2026-05-02T12:17:25.534Z [INFO]: [QRIS][upgrade-7768199065-1777724079160] expected=50460 | transaksi(10)=10149@02/05/2026 15:01:35,50137@02/05/2026 07:18:41,2094@01/05/2026 22:02:10,15000@01/05/2026 18:45:02,10000@01/05/2026 18:42:39
2026-05-02T12:17:35.518Z [WARN]: [QRIS] Tidak ada transaksi terbaca dari API. Preview: 📤 Output: 0 dari 0 (filter: masuk) Tidak ada data mutasi.
2026-05-02T12:18:15.581Z [INFO]: [QRIS][upgrade-7768199065-1777724079160] expected=50460 | transaksi(10)=10149@02/05/2026 15:01:35,50137@02/05/2026 07:18:41,2094@01/05/2026 22:02:10,15000@01/05/2026 18:45:02,10000@01/05/2026 18:42:39
2026-05-02T12:19:35.515Z [WARN]: [QRIS] Tidak ada transaksi terbaca dari API. Preview: 📤 Output: 0 dari 0 (filter: masuk) Tidak ada data mutasi.
2026-05-02T12:28:50.523Z [INFO]: 🔍 User 6741034021 memulai proses top-up saldo.
2026-05-02T12:29:05.613Z [INFO]: [QRIS][user-6741034021-1777724937113] expected=3091 | transaksi(10)=10149@02/05/2026 15:01:35,50137@02/05/2026 07:18:41,2094@01/05/2026 22:02:10,15000@01/05/2026 18:45:02,10000@01/05/2026 18:42:39
2026-05-02T12:29:15.545Z [WARN]: [QRIS] Tidak ada transaksi terbaca dari API. Preview: 📤 Output: 0 dari 0 (filter: masuk) Tidak ada data mutasi.
2026-05-02T12:29:25.580Z [INFO]: [QRIS][user-6741034021-1777724937113] expected=3091 | transaksi(10)=10149@02/05/2026 15:01:35,50137@02/05/2026 07:18:41,2094@01/05/2026 22:02:10,15000@01/05/2026 18:45:02,10000@01/05/2026 18:42:39
2026-05-02T12:29:35.536Z [WARN]: [QRIS] Tidak ada transaksi terbaca dari API. Preview: 📤 Output: 0 dari 0 (filter: masuk) Tidak ada data mutasi.
2026-05-02T12:30:15.552Z [INFO]: [QRIS][user-6741034021-1777724937113] expected=3091 | transaksi(10)=3091@02/05/2026 19:29:31,10149@02/05/2026 15:01:35,50137@02/05/2026 07:18:41,2094@01/05/2026 22:02:10,15000@01/05/2026 18:45:02
2026-05-02T12:30:16.632Z [INFO]: Payment processed successfully for user-6741034021-1777724937113
2026-05-02T12:30:19.124Z [INFO]: Main menu sent
2026-05-02T12:30:21.115Z [INFO]: create service menu sent
2026-05-02T12:32:57.847Z [ERROR]: Transaksi gagal user 6741034021 (create): ❌  response server tidak valid
2026-05-02T12:33:06.447Z [INFO]: Main menu sent
2026-05-02T12:33:08.824Z [INFO]: create service menu sent
2026-05-02T12:33:33.804Z [INFO]: Account create sukses user 6741034021, type: zivpn
2026-05-02T12:34:57.835Z [INFO]: Main menu sent
2026-05-02T12:35:00.457Z [INFO]: create service menu sent
2026-05-02T12:35:02.093Z [INFO]: Main menu sent
2026-05-02T12:35:03.923Z [INFO]: 🔍 User 6741034021 memulai proses top-up saldo.
2026-05-02T12:35:15.564Z [WARN]: [QRIS] Tidak ada transaksi terbaca dari API. Preview: 📤 Output: 0 dari 0 (filter: masuk) Tidak ada data mutasi.
2026-05-02T12:35:25.562Z [INFO]: [QRIS][user-6741034021-1777725308808] expected=3019 | transaksi(10)=3091@02/05/2026 19:29:31,10149@02/05/2026 15:01:35,50137@02/05/2026 07:18:41,2094@01/05/2026 22:02:10,15000@01/05/2026 18:45:02
2026-05-02T12:35:35.562Z [WARN]: [QRIS] Tidak ada transaksi terbaca dari API. Preview: 📤 Output: 0 dari 0 (filter: masuk) Tidak ada data mutasi.
2026-05-02T12:36:15.561Z [INFO]: [QRIS][user-6741034021-1777725308808] expected=3019 | transaksi(10)=3019@02/05/2026 19:35:26,3091@02/05/2026 19:29:31,10149@02/05/2026 15:01:35,50137@02/05/2026 07:18:41,2094@01/05/2026 22:02:10
2026-05-02T12:36:16.652Z [INFO]: Payment processed successfully for user-6741034021-1777725308808
2026-05-02T12:36:25.506Z [INFO]: Main menu sent
2026-05-02T12:36:28.402Z [INFO]: create service menu sent
2026-05-02T12:37:05.936Z [INFO]: Account create sukses user 6741034021, type: zivpn
2026-05-02T12:38:53.559Z [INFO]: Main menu sent
2026-05-02T12:39:25.263Z [INFO]: Main menu sent
2026-05-02T12:39:27.752Z [INFO]: create service menu sent
2026-05-02T12:39:43.941Z [INFO]: Main menu sent
2026-05-02T12:40:10.588Z [INFO]: Account create sukses user 7612399455, type: zivpn
2026-05-02T12:44:25.936Z [INFO]: Main menu sent
2026-05-02T12:44:34.076Z [INFO]: create service menu sent
2026-05-02T12:44:54.799Z [INFO]: Main menu sent
2026-05-02T12:45:10.013Z [INFO]: Main menu sent
2026-05-02T12:45:14.533Z [INFO]: renew service menu sent
2026-05-02T12:45:17.021Z [INFO]: Main menu sent
2026-05-02T12:45:20.419Z [INFO]: trial service menu sent
2026-05-02T12:45:22.529Z [INFO]: Main menu sent
2026-05-02T12:45:27.235Z [INFO]: Main menu sent
2026-05-02T12:45:28.784Z [INFO]: trial service menu sent
2026-05-02T12:45:31.999Z [INFO]: ✅ Trial zivpn dibuat oleh 7768199065
2026-05-02T12:45:54.703Z [INFO]: Admin menu requested
2026-05-02T12:45:55.245Z [INFO]: Admin menu sent as new message
2026-05-02T12:45:57.325Z [INFO]: 📋 Proses detail server dimulai
2026-05-02T12:46:25.486Z [INFO]: 🧹 Tidak ada akun yang perlu dihapus malam ini.
2026-05-02T12:46:51.632Z [INFO]: Main menu sent
2026-05-02T12:46:52.972Z [INFO]: create service menu sent
2026-05-02T12:47:00.065Z [INFO]: Main menu sent
2026-05-02T12:47:02.380Z [INFO]: trial service menu sent
2026-05-02T12:47:05.698Z [INFO]: ✅ Trial zivpn dibuat oleh 7960158114
2026-05-02T12:47:42.913Z [INFO]: ✅ Trial zivpn dibuat oleh 7960158114
2026-05-02T12:48:09.606Z [INFO]: Main menu sent
2026-05-02T12:48:11.015Z [INFO]: create service menu sent
2026-05-02T12:48:20.946Z [INFO]: Account create sukses user 7960158114, type: zivpn
2026-05-02T12:49:27.491Z [INFO]: Main menu sent
2026-05-02T12:49:29.446Z [INFO]: trial service menu sent
2026-05-02T12:49:36.228Z [INFO]: ✅ Trial zivpn dibuat oleh 7960158114
2026-05-02T12:49:48.498Z [INFO]: Main menu sent
2026-05-02T12:49:51.022Z [INFO]: trial service menu sent
2026-05-02T12:49:54.348Z [INFO]: ✅ Trial ssh dibuat oleh 7960158114
2026-05-02T12:50:34.879Z [INFO]: Main menu sent
2026-05-02T12:53:16.521Z [INFO]: Main menu sent
2026-05-02T12:53:26.849Z [INFO]: Admin menu requested
2026-05-02T12:53:27.382Z [INFO]: Admin menu sent as new message
2026-05-02T12:53:30.344Z [INFO]: Edit server total create akun process started
2026-05-02T12:53:45.805Z [INFO]: Main menu sent
2026-05-02T12:53:54.429Z [INFO]: create service menu sent
2026-05-02T12:54:20.581Z [INFO]: Admin menu requested
2026-05-02T12:54:21.140Z [INFO]: Admin menu sent as new message
2026-05-02T12:54:24.813Z [INFO]: Edit server batas create akun process started
2026-05-02T12:54:29.019Z [INFO]: Admin menu requested
2026-05-02T12:54:29.605Z [INFO]: Admin menu sent as new message
2026-05-02T12:54:30.851Z [INFO]: Edit server total create akun process started
2026-05-02T12:55:18.224Z [INFO]: User 7768199065 memilih untuk mengedit total create akun server dengan ID: 114
2026-05-02T12:55:27.349Z [INFO]: User 7768199065 memilih untuk mengedit total create akun server dengan ID: 115
2026-05-02T12:55:36.956Z [INFO]: create service menu sent
2026-05-02T12:56:21.032Z [ERROR]: Transaksi gagal user 7960158114 (create): ❌  gagal membuat akun zivpn:
status unauthorization!, please check your [key]
2026-05-02T12:56:46.253Z [INFO]: Admin menu requested
2026-05-02T12:56:46.798Z [INFO]: Admin menu sent as new message
2026-05-02T12:56:48.150Z [INFO]: 📋 Proses detail server dimulai
2026-05-02T12:58:08.403Z [ERROR]: Transaksi gagal user 7960158114 (create): ❌  gagal membuat akun zivpn:
status unauthorization!, please check your [key]
2026-05-02T12:59:26.356Z [ERROR]: Transaksi gagal user 7960158114 (create): ❌  gagal membuat akun zivpn:
status unauthorization!, please check your [key]
2026-05-02T12:59:38.510Z [INFO]: Admin menu requested
2026-05-02T12:59:39.040Z [INFO]: Admin menu sent as new message
2026-05-02T12:59:42.591Z [INFO]: 📋 Proses detail server dimulai
2026-05-02T13:00:25.492Z [INFO]: ⏰ Waktunya kirim notifikasi expired (20:00 WIB)
2026-05-02T13:00:29.071Z [INFO]: ✅ Sukses mengirim notifikasi expired ke 6 user.
2026-05-02T13:00:49.773Z [INFO]: 🎁 Reward: User 7960158114 +2 Poin (26 hari)
2026-05-02T13:00:50.880Z [INFO]: Account create sukses user 7960158114, type: zivpn
2026-05-02T13:03:45.217Z [INFO]: Account create sukses user 7960158114, type: zivpn
2026-05-02T13:04:07.820Z [INFO]: Main menu sent
2026-05-02T13:04:09.060Z [INFO]: create service menu sent
2026-05-02T13:04:25.218Z [INFO]: 🎁 Reward: User 7960158114 +1 Poin (12 hari)
2026-05-02T13:04:26.328Z [INFO]: Account create sukses user 7960158114, type: zivpn
2026-05-02T13:04:58.813Z [INFO]: 🎁 Reward: User 7960158114 +1 Poin (18 hari)
2026-05-02T13:04:59.919Z [INFO]: Account create sukses user 7960158114, type: zivpn
2026-05-02T13:05:43.434Z [INFO]: Account create sukses user 7960158114, type: zivpn
2026-05-02T13:05:47.649Z [INFO]: Main menu sent
2026-05-02T13:05:50.978Z [INFO]: create service menu sent
2026-05-02T13:07:30.897Z [INFO]: 🎁 Reward: User 7960158114 +3 Poin (81 hari)
2026-05-02T13:07:32.090Z [INFO]: Account create sukses user 7960158114, type: zivpn
2026-05-02T13:07:44.229Z [INFO]: Main menu sent
2026-05-02T13:07:45.989Z [INFO]: del service menu sent
2026-05-02T13:09:47.496Z [INFO]: 🎁 Reward: User 7960158114 +2 Poin (52 hari)
2026-05-02T13:09:48.613Z [INFO]: Account create sukses user 7960158114, type: zivpn
2026-05-02T13:14:09.527Z [INFO]: Main menu sent
2026-05-02T13:14:48.048Z [INFO]: Main menu sent
2026-05-02T13:14:49.466Z [INFO]: create service menu sent
2026-05-02T13:15:01.406Z [INFO]: Account create sukses user 7960158114, type: zivpn
2026-05-02T13:15:55.507Z [INFO]: 🎁 Reward: User 7960158114 +2 Poin (21 hari)
2026-05-02T13:15:56.976Z [INFO]: Account create sukses user 7960158114, type: zivpn
2026-05-02T13:16:40.864Z [INFO]: 🎁 Reward: User 7960158114 +1 Poin (19 hari)
2026-05-02T13:16:41.957Z [INFO]: Account create sukses user 7960158114, type: zivpn
2026-05-02T13:17:19.505Z [INFO]: 🎁 Reward: User 7960158114 +1 Poin (19 hari)
2026-05-02T13:17:20.605Z [INFO]: Account create sukses user 7960158114, type: zivpn
2026-05-02T13:17:46.794Z [INFO]: Main menu sent
2026-05-02T13:17:48.231Z [INFO]: create service menu sent
2026-05-02T13:17:56.571Z [INFO]: Main menu sent
2026-05-02T13:17:58.774Z [INFO]: create service menu sent
2026-05-02T13:18:00.086Z [INFO]: 🎁 Reward: User 7960158114 +1 Poin (18 hari)
2026-05-02T13:18:01.191Z [INFO]: Account create sukses user 7960158114, type: zivpn
2026-05-02T13:18:13.616Z [INFO]: Main menu sent
2026-05-02T13:18:16.598Z [INFO]: create service menu sent
2026-05-02T13:18:26.062Z [INFO]: 🎁 Reward: User 7960158114 +1 Poin (17 hari)
2026-05-02T13:18:27.202Z [INFO]: Account create sukses user 7960158114, type: zivpn
2026-05-02T13:18:45.497Z [INFO]: 🎁 Reward: User 7960158114 +1 Poin (16 hari)
2026-05-02T13:18:46.597Z [INFO]: Account create sukses user 7960158114, type: zivpn
2026-05-02T13:19:02.006Z [INFO]: Main menu sent
2026-05-02T13:19:03.417Z [INFO]: create service menu sent
2026-05-02T13:19:20.303Z [INFO]: 🎁 Reward: User 7960158114 +1 Poin (16 hari)
2026-05-02T13:19:21.404Z [INFO]: Account create sukses user 7960158114, type: zivpn
2026-05-02T13:19:52.803Z [INFO]: 🎁 Reward: User 7960158114 +1 Poin (14 hari)
2026-05-02T13:19:53.898Z [INFO]: Account create sukses user 7960158114, type: zivpn
2026-05-02T13:20:17.996Z [INFO]: 🎁 Reward: User 7960158114 +1 Poin (15 hari)
2026-05-02T13:20:19.097Z [INFO]: Account create sukses user 7960158114, type: zivpn
2026-05-02T13:20:36.278Z [INFO]: 🎁 Reward: User 7960158114 +1 Poin (16 hari)
2026-05-02T13:20:37.375Z [INFO]: Account create sukses user 7960158114, type: zivpn
2026-05-02T13:20:54.692Z [INFO]: 🎁 Reward: User 7960158114 +1 Poin (16 hari)
2026-05-02T13:20:55.796Z [INFO]: Account create sukses user 7960158114, type: zivpn
2026-05-02T13:21:13.716Z [INFO]: 🎁 Reward: User 7960158114 +1 Poin (12 hari)
2026-05-02T13:21:14.813Z [INFO]: Account create sukses user 7960158114, type: zivpn
2026-05-02T13:21:27.343Z [INFO]: Main menu sent
2026-05-02T13:21:28.765Z [INFO]: create service menu sent
2026-05-02T13:21:39.892Z [INFO]: 🎁 Reward: User 7960158114 +1 Poin (14 hari)
2026-05-02T13:21:41.002Z [INFO]: Account create sukses user 7960158114, type: zivpn
2026-05-02T13:21:55.235Z [INFO]: 🎁 Reward: User 7960158114 +1 Poin (14 hari)
2026-05-02T13:21:56.342Z [INFO]: Account create sukses user 7960158114, type: zivpn
2026-05-02T13:22:20.525Z [INFO]: 🎁 Reward: User 7960158114 +1 Poin (14 hari)
2026-05-02T13:22:21.632Z [INFO]: Account create sukses user 7960158114, type: zivpn
2026-05-02T13:22:47.228Z [INFO]: Main menu sent
2026-05-02T13:22:48.585Z [INFO]: create service menu sent
2026-05-02T13:22:55.995Z [INFO]: 🎁 Reward: User 7960158114 +1 Poin (12 hari)
2026-05-02T13:22:57.108Z [INFO]: Account create sukses user 7960158114, type: zivpn
2026-05-02T13:23:11.494Z [INFO]: 🎁 Reward: User 7960158114 +1 Poin (12 hari)
2026-05-02T13:23:12.629Z [INFO]: Account create sukses user 7960158114, type: zivpn
2026-05-02T13:23:20.283Z [INFO]: Main menu sent
2026-05-02T13:23:21.682Z [INFO]: create service menu sent
2026-05-02T13:23:32.738Z [INFO]: 🎁 Reward: User 7960158114 +1 Poin (12 hari)
2026-05-02T13:23:33.841Z [INFO]: Account create sukses user 7960158114, type: zivpn
2026-05-02T13:23:45.322Z [INFO]: 🎁 Reward: User 7960158114 +1 Poin (12 hari)
2026-05-02T13:23:46.424Z [INFO]: Account create sukses user 7960158114, type: zivpn
2026-05-02T13:24:18.411Z [INFO]: 🎁 Reward: User 7960158114 +1 Poin (10 hari)
2026-05-02T13:24:19.520Z [INFO]: Account create sukses user 7960158114, type: zivpn
2026-05-02T13:24:34.093Z [INFO]: 🎁 Reward: User 7960158114 +1 Poin (10 hari)
2026-05-02T13:24:35.196Z [INFO]: Account create sukses user 7960158114, type: zivpn
2026-05-02T13:24:57.367Z [INFO]: 🎁 Reward: User 7960158114 +1 Poin (8 hari)
2026-05-02T13:24:58.469Z [INFO]: Account create sukses user 7960158114, type: zivpn
2026-05-02T13:25:18.138Z [INFO]: Account create sukses user 7960158114, type: zivpn
2026-05-02T13:25:49.735Z [INFO]: Account create sukses user 7960158114, type: zivpn
2026-05-02T13:26:09.082Z [INFO]: Main menu sent
2026-05-02T13:26:12.289Z [INFO]: create service menu sent
2026-05-02T13:26:24.305Z [INFO]: Account create sukses user 7960158114, type: zivpn
2026-05-02T13:26:25.012Z [INFO]: Main menu sent
2026-05-02T13:26:26.875Z [INFO]: create service menu sent
2026-05-02T13:26:45.710Z [INFO]: Account create sukses user 7960158114, type: zivpn
2026-05-02T13:27:21.894Z [INFO]: Account create sukses user 7960158114, type: zivpn
2026-05-02T13:27:51.491Z [INFO]: Account create sukses user 7960158114, type: zivpn
2026-05-02T13:28:15.089Z [INFO]: Main menu sent
2026-05-02T13:28:16.364Z [INFO]: create service menu sent
2026-05-02T13:28:38.733Z [INFO]: 🎁 Reward: User 7960158114 +3 Poin (62 hari)
2026-05-02T13:28:39.838Z [INFO]: Account create sukses user 7960158114, type: zivpn
2026-05-02T13:29:15.413Z [INFO]: Account create sukses user 7960158114, type: zivpn
2026-05-02T13:29:44.027Z [INFO]: Account create sukses user 7960158114, type: zivpn
2026-05-02T13:30:08.878Z [INFO]: Account create sukses user 7960158114, type: zivpn
2026-05-02T13:30:27.023Z [INFO]: Account create sukses user 7960158114, type: zivpn
2026-05-02T13:30:33.565Z [INFO]: 🎁 Reward: User 8461801575 +1 Poin (7 hari)
2026-05-02T13:30:34.668Z [INFO]: Account create sukses user 8461801575, type: ssh
2026-05-02T13:30:40.387Z [INFO]: Main menu sent
2026-05-02T13:30:42.352Z [INFO]: create service menu sent
2026-05-02T13:30:58.356Z [INFO]: Account create sukses user 7960158114, type: zivpn
2026-05-02T13:31:20.327Z [INFO]: Account create sukses user 7960158114, type: zivpn
2026-05-02T13:31:38.656Z [INFO]: Account create sukses user 7960158114, type: zivpn
2026-05-02T13:31:46.739Z [INFO]: Main menu sent
2026-05-02T13:31:48.402Z [INFO]: create service menu sent
2026-05-02T13:32:01.623Z [INFO]: 🎁 Reward: User 7960158114 +3 Poin (62 hari)
2026-05-02T13:32:03.100Z [INFO]: Account create sukses user 7960158114, type: zivpn
2026-05-02T13:32:29.892Z [INFO]: Account create sukses user 7960158114, type: zivpn
2026-05-02T13:32:48.904Z [INFO]: Account create sukses user 7960158114, type: zivpn
2026-05-02T13:33:09.360Z [INFO]: Account create sukses user 7960158114, type: zivpn
2026-05-02T13:33:19.578Z [INFO]: Main menu sent
2026-05-02T13:33:24.484Z [INFO]: create service menu sent
2026-05-02T13:33:40.547Z [INFO]: 🎁 Reward: User 7960158114 +3 Poin (61 hari)
2026-05-02T13:33:41.643Z [INFO]: Account create sukses user 7960158114, type: zivpn
2026-05-02T13:33:46.915Z [INFO]: Main menu sent
2026-05-02T13:33:48.215Z [INFO]: create service menu sent
2026-05-02T13:33:59.051Z [ERROR]: Transaksi gagal user 7960158114 (create): ❌  gagal membuat akun zivpn:
username akun sudah di gunakan
masukan username baru!
2026-05-02T13:34:25.748Z [INFO]: Main menu sent
2026-05-02T13:34:40.596Z [INFO]: Account create sukses user 7960158114, type: zivpn
2026-05-02T13:34:52.831Z [INFO]: Main menu sent
2026-05-02T13:34:54.202Z [INFO]: create service menu sent
2026-05-02T13:35:05.395Z [INFO]: Account create sukses user 7960158114, type: zivpn
2026-05-02T13:35:17.469Z [INFO]: Main menu sent
2026-05-02T13:35:18.863Z [INFO]: create service menu sent
2026-05-02T13:35:31.200Z [INFO]: Account create sukses user 7960158114, type: zivpn
2026-05-02T13:35:33.644Z [INFO]: Main menu sent
2026-05-02T13:36:13.113Z [INFO]: Account create sukses user 7960158114, type: zivpn
2026-05-02T13:36:22.640Z [INFO]: Main menu sent
2026-05-02T13:36:51.090Z [INFO]: 🎁 Reward: User 7960158114 +2 Poin (59 hari)
2026-05-02T13:36:52.544Z [INFO]: Account create sukses user 7960158114, type: zivpn
2026-05-02T13:37:05.850Z [INFO]: create service menu sent
2026-05-02T13:37:58.355Z [INFO]: Main menu sent
2026-05-02T13:37:59.983Z [INFO]: create service menu sent
2026-05-02T13:38:02.903Z [INFO]: Main menu sent
2026-05-02T13:38:03.660Z [INFO]: Main menu sent
2026-05-02T13:38:04.204Z [INFO]: create service menu sent
2026-05-02T13:38:04.968Z [INFO]: create service menu sent
2026-05-02T13:38:19.741Z [INFO]: 🎁 Reward: User 7960158114 +2 Poin (59 hari)
2026-05-02T13:38:21.204Z [INFO]: Account create sukses user 7960158114, type: zivpn
2026-05-02T13:42:56.164Z [INFO]: Main menu sent
2026-05-02T13:45:33.591Z [INFO]: Bot initialized
2026-05-02T13:45:33.598Z [INFO]: User state initialized
2026-05-02T13:45:33.601Z [INFO]: [AUTOBACKUP] Aktif setiap 24 jam (tanpa backup saat startup).
2026-05-02T13:45:33.685Z [INFO]: Server berjalan di port 6061
2026-05-02T13:45:33.685Z [INFO]: ⏰ Scheduler Aktif: Pengecekan akun expired & reseller pasif berjalan setiap 1 jam.
2026-05-02T13:45:33.686Z [INFO]: ✅ Scheduler Notifikasi Aktif (Jadwal: 20:00 WIB)
2026-05-02T13:45:33.699Z [INFO]: Terhubung ke SQLite3
2026-05-02T13:45:33.710Z [INFO]: Server table ready
2026-05-02T13:45:33.711Z [INFO]: Transactions table ready
2026-05-02T13:45:33.711Z [INFO]: Table user_accounts ready
2026-05-02T13:45:33.712Z [INFO]: Add IP price loaded from DB: 2000
2026-05-02T13:45:33.712Z [INFO]: Pending deposit loaded:
2026-05-02T13:45:33.713Z [INFO]: 🧹 Tidak ada akun yang perlu dihapus malam ini.
2026-05-02T13:45:34.428Z [INFO]: Admin username detected: @xyztunnn
2026-05-02T13:45:34.463Z [INFO]: ✅ [SYSTEM] Logo QRIS berhasil disimpan di memori.
2026-05-02T13:45:57.721Z [INFO]: Main menu sent
2026-05-02T13:46:00.903Z [INFO]: trial service menu sent
2026-05-02T13:46:07.537Z [INFO]: ✅ Trial zivpn dibuat oleh 7960158114
2026-05-02T13:55:48.129Z [INFO]: Main menu sent
2026-05-02T13:55:53.779Z [INFO]: create service menu sent
2026-05-02T14:45:33.687Z [INFO]: 🧹 Tidak ada akun yang perlu dihapus malam ini.
2026-05-02T15:07:40.115Z [INFO]: Main menu sent
2026-05-02T15:08:39.527Z [INFO]: create service menu sent
2026-05-02T15:08:44.745Z [INFO]: Main menu sent
2026-05-02T15:08:52.546Z [INFO]: renew service menu sent
2026-05-02T15:10:13.073Z [INFO]: Main menu sent
2026-05-02T15:10:13.666Z [INFO]: Main menu sent
2026-05-02T15:10:30.719Z [INFO]: create service menu sent
2026-05-02T15:11:22.837Z [INFO]: Main menu sent
2026-05-02T15:11:27.134Z [INFO]: create service menu sent
2026-05-02T15:13:13.615Z [INFO]: Account create sukses user 1803465648, type: zivpn
2026-05-02T15:14:35.494Z [INFO]: Main menu sent
2026-05-02T15:15:35.049Z [INFO]: Main menu sent
2026-05-02T15:15:37.210Z [INFO]: create service menu sent
2026-05-02T15:15:46.922Z [INFO]: renew service menu sent
2026-05-02T15:15:59.884Z [INFO]: Main menu sent
2026-05-02T15:16:02.745Z [INFO]: create service menu sent
2026-05-02T15:45:33.687Z [INFO]: 🧹 Tidak ada akun yang perlu dihapus malam ini.
2026-05-02T16:05:11.064Z [INFO]: Main menu sent
2026-05-02T16:23:03.569Z [INFO]: Main menu sent
2026-05-02T16:23:05.577Z [INFO]: create service menu sent
2026-05-02T16:45:33.687Z [INFO]: 🧹 Tidak ada akun yang perlu dihapus malam ini.
2026-05-02T16:58:13.537Z [INFO]: Main menu sent
2026-05-02T16:58:16.720Z [INFO]: create service menu sent
2026-05-02T17:45:33.688Z [INFO]: 🧹 Tidak ada akun yang perlu dihapus malam ini.
2026-05-02T17:51:17.013Z [INFO]: Main menu sent
2026-05-02T17:51:33.615Z [INFO]: create service menu sent
2026-05-02T17:52:06.969Z [INFO]: Main menu sent
2026-05-02T18:45:33.688Z [INFO]: 🧹 Tidak ada akun yang perlu dihapus malam ini.
2026-05-02T19:45:33.689Z [INFO]: 🧹 Tidak ada akun yang perlu dihapus malam ini.
2026-05-02T20:45:33.690Z [INFO]: 🧹 Tidak ada akun yang perlu dihapus malam ini.
2026-05-02T21:28:48.372Z [INFO]: Main menu sent
2026-05-02T21:28:50.244Z [INFO]: create service menu sent
2026-05-02T21:29:03.966Z [INFO]: Main menu sent
2026-05-02T21:29:05.856Z [INFO]: 🔍 User 7570184058 memulai proses top-up saldo.
2026-05-02T21:29:06.192Z [INFO]: 🔍 Reseller 7570184058 diminta untuk memasukkan jumlah nominal saldo (keypad).
2026-05-02T21:29:24.419Z [INFO]: [QRIS][user-7570184058-1777757356473] expected=50033 | transaksi(10)=10000@02/05/2026 21:43:13,3019@02/05/2026 19:35:26,3091@02/05/2026 19:29:31,10149@02/05/2026 15:01:35,50137@02/05/2026 07:18:41
2026-05-02T21:30:04.323Z [INFO]: [QRIS][user-7570184058-1777757356473] expected=50033 | transaksi(10)=50033@03/05/2026 04:30:00,10000@02/05/2026 21:43:13,3019@02/05/2026 19:35:26,3091@02/05/2026 19:29:31,10149@02/05/2026 15:01:35
2026-05-02T21:30:05.024Z [INFO]: Payment processed successfully for user-7570184058-1777757356473
2026-05-02T21:30:14.346Z [INFO]: Main menu sent
2026-05-02T21:30:17.189Z [INFO]: create service menu sent
2026-05-02T21:30:54.658Z [INFO]: 🎁 Reward: User 7570184058 +2 Poin (31 hari)
2026-05-02T21:30:56.123Z [INFO]: Account create sukses user 7570184058, type: zivpn
2026-05-02T21:31:20.234Z [INFO]: 🎁 Reward: User 7570184058 +2 Poin (31 hari)
2026-05-02T21:31:21.328Z [INFO]: Account create sukses user 7570184058, type: zivpn
2026-05-02T21:31:42.279Z [INFO]: 🎁 Reward: User 7570184058 +2 Poin (31 hari)
2026-05-02T21:31:43.371Z [INFO]: Account create sukses user 7570184058, type: zivpn
2026-05-02T21:45:33.690Z [INFO]: 🧹 Tidak ada akun yang perlu dihapus malam ini.
2026-05-02T22:04:34.220Z [INFO]: Main menu sent
2026-05-02T22:04:40.271Z [INFO]: create service menu sent
2026-05-02T22:10:52.890Z [INFO]: Main menu sent
2026-05-02T22:25:39.380Z [INFO]: Main menu sent
2026-05-02T22:25:47.518Z [INFO]: create service menu sent
2026-05-02T22:45:33.690Z [INFO]: 🧹 Tidak ada akun yang perlu dihapus malam ini.
2026-05-02T23:28:44.123Z [INFO]: Main menu sent
2026-05-02T23:28:46.479Z [INFO]: create service menu sent
2026-05-02T23:29:21.311Z [INFO]: Account create sukses user 1734416542, type: ssh
2026-05-02T23:35:00.330Z [INFO]: Main menu sent
2026-05-02T23:35:02.542Z [INFO]: create service menu sent
2026-05-02T23:35:25.884Z [INFO]: 🎁 Reward: User 7960158114 +1 Poin (10 hari)
2026-05-02T23:35:26.974Z [INFO]: Account create sukses user 7960158114, type: zivpn
2026-05-02T23:36:00.261Z [INFO]: Account create sukses user 7960158114, type: zivpn
2026-05-02T23:38:02.955Z [INFO]: Admin menu requested
2026-05-02T23:38:03.494Z [INFO]: Admin menu sent as new message
2026-05-02T23:38:06.547Z [INFO]: Edit server total create akun process started
2026-05-02T23:38:18.246Z [INFO]: User 7768199065 memilih untuk mengedit total create akun server dengan ID: 118
2026-05-02T23:38:31.535Z [INFO]: Main menu sent
2026-05-02T23:38:32.883Z [INFO]: create service menu sent
2026-05-02T23:38:42.950Z [INFO]: Main menu sent
2026-05-02T23:38:45.888Z [INFO]: create service menu sent
2026-05-02T23:38:53.809Z [INFO]: Main menu sent
2026-05-02T23:38:56.911Z [INFO]: Main menu sent
2026-05-02T23:38:58.284Z [INFO]: create service menu sent
2026-05-02T23:39:18.596Z [INFO]: Main menu sent
2026-05-02T23:39:19.966Z [INFO]: create service menu sent
2026-05-02T23:40:42.428Z [INFO]: User 7768199065 memilih untuk mengedit total create akun server dengan ID: 119
2026-05-02T23:45:27.872Z [INFO]: Main menu sent
2026-05-02T23:45:33.691Z [INFO]: 🧹 Tidak ada akun yang perlu dihapus malam ini.
2026-05-02T23:59:07.950Z [INFO]: Main menu sent
2026-05-02T23:59:35.917Z [INFO]: renew service menu sent
2026-05-02T23:59:50.044Z [INFO]: Main menu sent
2026-05-02T23:59:56.164Z [INFO]: create service menu sent
2026-05-03T00:09:30.371Z [INFO]: Main menu sent
2026-05-03T00:09:39.983Z [INFO]: Main menu sent
2026-05-03T00:10:08.043Z [INFO]: Main menu sent
2026-05-03T00:12:36.747Z [INFO]: Main menu sent
2026-05-03T00:12:45.132Z [INFO]: 🔍 User 6825006520 memulai proses top-up saldo.
2026-05-03T00:13:59.599Z [INFO]: Main menu sent
2026-05-03T00:14:01.403Z [INFO]: trial service menu sent
2026-05-03T00:14:07.007Z [INFO]: ✅ Trial ssh dibuat oleh 8461801575
2026-05-03T00:14:51.040Z [INFO]: Main menu sent
2026-05-03T00:15:55.307Z [INFO]: Bot initialized
2026-05-03T00:15:55.314Z [INFO]: User state initialized
2026-05-03T00:15:55.317Z [INFO]: [AUTOBACKUP] Aktif setiap 24 jam (tanpa backup saat startup).
2026-05-03T00:15:55.397Z [INFO]: Server berjalan di port 6061
2026-05-03T00:15:55.398Z [INFO]: ⏰ Scheduler Aktif: Pengecekan akun expired & reseller pasif berjalan setiap 1 jam.
2026-05-03T00:15:55.399Z [INFO]: ✅ Scheduler Notifikasi Aktif (Jadwal: 20:00 WIB)
2026-05-03T00:15:55.410Z [INFO]: Terhubung ke SQLite3
2026-05-03T00:15:55.423Z [INFO]: Server table ready
2026-05-03T00:15:55.424Z [INFO]: Transactions table ready
2026-05-03T00:15:55.449Z [INFO]: Table user_accounts ready
2026-05-03T00:15:55.449Z [INFO]: Add IP price loaded from DB: 2000
2026-05-03T00:15:55.450Z [INFO]: Pending deposit loaded:
2026-05-03T00:15:55.452Z [INFO]: 🧹 Membersihkan 1 akun yang sudah expired > 24 jam.
2026-05-03T00:15:56.135Z [INFO]: Admin username detected: @xyztunnn
2026-05-03T00:15:56.505Z [INFO]: ✅ [SYSTEM] Logo QRIS berhasil disimpan di memori.
2026-05-03T00:16:32.032Z [INFO]: Main menu sent
2026-05-03T00:18:23.108Z [INFO]: Main menu sent
2026-05-03T00:18:24.978Z [INFO]: create service menu sent
2026-05-03T00:19:07.542Z [INFO]: Account create sukses user 7612399455, type: zivpn
2026-05-03T01:15:15.013Z [INFO]: Main menu sent
2026-05-03T01:15:18.381Z [INFO]: create service menu sent
2026-05-03T01:15:55.402Z [INFO]: 🧹 Tidak ada akun yang perlu dihapus malam ini.
2026-05-03T01:49:18.307Z [INFO]: Main menu sent
2026-05-03T01:49:31.204Z [INFO]: Main menu sent
2026-05-03T01:49:36.230Z [INFO]: create service menu sent
2026-05-03T01:51:05.784Z [INFO]: Main menu sent
2026-05-03T01:51:16.562Z [INFO]: Main menu sent
2026-05-03T01:51:19.036Z [INFO]: 🔍 User 6825006520 memulai proses top-up saldo.
2026-05-03T01:51:35.605Z [INFO]: [QRIS][user-6825006520-1777773088014] expected=10208 | transaksi(10)=50033@03/05/2026 04:30:00,10000@02/05/2026 21:43:13,3019@02/05/2026 19:35:26,3091@02/05/2026 19:29:31,10149@02/05/2026 15:01:35
2026-05-03T02:15:55.401Z [INFO]: 🧹 Membersihkan 1 akun yang sudah expired > 24 jam.
2026-05-03T02:25:54.470Z [INFO]: Main menu sent
2026-05-03T02:25:58.011Z [INFO]: create service menu sent
2026-05-03T02:26:49.771Z [INFO]: Account create sukses user 810564575, type: zivpn
2026-05-03T03:15:55.400Z [INFO]: 🧹 Tidak ada akun yang perlu dihapus malam ini.
2026-05-03T03:18:28.616Z [INFO]: Main menu sent
2026-05-03T04:15:55.402Z [INFO]: 🧹 Membersihkan 1 akun yang sudah expired > 24 jam.
2026-05-03T04:59:09.795Z [INFO]: Main menu sent
2026-05-03T04:59:47.915Z [INFO]: Main menu sent
2026-05-03T04:59:51.759Z [INFO]: create service menu sent
2026-05-03T04:59:56.546Z [INFO]: Main menu sent
2026-05-03T04:59:58.438Z [INFO]: 🔍 User 8169707317 memulai proses top-up saldo.
2026-05-03T05:00:15.875Z [INFO]: [QRIS][user-8169707317-1777784403466] expected=10262 | transaksi(10)=50033@03/05/2026 04:30:00,10000@02/05/2026 21:43:13,3019@02/05/2026 19:35:26,3091@02/05/2026 19:29:31,10149@02/05/2026 15:01:35
2026-05-03T05:02:05.826Z [WARN]: [QRIS] Tidak ada transaksi terbaca dari API. Preview: 📤 Output: 0 dari 0 (filter: masuk) Tidak ada data mutasi.
2026-05-03T05:02:15.784Z [INFO]: [QRIS][user-8169707317-1777784403466] expected=10262 | transaksi(10)=10262@03/05/2026 12:02:02,50033@03/05/2026 04:30:00,10000@02/05/2026 21:43:13,3019@02/05/2026 19:35:26,3091@02/05/2026 19:29:31
2026-05-03T05:02:16.510Z [INFO]: Payment processed successfully for user-8169707317-1777784403466
2026-05-03T05:15:55.401Z [INFO]: 🧹 Tidak ada akun yang perlu dihapus malam ini.
2026-05-03T06:15:55.401Z [INFO]: 🧹 Tidak ada akun yang perlu dihapus malam ini.
2026-05-03T07:15:55.401Z [INFO]: 🧹 Tidak ada akun yang perlu dihapus malam ini.
2026-05-03T07:20:57.263Z [INFO]: Main menu sent
2026-05-03T07:21:07.225Z [INFO]: Main menu sent
2026-05-03T07:23:13.144Z [INFO]: Main menu sent
2026-05-03T07:29:21.362Z [INFO]: Main menu sent
2026-05-03T07:29:29.184Z [INFO]: Main menu sent
2026-05-03T07:30:43.921Z [INFO]: create service menu sent
2026-05-03T07:31:15.180Z [INFO]: Account create sukses user 8246744834, type: ssh
2026-05-03T07:47:31.646Z [INFO]: Main menu sent
2026-05-03T08:11:26.475Z [INFO]: Main menu sent
2026-05-03T08:11:42.120Z [INFO]: Main menu sent
2026-05-03T08:11:46.578Z [INFO]: 🔍 User 1119818044 memulai proses top-up saldo.
2026-05-03T08:11:56.096Z [WARN]: [QRIS] Tidak ada transaksi terbaca dari API. Preview: 📤 Output: 0 dari 0 (filter: masuk) Tidak ada data mutasi.
2026-05-03T08:12:16.145Z [INFO]: [QRIS][user-1119818044-1777795911922] expected=10283 | transaksi(10)=10283@03/05/2026 15:12:07,10262@03/05/2026 12:02:02,50033@03/05/2026 04:30:00,10000@02/05/2026 21:43:13,3019@02/05/2026 19:35:26
2026-05-03T08:12:17.247Z [INFO]: Payment processed successfully for user-1119818044-1777795911922
2026-05-03T08:12:25.181Z [INFO]: Main menu sent
2026-05-03T08:12:27.581Z [INFO]: create service menu sent
2026-05-03T08:13:21.833Z [INFO]: Account create sukses user 1119818044, type: vmess
2026-05-03T08:15:17.255Z [INFO]: 🎁 Reward: User 7960158114 +2 Poin (29 hari)
2026-05-03T08:15:18.743Z [INFO]: Account create sukses user 7960158114, type: zivpn
2026-05-03T08:15:55.401Z [INFO]: 🧹 Tidak ada akun yang perlu dihapus malam ini.
2026-05-03T08:42:14.051Z [INFO]: Account create sukses user 7612399455, type: zivpn
2026-05-03T09:15:55.402Z [INFO]: 🧹 Tidak ada akun yang perlu dihapus malam ini.
2026-05-03T09:31:38.309Z [INFO]: Main menu sent
2026-05-03T10:15:55.401Z [INFO]: 🧹 Tidak ada akun yang perlu dihapus malam ini.
2026-05-03T10:28:44.154Z [INFO]: Main menu sent
2026-05-03T10:28:45.574Z [INFO]: create service menu sent
2026-05-03T10:29:21.927Z [INFO]: 🎁 Reward: User 7960158114 +2 Poin (45 hari)
2026-05-03T10:29:23.375Z [INFO]: Account create sukses user 7960158114, type: zivpn
2026-05-03T10:57:52.020Z [INFO]: Main menu sent
2026-05-03T11:15:55.401Z [INFO]: 🧹 Tidak ada akun yang perlu dihapus malam ini.
2026-05-03T11:17:08.623Z [INFO]: Main menu sent
2026-05-03T11:43:57.707Z [INFO]: Main menu sent
2026-05-03T11:44:02.943Z [INFO]: 🔍 User 6380781342 memulai proses top-up saldo.
2026-05-03T11:44:16.538Z [INFO]: [QRIS][user-6380781342-1777808648034] expected=5262 | transaksi(10)=10283@03/05/2026 15:12:07,10262@03/05/2026 12:02:02,50033@03/05/2026 04:30:00,10000@02/05/2026 21:43:13,3019@02/05/2026 19:35:26
2026-05-03T11:44:46.425Z [WARN]: [QRIS] Tidak ada transaksi terbaca dari API. Preview: 📤 Output: 0 dari 0 (filter: masuk) Tidak ada data mutasi.
2026-05-03T11:44:56.476Z [INFO]: [QRIS][user-6380781342-1777808648034] expected=5262 | transaksi(10)=10283@03/05/2026 15:12:07,10262@03/05/2026 12:02:02,50033@03/05/2026 04:30:00,10000@02/05/2026 21:43:13,3019@02/05/2026 19:35:26
2026-05-03T11:45:06.440Z [WARN]: [QRIS] Tidak ada transaksi terbaca dari API. Preview: 📤 Output: 0 dari 0 (filter: masuk) Tidak ada data mutasi.
2026-05-03T11:45:16.449Z [INFO]: [QRIS][user-6380781342-1777808648034] expected=5262 | transaksi(10)=10283@03/05/2026 15:12:07,10262@03/05/2026 12:02:02,50033@03/05/2026 04:30:00,10000@02/05/2026 21:43:13,3019@02/05/2026 19:35:26
2026-05-03T11:45:26.445Z [WARN]: [QRIS] Tidak ada transaksi terbaca dari API. Preview: 📤 Output: 0 dari 0 (filter: masuk) Tidak ada data mutasi.
2026-05-03T11:45:46.448Z [INFO]: [QRIS][user-6380781342-1777808648034] expected=5262 | transaksi(10)=10283@03/05/2026 15:12:07,10262@03/05/2026 12:02:02,50033@03/05/2026 04:30:00,10000@02/05/2026 21:43:13,3019@02/05/2026 19:35:26
2026-05-03T11:46:06.435Z [WARN]: [QRIS] Tidak ada transaksi terbaca dari API. Preview: 📤 Output: 0 dari 0 (filter: masuk) Tidak ada data mutasi.
2026-05-03T11:46:16.451Z [INFO]: [QRIS][user-6380781342-1777808648034] expected=5262 | transaksi(10)=10283@03/05/2026 15:12:07,10262@03/05/2026 12:02:02,50033@03/05/2026 04:30:00,10000@02/05/2026 21:43:13,3019@02/05/2026 19:35:26
2026-05-03T11:46:26.427Z [WARN]: [QRIS] Tidak ada transaksi terbaca dari API. Preview: 📤 Output: 0 dari 0 (filter: masuk) Tidak ada data mutasi.
2026-05-03T11:46:36.418Z [INFO]: [QRIS][user-6380781342-1777808648034] expected=5262 | transaksi(10)=10283@03/05/2026 15:12:07,10262@03/05/2026 12:02:02,50033@03/05/2026 04:30:00,10000@02/05/2026 21:43:13,3019@02/05/2026 19:35:26
2026-05-03T11:46:46.438Z [WARN]: [QRIS] Tidak ada transaksi terbaca dari API. Preview: 📤 Output: 0 dari 0 (filter: masuk) Tidak ada data mutasi.
2026-05-03T11:46:56.457Z [INFO]: [QRIS][user-6380781342-1777808648034] expected=5262 | transaksi(10)=10283@03/05/2026 15:12:07,10262@03/05/2026 12:02:02,50033@03/05/2026 04:30:00,10000@02/05/2026 21:43:13,3019@02/05/2026 19:35:26
2026-05-03T11:49:06.438Z [WARN]: [QRIS] Tidak ada transaksi terbaca dari API. Preview: 📤 Output: 0 dari 0 (filter: masuk) Tidak ada data mutasi.
2026-05-03T11:56:48.232Z [INFO]: Main menu sent
2026-05-03T12:13:05.574Z [INFO]: create service menu sent
2026-05-03T12:13:12.296Z [INFO]: Main menu sent
2026-05-03T12:13:24.092Z [INFO]: trial service menu sent
2026-05-03T12:15:55.401Z [INFO]: 🧹 Tidak ada akun yang perlu dihapus malam ini.
2026-05-03T12:29:38.162Z [INFO]: Main menu sent
2026-05-03T12:59:23.356Z [INFO]: Main menu sent
2026-05-03T12:59:44.366Z [INFO]: create service menu sent
2026-05-03T13:00:07.940Z [INFO]: Main menu sent
2026-05-03T13:00:10.136Z [INFO]: create service menu sent
2026-05-03T13:00:55.609Z [INFO]: ⏰ Waktunya kirim notifikasi expired (20:00 WIB)
2026-05-03T13:00:59.491Z [INFO]: ✅ Sukses mengirim notifikasi expired ke 6 user.
2026-05-03T13:05:44.372Z [INFO]: Main menu sent
2026-05-03T13:05:47.890Z [INFO]: create service menu sent
2026-05-03T13:06:31.350Z [INFO]: Main menu sent
2026-05-03T13:06:43.574Z [INFO]: create service menu sent
2026-05-03T13:07:19.323Z [INFO]: 🔍 User 1842569185 memulai proses top-up saldo.
2026-05-03T13:13:22.516Z [INFO]: Main menu sent
2026-05-03T13:15:55.401Z [INFO]: 🧹 Tidak ada akun yang perlu dihapus malam ini.
2026-05-03T13:24:56.229Z [INFO]: Main menu sent
2026-05-03T13:25:00.009Z [INFO]: unlock service menu sent
2026-05-03T13:26:20.376Z [INFO]: unlock service menu sent
2026-05-03T13:26:24.470Z [INFO]: Main menu sent
2026-05-03T13:26:26.586Z [INFO]: trial service menu sent
2026-05-03T13:26:31.075Z [INFO]: ✅ Trial zivpn dibuat oleh 8461801575
2026-05-03T13:27:24.923Z [INFO]: Main menu sent
2026-05-03T13:45:12.022Z [INFO]: create service menu sent
2026-05-03T13:45:13.627Z [INFO]: Main menu sent
2026-05-03T13:55:48.003Z [INFO]: Main menu sent
2026-05-03T13:55:50.725Z [INFO]: trial service menu sent
2026-05-03T13:55:57.461Z [INFO]: Main menu sent
2026-05-03T14:15:55.402Z [INFO]: 🧹 Tidak ada akun yang perlu dihapus malam ini.
2026-05-03T14:31:48.873Z [INFO]: create service menu sent
2026-05-03T14:32:46.512Z [INFO]: Account create sukses user 6741034021, type: zivpn
2026-05-03T14:33:25.118Z [INFO]: Main menu sent
2026-05-03T14:33:41.591Z [INFO]: renew service menu sent
2026-05-03T14:33:43.222Z [INFO]: Main menu sent
2026-05-03T15:15:55.403Z [INFO]: 🧹 Membersihkan 1 akun yang sudah expired > 24 jam.
2026-05-03T15:23:21.070Z [INFO]: renew service menu sent
2026-05-03T15:23:22.510Z [INFO]: Main menu sent
2026-05-03T15:23:38.826Z [INFO]: Main menu sent
2026-05-03T16:08:16.911Z [INFO]: Main menu sent
2026-05-03T16:15:55.404Z [INFO]: 🧹 Membersihkan 1 akun yang sudah expired > 24 jam.
2026-05-03T17:15:55.401Z [INFO]: 🧹 Tidak ada akun yang perlu dihapus malam ini.
2026-05-03T17:17:58.664Z [INFO]: Main menu sent
2026-05-03T17:18:00.424Z [INFO]: trial service menu sent
2026-05-03T17:18:06.511Z [INFO]: ✅ Trial vless dibuat oleh 8035547823
2026-05-03T17:24:21.809Z [INFO]: Main menu sent
2026-05-03T17:24:23.662Z [INFO]: create service menu sent
2026-05-03T17:24:47.639Z [ERROR]: Transaksi gagal user 8035547823 (create): ❌  username akun sudah di gunakan
masukan username baru!
2026-05-03T17:25:17.192Z [ERROR]: Transaksi gagal user 8035547823 (create): ❌  username akun sudah di gunakan
masukan username baru!
2026-05-03T17:25:39.834Z [ERROR]: Transaksi gagal user 8035547823 (create): ❌  username akun sudah di gunakan
masukan username baru!
2026-05-03T17:25:51.211Z [INFO]: Main menu sent
2026-05-03T17:25:52.944Z [INFO]: create service menu sent
2026-05-03T17:26:46.780Z [INFO]: Account create sukses user 8035547823, type: vless
2026-05-03T18:15:55.402Z [INFO]: 🧹 Tidak ada akun yang perlu dihapus malam ini.
2026-05-03T19:15:55.402Z [INFO]: 🧹 Tidak ada akun yang perlu dihapus malam ini.
2026-05-03T20:15:55.402Z [INFO]: 🧹 Tidak ada akun yang perlu dihapus malam ini.
2026-05-03T21:15:55.402Z [INFO]: 🧹 Tidak ada akun yang perlu dihapus malam ini.
2026-05-03T22:15:55.403Z [INFO]: 🧹 Tidak ada akun yang perlu dihapus malam ini.
2026-05-03T22:54:28.224Z [INFO]: Main menu sent
2026-05-03T23:15:55.402Z [INFO]: 🧹 Tidak ada akun yang perlu dihapus malam ini.
2026-05-03T23:27:15.859Z [INFO]: create service menu sent
2026-05-03T23:44:14.773Z [INFO]: Main menu sent
2026-05-03T23:44:17.205Z [INFO]: trial service menu sent
2026-05-03T23:44:28.209Z [INFO]: ✅ Trial zivpn dibuat oleh 8461801575
2026-05-04T00:15:55.404Z [INFO]: 🧹 Membersihkan 1 akun yang sudah expired > 24 jam.
2026-05-04T00:15:58.834Z [WARN]: [BACKUP] Skip database.db karena file kosong (0 byte).
2026-05-04T00:15:58.834Z [INFO]: [BACKUP][Auto 24h] sent=3 missing=1 errors=0
2026-05-04T00:37:21.091Z [INFO]: Main menu sent
2026-05-04T00:37:25.779Z [INFO]: create service menu sent
2026-05-04T00:40:48.319Z [INFO]: Main menu sent
2026-05-04T00:43:18.428Z [INFO]: Main menu sent
2026-05-04T00:46:43.525Z [INFO]: Main menu sent
2026-05-04T00:46:47.482Z [INFO]: 🔍 User 5537130890 memulai proses top-up saldo.
2026-05-04T00:47:17.832Z [INFO]: [QRIS][user-5537130890-1777855628300] expected=2217 | transaksi(9)=10283@03/05/2026 15:12:07,10262@03/05/2026 12:02:02,50033@03/05/2026 04:30:00,10000@02/05/2026 21:43:13,3019@02/05/2026 19:35:26
2026-05-04T00:49:37.756Z [INFO]: [QRIS][user-5537130890-1777855628300] expected=2217 | transaksi(9)=2217@04/05/2026 07:49:31,10283@03/05/2026 15:12:07,10262@03/05/2026 12:02:02,50033@03/05/2026 04:30:00,10000@02/05/2026 21:43:13
2026-05-04T00:49:38.470Z [INFO]: Payment processed successfully for user-5537130890-1777855628300
2026-05-04T00:49:49.317Z [INFO]: Main menu sent
2026-05-04T00:49:50.127Z [INFO]: create service menu sent
2026-05-04T00:49:54.192Z [INFO]: trial service menu sent
2026-05-04T00:49:57.870Z [INFO]: Main menu sent
2026-05-04T00:50:08.346Z [INFO]: ✅ Trial zivpn dibuat oleh 5537130890
2026-05-04T00:50:18.355Z [INFO]: create service menu sent
2026-05-04T00:50:44.068Z [INFO]: Main menu sent
2026-05-04T01:15:55.402Z [INFO]: 🧹 Tidak ada akun yang perlu dihapus malam ini.
2026-05-04T01:24:51.387Z [INFO]: Main menu sent
2026-05-04T01:49:22.816Z [INFO]: Main menu sent
2026-05-04T01:49:25.945Z [INFO]: trial service menu sent
2026-05-04T02:04:38.108Z [INFO]: Main menu sent
2026-05-04T02:04:41.841Z [INFO]: create service menu sent
2026-05-04T02:06:33.228Z [INFO]: Main menu sent
2026-05-04T02:07:07.958Z [INFO]: [QRIS][upgrade-8249708280-1777860423441] expected=50314 | transaksi(9)=2217@04/05/2026 07:49:31,10283@03/05/2026 15:12:07,10262@03/05/2026 12:02:02,50033@03/05/2026 04:30:00,10000@02/05/2026 21:43:13
2026-05-04T02:07:47.869Z [WARN]: [QRIS] Tidak ada transaksi terbaca dari API. Preview: 📤 Output: 0 dari 0 (filter: masuk) Tidak ada data mutasi.
2026-05-04T02:07:57.956Z [INFO]: [QRIS][upgrade-8249708280-1777860423441] expected=50314 | transaksi(9)=2217@04/05/2026 07:49:31,10283@03/05/2026 15:12:07,10262@03/05/2026 12:02:02,50033@03/05/2026 04:30:00,10000@02/05/2026 21:43:13
2026-05-04T02:08:07.882Z [WARN]: [QRIS] Tidak ada transaksi terbaca dari API. Preview: 📤 Output: 0 dari 0 (filter: masuk) Tidak ada data mutasi.
2026-05-04T02:08:27.889Z [INFO]: [QRIS][upgrade-8249708280-1777860423441] expected=50314 | transaksi(9)=2217@04/05/2026 07:49:31,10283@03/05/2026 15:12:07,10262@03/05/2026 12:02:02,50033@03/05/2026 04:30:00,10000@02/05/2026 21:43:13
2026-05-04T02:08:37.867Z [WARN]: [QRIS] Tidak ada transaksi terbaca dari API. Preview: 📤 Output: 0 dari 0 (filter: masuk) Tidak ada data mutasi.
2026-05-04T02:08:47.860Z [INFO]: [QRIS][upgrade-8249708280-1777860423441] expected=50314 | transaksi(9)=2217@04/05/2026 07:49:31,10283@03/05/2026 15:12:07,10262@03/05/2026 12:02:02,50033@03/05/2026 04:30:00,10000@02/05/2026 21:43:13
2026-05-04T02:08:57.871Z [WARN]: [QRIS] Tidak ada transaksi terbaca dari API. Preview: 📤 Output: 0 dari 0 (filter: masuk) Tidak ada data mutasi.
2026-05-04T02:09:27.896Z [INFO]: [QRIS][upgrade-8249708280-1777860423441] expected=50314 | transaksi(9)=2217@04/05/2026 07:49:31,10283@03/05/2026 15:12:07,10262@03/05/2026 12:02:02,50033@03/05/2026 04:30:00,10000@02/05/2026 21:43:13
2026-05-04T02:09:37.873Z [WARN]: [QRIS] Tidak ada transaksi terbaca dari API. Preview: 📤 Output: 0 dari 0 (filter: masuk) Tidak ada data mutasi.
2026-05-04T02:09:47.890Z [INFO]: [QRIS][upgrade-8249708280-1777860423441] expected=50314 | transaksi(9)=2217@04/05/2026 07:49:31,10283@03/05/2026 15:12:07,10262@03/05/2026 12:02:02,50033@03/05/2026 04:30:00,10000@02/05/2026 21:43:13
2026-05-04T02:10:07.871Z [WARN]: [QRIS] Tidak ada transaksi terbaca dari API. Preview: 📤 Output: 0 dari 0 (filter: masuk) Tidak ada data mutasi.
2026-05-04T02:10:37.900Z [INFO]: [QRIS][upgrade-8249708280-1777860423441] expected=50314 | transaksi(9)=2217@04/05/2026 07:49:31,10283@03/05/2026 15:12:07,10262@03/05/2026 12:02:02,50033@03/05/2026 04:30:00,10000@02/05/2026 21:43:13
2026-05-04T02:11:05.561Z [INFO]: Main menu sent
2026-05-04T02:11:07.336Z [INFO]: trial service menu sent
2026-05-04T02:11:11.628Z [INFO]: ✅ Trial zivpn dibuat oleh 7768199065
2026-05-04T02:11:37.866Z [WARN]: [QRIS] Tidak ada transaksi terbaca dari API. Preview: 📤 Output: 0 dari 0 (filter: masuk) Tidak ada data mutasi.
2026-05-04T02:11:57.883Z [INFO]: [QRIS][upgrade-8249708280-1777860423441] expected=50314 | transaksi(9)=2217@04/05/2026 07:49:31,10283@03/05/2026 15:12:07,10262@03/05/2026 12:02:02,50033@03/05/2026 04:30:00,10000@02/05/2026 21:43:13
2026-05-04T02:15:55.403Z [INFO]: 🧹 Tidak ada akun yang perlu dihapus malam ini.
2026-05-04T02:19:24.886Z [INFO]: Main menu sent
2026-05-04T02:19:27.471Z [INFO]: trial service menu sent
2026-05-04T02:19:32.981Z [INFO]: ✅ Trial vmess dibuat oleh 7960158114
2026-05-04T02:53:30.225Z [INFO]: Main menu sent
2026-05-04T02:53:34.184Z [INFO]: trial service menu sent
2026-05-04T02:53:47.831Z [INFO]: Main menu sent
2026-05-04T02:53:52.773Z [INFO]: create service menu sent
2026-05-04T02:54:49.153Z [INFO]: 🎁 Reward: User 8461801575 +2 Poin (29 hari)
2026-05-04T02:54:50.591Z [INFO]: Account create sukses user 8461801575, type: vmess
2026-05-04T02:57:47.174Z [INFO]: create service menu sent
2026-05-04T02:58:15.286Z [INFO]: Account create sukses user 7612399455, type: zivpn
2026-05-04T03:15:55.402Z [INFO]: 🧹 Tidak ada akun yang perlu dihapus malam ini.
2026-05-04T03:50:41.388Z [INFO]: create service menu sent
2026-05-04T03:51:34.546Z [INFO]: 🎁 Reward: User 8629869896 +2 Poin (31 hari)
2026-05-04T03:51:36.025Z [INFO]: Account create sukses user 8629869896, type: zivpn
2026-05-04T04:13:27.313Z [INFO]: Account create sukses user 7612399455, type: zivpn
2026-05-04T04:15:55.406Z [INFO]: 🧹 Membersihkan 1 akun yang sudah expired > 24 jam.
2026-05-04T04:26:51.212Z [INFO]: 🔍 User 8249708280 memulai proses top-up saldo.
2026-05-04T04:27:08.205Z [INFO]: [QRIS][user-8249708280-1777868818499] expected=2065 | transaksi(9)=2217@04/05/2026 07:49:31,10283@03/05/2026 15:12:07,10262@03/05/2026 12:02:02,50033@03/05/2026 04:30:00,10000@02/05/2026 21:43:13
2026-05-04T04:27:48.092Z [WARN]: [QRIS] Tidak ada transaksi terbaca dari API. Preview: 📤 Output: 0 dari 0 (filter: masuk) Tidak ada data mutasi.
2026-05-04T04:27:58.137Z [INFO]: [QRIS][user-8249708280-1777868818499] expected=2065 | transaksi(9)=2217@04/05/2026 07:49:31,10283@03/05/2026 15:12:07,10262@03/05/2026 12:02:02,50033@03/05/2026 04:30:00,10000@02/05/2026 21:43:13
2026-05-04T04:28:08.095Z [WARN]: [QRIS] Tidak ada transaksi terbaca dari API. Preview: 📤 Output: 0 dari 0 (filter: masuk) Tidak ada data mutasi.
2026-05-04T04:28:28.185Z [INFO]: [QRIS][user-8249708280-1777868818499] expected=2065 | transaksi(9)=2217@04/05/2026 07:49:31,10283@03/05/2026 15:12:07,10262@03/05/2026 12:02:02,50033@03/05/2026 04:30:00,10000@02/05/2026 21:43:13
2026-05-04T04:28:38.110Z [WARN]: [QRIS] Tidak ada transaksi terbaca dari API. Preview: 📤 Output: 0 dari 0 (filter: masuk) Tidak ada data mutasi.
2026-05-04T04:28:58.121Z [INFO]: [QRIS][user-8249708280-1777868818499] expected=2065 | transaksi(9)=2065@04/05/2026 11:28:56,2217@04/05/2026 07:49:31,10283@03/05/2026 15:12:07,10262@03/05/2026 12:02:02,50033@03/05/2026 04:30:00
2026-05-04T04:28:59.192Z [INFO]: Payment processed successfully for user-8249708280-1777868818499
2026-05-04T04:29:05.606Z [INFO]: Main menu sent
2026-05-04T04:29:07.338Z [INFO]: trial service menu sent
2026-05-04T04:29:33.323Z [INFO]: Main menu sent
2026-05-04T04:29:36.769Z [INFO]: trial service menu sent
2026-05-04T04:29:47.472Z [INFO]: ✅ Trial vmess dibuat oleh 8249708280
2026-05-04T05:15:55.403Z [INFO]: 🧹 Tidak ada akun yang perlu dihapus malam ini.
2026-05-04T06:15:55.403Z [INFO]: 🧹 Tidak ada akun yang perlu dihapus malam ini.
2026-05-04T06:17:23.938Z [INFO]: Main menu sent
2026-05-04T07:06:30.314Z [INFO]: Main menu sent
2026-05-04T07:06:52.388Z [INFO]: Main menu sent
2026-05-04T07:10:46.354Z [INFO]: Main menu sent
2026-05-04T07:12:25.653Z [INFO]: Main menu sent
2026-05-04T07:12:30.475Z [INFO]: create service menu sent
2026-05-04T07:13:55.529Z [INFO]: Main menu sent
2026-05-04T07:14:08.721Z [INFO]: 🔍 User 1102316095 memulai proses top-up saldo.
2026-05-04T07:14:18.418Z [WARN]: [QRIS] Tidak ada transaksi terbaca dari API. Preview: 📤 Output: 0 dari 0 (filter: masuk) Tidak ada data mutasi.
2026-05-04T07:14:28.508Z [INFO]: [QRIS][user-1102316095-1777878854090] expected=2292 | transaksi(9)=2065@04/05/2026 11:28:56,2217@04/05/2026 07:49:31,10283@03/05/2026 15:12:07,10262@03/05/2026 12:02:02,50033@03/05/2026 04:30:00
2026-05-04T07:14:38.376Z [WARN]: [QRIS] Tidak ada transaksi terbaca dari API. Preview: 📤 Output: 0 dari 0 (filter: masuk) Tidak ada data mutasi.
2026-05-04T07:15:08.404Z [INFO]: [QRIS][user-1102316095-1777878854090] expected=2292 | transaksi(9)=2065@04/05/2026 11:28:56,2217@04/05/2026 07:49:31,10283@03/05/2026 15:12:07,10262@03/05/2026 12:02:02,50033@03/05/2026 04:30:00
2026-05-04T07:15:18.358Z [INFO]: [QRIS][user-1102316095-1777878854090] expected=2292 | transaksi(9)=2292@04/05/2026 14:15:11,2065@04/05/2026 11:28:56,2217@04/05/2026 07:49:31,10283@03/05/2026 15:12:07,10262@03/05/2026 12:02:02
2026-05-04T07:15:19.499Z [INFO]: Payment processed successfully for user-1102316095-1777878854090
2026-05-04T07:15:22.593Z [INFO]: Main menu sent
2026-05-04T07:15:25.345Z [INFO]: create service menu sent
2026-05-04T07:15:55.404Z [INFO]: 🧹 Membersihkan 1 akun yang sudah expired > 24 jam.
2026-05-04T07:16:01.905Z [INFO]: Account create sukses user 1102316095, type: zivpn
2026-05-04T08:15:55.402Z [INFO]: 🧹 Tidak ada akun yang perlu dihapus malam ini.
2026-05-04T08:33:45.014Z [INFO]: Main menu sent
2026-05-04T08:33:55.003Z [INFO]: renew service menu sent
2026-05-04T08:34:08.755Z [INFO]: Main menu sent
2026-05-04T08:34:15.206Z [INFO]: create service menu sent
2026-05-04T08:34:19.212Z [INFO]: Main menu sent
2026-05-04T08:34:24.441Z [INFO]: renew service menu sent
2026-05-04T08:35:35.110Z [INFO]: Main menu sent
2026-05-04T08:35:39.613Z [INFO]: Main menu sent
2026-05-04T08:35:41.111Z [INFO]: 🔍 User 7596611339 memulai proses top-up saldo.
2026-05-04T08:36:08.602Z [INFO]: [QRIS][user-7596611339-1777883761651] expected=4040 | transaksi(9)=2292@04/05/2026 14:15:11,2065@04/05/2026 11:28:56,2217@04/05/2026 07:49:31,10283@03/05/2026 15:12:07,10262@03/05/2026 12:02:02
2026-05-04T08:36:58.506Z [WARN]: [QRIS] Tidak ada transaksi terbaca dari API. Preview: 📤 Output: 0 dari 0 (filter: masuk) Tidak ada data mutasi.
2026-05-04T08:37:07.503Z [INFO]: Main menu sent
2026-05-04T08:37:10.619Z [INFO]: 🔍 User 7596611339 memulai proses top-up saldo.
2026-05-04T08:37:53.574Z [INFO]: Main menu sent
2026-05-04T08:39:38.681Z [INFO]: Main menu sent
2026-05-04T08:39:58.551Z [INFO]: [QRIS][user-7596611339-1777883761651] expected=4040 | transaksi(9)=2248@04/05/2026 15:37:39,4040@04/05/2026 15:36:50,2292@04/05/2026 14:15:11,2065@04/05/2026 11:28:56,2217@04/05/2026 07:49:31
2026-05-04T08:39:59.656Z [INFO]: Payment processed successfully for user-7596611339-1777883761651
2026-05-04T08:39:59.726Z [INFO]: [QRIS][user-7596611339-1777883835907] expected=2248 | transaksi(9)=2248@04/05/2026 15:37:39,4040@04/05/2026 15:36:50,2292@04/05/2026 14:15:11,2065@04/05/2026 11:28:56,2217@04/05/2026 07:49:31
2026-05-04T08:40:00.783Z [INFO]: Payment processed successfully for user-7596611339-1777883835907
2026-05-04T08:40:59.333Z [INFO]: Main menu sent
2026-05-04T08:41:14.226Z [INFO]: Account renew sukses user 7596611339, type: vmess
2026-05-04T09:10:20.827Z [INFO]: Main menu sent
2026-05-04T09:10:44.118Z [INFO]: create service menu sent
2026-05-04T09:12:57.769Z [INFO]: Main menu sent
2026-05-04T09:13:10.823Z [INFO]: 🔍 User 176360049 memulai proses top-up saldo.
2026-05-04T09:14:10.364Z [INFO]: Main menu sent
2026-05-04T09:14:41.517Z [INFO]: create service menu sent
2026-05-04T09:15:16.835Z [INFO]: Account create sukses user 7612399455, type: zivpn
2026-05-04T09:15:55.403Z [INFO]: 🧹 Tidak ada akun yang perlu dihapus malam ini.
2026-05-04T09:44:47.893Z [INFO]: Main menu sent
2026-05-04T09:44:50.060Z [INFO]: trial service menu sent
2026-05-04T09:44:53.738Z [INFO]: ✅ Trial zivpn dibuat oleh 7960158114
2026-05-04T10:15:55.404Z [INFO]: 🧹 Tidak ada akun yang perlu dihapus malam ini.
2026-05-04T11:15:55.403Z [INFO]: 🧹 Tidak ada akun yang perlu dihapus malam ini.
2026-05-04T11:33:12.970Z [INFO]: Main menu sent
2026-05-04T11:33:14.229Z [INFO]: create service menu sent
2026-05-04T11:33:26.332Z [INFO]: 🎁 Reward: User 7960158114 +2 Poin (29 hari)
2026-05-04T11:33:27.443Z [INFO]: Account create sukses user 7960158114, type: zivpn
2026-05-04T11:35:15.390Z [INFO]: Main menu sent
2026-05-04T11:35:20.873Z [INFO]: create service menu sent
2026-05-04T11:36:31.882Z [INFO]: Main menu sent
2026-05-04T11:36:33.981Z [INFO]: create service menu sent
2026-05-04T11:36:56.692Z [INFO]: Account create sukses user 7570184058, type: zivpn
2026-05-04T11:44:32.959Z [INFO]: Main menu sent
2026-05-04T11:45:54.765Z [INFO]: 🔍 User 7432213419 memulai proses top-up saldo.
2026-05-04T11:46:03.222Z [INFO]: Main menu sent
2026-05-04T11:46:09.444Z [INFO]: create service menu sent
2026-05-04T11:47:00.725Z [INFO]: Main menu sent
2026-05-04T11:50:42.110Z [INFO]: 🎁 Reward: User 7570184058 +2 Poin (31 hari)
2026-05-04T11:50:43.587Z [INFO]: Account create sukses user 7570184058, type: zivpn
2026-05-04T11:51:15.657Z [INFO]: 🎁 Reward: User 7570184058 +2 Poin (31 hari)
2026-05-04T11:51:16.755Z [INFO]: Account create sukses user 7570184058, type: zivpn
2026-05-04T11:54:13.097Z [INFO]: create service menu sent
2026-05-04T11:59:25.028Z [INFO]: Main menu sent
2026-05-04T12:15:55.404Z [INFO]: 🧹 Membersihkan 2 akun yang sudah expired > 24 jam.
2026-05-04T12:22:01.483Z [INFO]: Bot initialized
2026-05-04T12:22:01.489Z [INFO]: User state initialized
2026-05-04T12:22:01.493Z [INFO]: [AUTOBACKUP] Aktif setiap 24 jam (tanpa backup saat startup).
2026-05-04T12:22:01.574Z [INFO]: Server berjalan di port 6061
2026-05-04T12:22:01.575Z [INFO]: ⏰ Scheduler Aktif: Pengecekan akun expired & reseller pasif berjalan setiap 1 jam.
2026-05-04T12:22:01.576Z [INFO]: ✅ Scheduler Notifikasi Aktif (Jadwal: 20:00 WIB)
2026-05-04T12:22:01.588Z [INFO]: Terhubung ke SQLite3
2026-05-04T12:22:01.598Z [INFO]: Server table ready
2026-05-04T12:22:01.599Z [INFO]: Transactions table ready
2026-05-04T12:22:01.600Z [INFO]: Table user_accounts ready
2026-05-04T12:22:01.600Z [INFO]: Add IP price loaded from DB: 2000
2026-05-04T12:22:01.601Z [INFO]: Pending deposit loaded:
2026-05-04T12:22:01.601Z [INFO]: 🧹 Tidak ada akun yang perlu dihapus malam ini.
2026-05-04T12:22:02.354Z [INFO]: Admin username detected: @xyztunnn
2026-05-04T12:22:02.725Z [INFO]: ✅ [SYSTEM] Logo QRIS berhasil disimpan di memori.
2026-05-04T12:51:55.710Z [INFO]: Main menu sent
2026-05-04T12:51:56.965Z [INFO]: create service menu sent
2026-05-04T12:52:15.725Z [INFO]: 🎁 Reward: User 7960158114 +2 Poin (29 hari)
2026-05-04T12:52:17.221Z [INFO]: Account create sukses user 7960158114, type: zivpn
2026-05-04T12:52:38.299Z [INFO]: 🎁 Reward: User 7960158114 +2 Poin (29 hari)
2026-05-04T12:52:39.550Z [INFO]: Account create sukses user 7960158114, type: zivpn
2026-05-04T12:58:32.832Z [INFO]: Main menu sent
2026-05-04T12:58:34.160Z [INFO]: create service menu sent
2026-05-04T12:58:46.835Z [ERROR]: Transaksi gagal user 7960158114 (create): ❌  gagal membuat akun zivpn:
username akun sudah di gunakan
masukan username baru!
2026-05-04T12:59:09.884Z [INFO]: 🎁 Reward: User 7960158114 +2 Poin (29 hari)
2026-05-04T12:59:10.996Z [INFO]: Account create sukses user 7960158114, type: zivpn
2026-05-04T12:59:42.592Z [INFO]: Admin menu requested
2026-05-04T12:59:43.130Z [INFO]: Admin menu sent as new message
2026-05-04T12:59:44.846Z [INFO]: 📋 Proses detail server dimulai
2026-05-04T13:00:01.584Z [INFO]: ⏰ Waktunya kirim notifikasi expired (20:00 WIB)
2026-05-04T13:00:05.857Z [INFO]: ✅ Sukses mengirim notifikasi expired ke 7 user.
2026-05-04T13:07:55.719Z [INFO]: Main menu sent
2026-05-04T13:22:01.578Z [INFO]: 🧹 Membersihkan 2 akun yang sudah expired > 24 jam.
2026-05-04T13:50:33.875Z [INFO]: Main menu sent
2026-05-04T13:50:46.716Z [INFO]: create service menu sent
2026-05-04T13:52:50.903Z [INFO]: Account create sukses user 6717605132, type: zivpn
2026-05-04T14:22:01.576Z [INFO]: 🧹 Tidak ada akun yang perlu dihapus malam ini.
2026-05-04T14:25:41.436Z [INFO]: Main menu sent
2026-05-04T14:25:55.100Z [INFO]: create service menu sent
2026-05-04T14:48:22.129Z [INFO]: Main menu sent
2026-05-04T14:48:27.634Z [INFO]: trial service menu sent
2026-05-04T14:49:48.135Z [INFO]: Main menu sent
2026-05-04T14:49:57.963Z [INFO]: trial service menu sent
2026-05-04T14:50:27.216Z [INFO]: ✅ Trial zivpn dibuat oleh 328922489
2026-05-04T15:03:39.465Z [INFO]: Main menu sent
2026-05-04T15:13:35.721Z [INFO]: Admin menu requested
2026-05-04T15:13:36.264Z [INFO]: Admin menu sent as new message
2026-05-04T15:13:41.383Z [INFO]: 📥 Proses tambah server dimulai
2026-05-04T15:14:50.996Z [INFO]: Main menu sent
2026-05-04T15:14:52.775Z [INFO]: create service menu sent
2026-05-04T15:20:07.510Z [ERROR]: Transaksi gagal user 7768199065 (create): ❌  format respon dari server tidak valid.
2026-05-04T15:20:21.827Z [INFO]: Main menu sent
2026-05-04T15:20:23.216Z [INFO]: create service menu sent
2026-05-04T15:20:49.843Z [INFO]: 🎁 Reward: User 7960158114 +2 Poin (29 hari)
2026-05-04T15:20:51.306Z [INFO]: Account create sukses user 7960158114, type: zivpn
2026-05-04T15:22:01.576Z [INFO]: 🧹 Tidak ada akun yang perlu dihapus malam ini.
2026-05-04T15:26:21.765Z [WARN]: [BACKUP] Skip database.db karena file kosong (0 byte).
2026-05-04T15:26:21.766Z [INFO]: [BACKUP][Manual] sent=3 missing=1 errors=0
2026-05-04T15:35:56.791Z [INFO]: Main menu sent
2026-05-04T15:35:58.066Z [INFO]: create service menu sent
2026-05-04T15:36:12.426Z [INFO]: 🎁 Reward: User 7960158114 +2 Poin (29 hari)
2026-05-04T15:36:13.901Z [INFO]: Account create sukses user 7960158114, type: zivpn
2026-05-04T15:37:03.016Z [WARN]: [BACKUP] Skip database.db karena file kosong (0 byte).
2026-05-04T15:37:03.016Z [INFO]: [BACKUP][Manual] sent=3 missing=1 errors=0
2026-05-04T15:38:40.996Z [INFO]: Bot initialized
2026-05-04T15:38:41.003Z [INFO]: User state initialized
2026-05-04T15:38:41.007Z [INFO]: [AUTOBACKUP] Aktif setiap 24 jam (tanpa backup saat startup).
2026-05-04T15:38:41.091Z [INFO]: Server berjalan di port 6061
2026-05-04T15:38:41.092Z [INFO]: ⏰ Scheduler Aktif: Pengecekan akun expired & reseller pasif berjalan setiap 1 jam.
2026-05-04T15:38:41.093Z [INFO]: ✅ Scheduler Notifikasi Aktif (Jadwal: 20:00 WIB)
2026-05-04T15:38:41.106Z [INFO]: Terhubung ke SQLite3
2026-05-04T15:38:41.116Z [INFO]: Server table ready
2026-05-04T15:38:41.117Z [INFO]: Transactions table ready
2026-05-04T15:38:41.118Z [INFO]: Table user_accounts ready
2026-05-04T15:38:41.118Z [INFO]: Add IP price loaded from DB: 2000
2026-05-04T15:38:41.119Z [INFO]: Pending deposit loaded:
2026-05-04T15:38:41.119Z [INFO]: 🧹 Tidak ada akun yang perlu dihapus malam ini.
2026-05-04T15:38:41.816Z [INFO]: Admin username detected: @xyztunnn
2026-05-04T15:38:42.221Z [INFO]: ✅ [SYSTEM] Logo QRIS berhasil disimpan di memori.
2026-05-04T15:40:49.800Z [INFO]: Bot initialized
2026-05-04T15:40:49.807Z [INFO]: User state initialized
2026-05-04T15:40:49.810Z [INFO]: [AUTOBACKUP] Aktif setiap 24 jam (tanpa backup saat startup).
2026-05-04T15:40:49.892Z [INFO]: Server berjalan di port 6061
2026-05-04T15:40:49.893Z [INFO]: ⏰ Scheduler Aktif: Pengecekan akun expired & reseller pasif berjalan setiap 1 jam.
2026-05-04T15:40:49.894Z [INFO]: ✅ Scheduler Notifikasi Aktif (Jadwal: 20:00 WIB)
2026-05-04T15:40:49.906Z [INFO]: Terhubung ke SQLite3
2026-05-04T15:40:49.918Z [INFO]: Server table ready
2026-05-04T15:40:49.919Z [INFO]: Table user_accounts ready
2026-05-04T15:40:49.919Z [INFO]: Add IP price loaded from DB: 2000
2026-05-04T15:40:49.920Z [INFO]: Pending deposit loaded:
2026-05-04T15:40:49.921Z [INFO]: 🧹 Tidak ada akun yang perlu dihapus malam ini.
2026-05-04T15:40:49.922Z [INFO]: Transactions table ready
2026-05-04T15:40:50.633Z [INFO]: Admin username detected: @xyztunnn
2026-05-04T15:40:51.122Z [INFO]: ✅ [SYSTEM] Logo QRIS berhasil disimpan di memori.
2026-05-04T15:41:16.776Z [INFO]: Main menu sent
2026-05-04T15:41:18.811Z [INFO]: create service menu sent
2026-05-04T15:41:49.336Z [INFO]: Account create sukses user 7768199065, type: ssh
2026-05-04T15:42:34.587Z [INFO]: Main menu sent
2026-05-04T15:42:36.587Z [INFO]: trial service menu sent
2026-05-04T15:42:55.638Z [INFO]: Main menu sent
2026-05-04T15:43:06.273Z [INFO]: trial service menu sent
2026-05-04T15:43:10.805Z [INFO]: ✅ Trial vmess dibuat oleh 7960158114
2026-05-04T15:44:36.052Z [INFO]: Bot initialized
2026-05-04T15:44:36.059Z [INFO]: User state initialized
2026-05-04T15:44:36.062Z [INFO]: [AUTOBACKUP] Aktif setiap 24 jam (tanpa backup saat startup).
2026-05-04T15:44:36.118Z [INFO]: Server berjalan di port 6061
2026-05-04T15:44:36.118Z [INFO]: ⏰ Scheduler Aktif: Pengecekan akun expired & reseller pasif berjalan setiap 1 jam.
2026-05-04T15:44:36.119Z [INFO]: ✅ Scheduler Notifikasi Aktif (Jadwal: 20:00 WIB)
2026-05-04T15:44:36.156Z [INFO]: Terhubung ke SQLite3
2026-05-04T15:44:36.167Z [INFO]: Server table ready
2026-05-04T15:44:36.168Z [INFO]: Transactions table ready
2026-05-04T15:44:36.168Z [INFO]: Table user_accounts ready
2026-05-04T15:44:36.169Z [INFO]: Add IP price loaded from DB: 2000
2026-05-04T15:44:36.169Z [INFO]: Pending deposit loaded:
2026-05-04T15:44:36.170Z [INFO]: 🧹 Tidak ada akun yang perlu dihapus malam ini.
2026-05-04T15:44:36.982Z [INFO]: Admin username detected: @xyztunnn
2026-05-04T15:44:37.031Z [INFO]: ✅ [SYSTEM] Logo QRIS berhasil disimpan di memori.
2026-05-04T15:45:36.488Z [INFO]: Main menu sent
2026-05-04T15:45:38.147Z [INFO]: create service menu sent
2026-05-04T15:45:41.463Z [INFO]: Main menu sent
2026-05-04T15:45:42.967Z [INFO]: create service menu sent
2026-05-04T15:46:00.653Z [INFO]: Account create sukses user 7960158114, type: ssh
2026-05-04T15:48:05.056Z [INFO]: Admin menu requested
2026-05-04T15:48:05.590Z [INFO]: Admin menu sent as new message
2026-05-04T15:48:11.404Z [INFO]: 🗑️ Proses hapus server dimulai
2026-05-04T15:48:14.285Z [INFO]: Server dengan ID 128 berhasil dihapus
2026-05-04T15:48:15.504Z [INFO]: Server dengan ID 129 berhasil dihapus
2026-05-04T15:48:16.656Z [INFO]: Server dengan ID 130 berhasil dihapus
2026-05-04T15:48:17.775Z [INFO]: Server dengan ID 131 berhasil dihapus
2026-05-04T15:48:53.322Z [INFO]: Edit server auth process started
2026-05-04T15:49:13.463Z [INFO]: 📋 Proses detail server dimulai
2026-05-04T15:49:36.203Z [INFO]: Admin menu requested
2026-05-04T15:49:36.745Z [INFO]: Admin menu sent as new message
2026-05-04T15:49:39.317Z [INFO]: Edit server auth process started
2026-05-04T15:49:42.081Z [INFO]: User 7768199065 memilih untuk mengedit auth server dengan ID: 122
2026-05-04T15:49:44.728Z [INFO]: Main menu sent
2026-05-04T15:51:37.385Z [INFO]: Bot initialized
2026-05-04T15:51:37.393Z [INFO]: User state initialized
2026-05-04T15:51:37.397Z [INFO]: [AUTOBACKUP] Aktif setiap 24 jam (tanpa backup saat startup).
2026-05-04T15:51:37.476Z [INFO]: Server berjalan di port 6061
2026-05-04T15:51:37.477Z [INFO]: ⏰ Scheduler Aktif: Pengecekan akun expired & reseller pasif berjalan setiap 1 jam.
2026-05-04T15:51:37.478Z [INFO]: ✅ Scheduler Notifikasi Aktif (Jadwal: 20:00 WIB)
2026-05-04T15:51:37.491Z [INFO]: Terhubung ke SQLite3
2026-05-04T15:51:37.502Z [INFO]: Server table ready
2026-05-04T15:51:37.503Z [INFO]: Transactions table ready
2026-05-04T15:51:37.503Z [INFO]: Table user_accounts ready
2026-05-04T15:51:37.504Z [INFO]: Add IP price loaded from DB: 2000
2026-05-04T15:51:37.505Z [INFO]: Pending deposit loaded:
2026-05-04T15:51:37.505Z [INFO]: 🧹 Tidak ada akun yang perlu dihapus malam ini.
2026-05-04T15:51:38.208Z [INFO]: Admin username detected: @xyztunnn
2026-05-04T15:51:38.515Z [INFO]: ✅ [SYSTEM] Logo QRIS berhasil disimpan di memori.
2026-05-04T16:51:37.480Z [INFO]: 🧹 Tidak ada akun yang perlu dihapus malam ini.
2026-05-04T17:20:34.114Z [INFO]: Account create sukses user 7612399455, type: zivpn
2026-05-04T17:51:37.480Z [INFO]: 🧹 Tidak ada akun yang perlu dihapus malam ini.
2026-05-04T18:51:37.479Z [INFO]: 🧹 Tidak ada akun yang perlu dihapus malam ini.
2026-05-04T19:51:37.480Z [INFO]: 🧹 Tidak ada akun yang perlu dihapus malam ini.
2026-05-04T20:51:37.478Z [INFO]: 🧹 Tidak ada akun yang perlu dihapus malam ini.
2026-05-04T21:51:37.479Z [INFO]: 🧹 Tidak ada akun yang perlu dihapus malam ini.
2026-05-04T22:51:37.481Z [INFO]: 🧹 Membersihkan 1 akun yang sudah expired > 24 jam.
2026-05-04T23:06:29.131Z [INFO]: Main menu sent
2026-05-04T23:18:04.387Z [INFO]: Main menu sent
2026-05-04T23:18:13.280Z [INFO]: Main menu sent
2026-05-04T23:21:03.280Z [INFO]: Main menu sent
2026-05-04T23:21:05.686Z [INFO]: create service menu sent
2026-05-04T23:21:29.814Z [INFO]: Main menu sent
2026-05-04T23:21:48.481Z [INFO]: Account create sukses user 8001507141, type: ssh
2026-05-04T23:21:49.321Z [ERROR]: Transaksi gagal user 1734416542 (renew): ❌ respons error:
client ygghh not exists, try another name
2026-05-04T23:21:59.191Z [INFO]: Main menu sent
2026-05-04T23:22:00.990Z [INFO]: create service menu sent
2026-05-04T23:22:21.900Z [INFO]: Account create sukses user 1734416542, type: ssh
2026-05-04T23:46:10.544Z [INFO]: Main menu sent
2026-05-04T23:46:55.774Z [INFO]: trial service menu sent
2026-05-04T23:47:13.291Z [INFO]: ✅ Trial vless dibuat oleh 8035547823
2026-05-04T23:48:42.744Z [ERROR]: Error saat memulai bot:
2026-05-04T23:48:42.744Z [INFO]: 🔄 Mencoba menyalakan ulang koneksi Telegram dalam 10 detik...
2026-05-04T23:51:37.482Z [INFO]: 🧹 Membersihkan 1 akun yang sudah expired > 24 jam.
2026-05-05T00:45:01.726Z [INFO]: create service menu sent
2026-05-05T00:45:15.099Z [INFO]: Account create sukses user 7768199065, type: ssh
2026-05-05T00:51:37.481Z [INFO]: 🧹 Tidak ada akun yang perlu dihapus malam ini.
2026-05-05T01:33:47.358Z [INFO]: Main menu sent
2026-05-05T01:51:37.480Z [INFO]: 🧹 Tidak ada akun yang perlu dihapus malam ini.
2026-05-05T01:54:46.098Z [INFO]: Main menu sent
2026-05-05T01:54:50.700Z [INFO]: create service menu sent
2026-05-05T01:56:03.062Z [INFO]: Account create sukses user 328922489, type: zivpn
2026-05-05T02:42:29.690Z [INFO]: Main menu sent
2026-05-05T02:42:31.346Z [INFO]: trial service menu sent
2026-05-05T02:42:38.075Z [INFO]: ✅ Trial vmess dibuat oleh 7768199065
2026-05-05T02:51:37.480Z [INFO]: 🧹 Tidak ada akun yang perlu dihapus malam ini.
2026-05-05T03:51:37.480Z [INFO]: 🧹 Tidak ada akun yang perlu dihapus malam ini.
2026-05-05T04:51:37.481Z [INFO]: 🧹 Membersihkan 1 akun yang sudah expired > 24 jam.
2026-05-05T05:51:37.482Z [INFO]: 🧹 Membersihkan 1 akun yang sudah expired > 24 jam.
2026-05-05T06:47:38.333Z [INFO]: Main menu sent
2026-05-05T06:51:37.482Z [INFO]: 🧹 Membersihkan 1 akun yang sudah expired > 24 jam.
2026-05-05T07:51:37.481Z [INFO]: 🧹 Tidak ada akun yang perlu dihapus malam ini.
2026-05-05T08:35:52.071Z [INFO]: Main menu sent
2026-05-05T08:35:53.887Z [INFO]: create service menu sent
2026-05-05T08:35:58.511Z [INFO]: Main menu sent
2026-05-05T08:36:31.233Z [INFO]: Admin menu requested
2026-05-05T08:36:31.765Z [INFO]: Admin menu sent as new message
2026-05-05T08:36:37.019Z [INFO]: 📋 Proses detail server dimulai
2026-05-05T08:37:33.907Z [INFO]: 🗑️ Proses hapus server dimulai
2026-05-05T08:37:39.497Z [INFO]: Server dengan ID 122 berhasil dihapus
2026-05-05T08:37:40.716Z [INFO]: Server dengan ID 123 berhasil dihapus
2026-05-05T08:37:41.817Z [INFO]: Server dengan ID 124 berhasil dihapus
2026-05-05T08:37:42.868Z [INFO]: Server dengan ID 125 berhasil dihapus
2026-05-05T08:37:56.732Z [INFO]: Admin menu requested
2026-05-05T08:37:57.262Z [INFO]: Admin menu sent as new message
2026-05-05T08:37:59.088Z [INFO]: 📥 Proses tambah server dimulai
2026-05-05T08:41:29.083Z [INFO]: Main menu sent
2026-05-05T08:41:30.856Z [INFO]: create service menu sent
2026-05-05T08:42:27.271Z [INFO]: 🗑️ Proses hapus server dimulai
2026-05-05T08:42:30.811Z [INFO]: Server dengan ID 133 berhasil dihapus
2026-05-05T08:42:36.660Z [INFO]: Server dengan ID 132 berhasil dihapus
2026-05-05T08:44:13.857Z [INFO]: create service menu sent
2026-05-05T08:44:35.148Z [INFO]: 🎁 Reward: User 7960158114 +2 Poin (29 hari)
2026-05-05T08:44:36.599Z [INFO]: Account create sukses user 7960158114, type: zivpn
2026-05-05T08:51:37.481Z [INFO]: 🧹 Membersihkan 1 akun yang sudah expired > 24 jam.
2026-05-05T09:00:37.326Z [INFO]: Main menu sent
2026-05-05T09:00:47.204Z [INFO]: create service menu sent
2026-05-05T09:01:18.162Z [INFO]: Main menu sent
2026-05-05T09:17:40.793Z [INFO]: create service menu sent
2026-05-05T09:19:05.080Z [INFO]: Account create sukses user 7612399455, type: zivpn
2026-05-05T09:45:51.638Z [INFO]: Main menu sent
2026-05-05T09:45:57.392Z [INFO]: renew service menu sent
2026-05-05T09:46:31.056Z [ERROR]: Transaksi gagal user 6717605132 (renew): ❌ respons error:
client serli not exists, try another name
2026-05-05T09:46:52.720Z [ERROR]: Transaksi gagal user 6717605132 (renew): ❌ respons error:
client serli not exists, try another name
2026-05-05T09:47:16.397Z [ERROR]: Transaksi gagal user 6717605132 (renew): ❌ respons error:
client serli not exists, try another name
2026-05-05T09:47:47.713Z [INFO]: Main menu sent
2026-05-05T09:47:51.534Z [INFO]: create service menu sent
2026-05-05T09:48:01.772Z [INFO]: Main menu sent
2026-05-05T09:48:08.404Z [INFO]: renew service menu sent
2026-05-05T09:48:18.386Z [INFO]: Main menu sent
2026-05-05T09:48:20.765Z [INFO]: create service menu sent
2026-05-05T09:48:49.582Z [ERROR]: Transaksi gagal user 6717605132 (create): ❌  gagal membuat akun zivpn:
username akun sudah di gunakan
masukan username baru!
2026-05-05T09:49:12.303Z [ERROR]: Transaksi gagal user 6717605132 (create): ❌  gagal membuat akun zivpn:
username akun sudah di gunakan
masukan username baru!
2026-05-05T09:49:55.958Z [INFO]: Account create sukses user 6717605132, type: zivpn
2026-05-05T09:51:37.482Z [INFO]: 🧹 Membersihkan 2 akun yang sudah expired > 24 jam.
2026-05-05T10:10:50.373Z [INFO]: create service menu sent
2026-05-05T10:11:26.673Z [INFO]: Main menu sent
2026-05-05T10:12:13.953Z [INFO]: create service menu sent
2026-05-05T10:13:06.783Z [INFO]: Main menu sent
2026-05-05T10:13:12.244Z [INFO]: create service menu sent
2026-05-05T10:18:55.168Z [INFO]: Main menu sent
2026-05-05T10:18:57.501Z [INFO]: Main menu sent
2026-05-05T10:18:58.048Z [INFO]: create service menu sent
2026-05-05T10:19:49.402Z [INFO]: Main menu sent
2026-05-05T10:21:06.419Z [INFO]: create service menu sent
2026-05-05T10:23:20.539Z [INFO]: Main menu sent
2026-05-05T10:23:24.509Z [INFO]: create service menu sent
2026-05-05T10:29:57.492Z [INFO]: Main menu sent
2026-05-05T10:30:00.331Z [INFO]: create service menu sent
2026-05-05T10:51:37.484Z [INFO]: 🧹 Membersihkan 1 akun yang sudah expired > 24 jam.
2026-05-05T10:52:24.181Z [INFO]: Main menu sent
2026-05-05T10:52:26.831Z [INFO]: create service menu sent
2026-05-05T11:45:52.599Z [INFO]: Main menu sent
2026-05-05T11:46:06.879Z [INFO]: create service menu sent
2026-05-05T11:51:37.481Z [INFO]: 🧹 Tidak ada akun yang perlu dihapus malam ini.
2026-05-05T12:01:46.214Z [INFO]: Main menu sent
2026-05-05T12:01:51.861Z [INFO]: trial service menu sent
2026-05-05T12:01:58.745Z [INFO]: ✅ Trial ssh dibuat oleh 8461801575
2026-05-05T12:02:40.349Z [INFO]: Main menu sent
2026-05-05T12:24:38.337Z [INFO]: Main menu sent
2026-05-05T12:24:42.120Z [INFO]: create service menu sent
2026-05-05T12:25:12.533Z [INFO]: Main menu sent
2026-05-05T12:25:16.434Z [INFO]: create service menu sent
2026-05-05T12:26:21.161Z [INFO]: Main menu sent
2026-05-05T12:28:20.678Z [INFO]: Main menu sent
2026-05-05T12:28:26.140Z [INFO]: create service menu sent
2026-05-05T12:29:28.745Z [INFO]: Main menu sent
2026-05-05T12:29:33.016Z [INFO]: trial service menu sent
2026-05-05T12:29:46.488Z [INFO]: ✅ Trial zivpn dibuat oleh 8629869896
2026-05-05T12:37:23.002Z [INFO]: Main menu sent
2026-05-05T12:37:26.431Z [INFO]: trial service menu sent
2026-05-05T12:37:33.738Z [INFO]: ✅ Trial zivpn dibuat oleh 8629869896
2026-05-05T12:44:20.215Z [INFO]: Main menu sent
2026-05-05T12:44:23.026Z [INFO]: create service menu sent
2026-05-05T12:51:37.481Z [INFO]: 🧹 Tidak ada akun yang perlu dihapus malam ini.
2026-05-05T12:52:15.463Z [INFO]: Main menu sent
2026-05-05T12:52:30.248Z [INFO]: create service menu sent
2026-05-05T13:00:37.803Z [INFO]: ⏰ Waktunya kirim notifikasi expired (20:00 WIB)
2026-05-05T13:00:42.224Z [INFO]: ✅ Sukses mengirim notifikasi expired ke 7 user.
2026-05-05T13:04:52.010Z [INFO]: Main menu sent
2026-05-05T13:05:04.923Z [INFO]: Main menu sent
2026-05-05T13:05:06.949Z [INFO]: create service menu sent
2026-05-05T13:12:23.136Z [INFO]: Main menu sent
2026-05-05T13:13:20.915Z [INFO]: Main menu sent
2026-05-05T13:13:25.470Z [INFO]: renew service menu sent
2026-05-05T13:13:38.657Z [INFO]: 🎁 Reward: User 7960158114 +2 Poin (29 hari)
2026-05-05T13:13:40.116Z [INFO]: Account renew sukses user 7960158114, type: trojan
2026-05-05T13:15:29.888Z [INFO]: Admin menu requested
2026-05-05T13:15:30.570Z [INFO]: Admin menu sent as new message
2026-05-05T13:20:29.007Z [INFO]: Admin menu requested
2026-05-05T13:20:29.575Z [INFO]: Admin menu sent as new message
2026-05-05T13:22:22.482Z [INFO]: Main menu sent
2026-05-05T13:30:04.148Z [INFO]: Main menu sent
2026-05-05T13:30:07.569Z [INFO]: create service menu sent
2026-05-05T13:30:31.813Z [INFO]: Bot initialized
2026-05-05T13:30:31.821Z [INFO]: User state initialized
2026-05-05T13:30:31.849Z [INFO]: [AUTOBACKUP] Aktif setiap 24 jam (tanpa backup saat startup).
2026-05-05T13:30:31.906Z [INFO]: Server berjalan di port 6061
2026-05-05T13:30:31.906Z [INFO]: ⏰ Scheduler Aktif: Pengecekan akun expired & reseller pasif berjalan setiap 1 jam.
2026-05-05T13:30:31.907Z [INFO]: ✅ Scheduler Notifikasi Aktif (Jadwal: 20:00 WIB)
2026-05-05T13:30:31.919Z [INFO]: Terhubung ke SQLite3
2026-05-05T13:30:31.957Z [INFO]: Server table ready
2026-05-05T13:30:31.958Z [INFO]: Transactions table ready
2026-05-05T13:30:31.958Z [INFO]: Table user_accounts ready
2026-05-05T13:30:31.959Z [INFO]: Add IP price loaded from DB: 2000
2026-05-05T13:30:31.959Z [INFO]: Pending deposit loaded:
2026-05-05T13:30:31.960Z [INFO]: 🧹 Tidak ada akun yang perlu dihapus malam ini.
2026-05-05T13:30:32.691Z [INFO]: Admin username detected: @xyztunnn
2026-05-05T13:30:32.852Z [INFO]: ✅ [SYSTEM] Logo QRIS berhasil disimpan di memori.
2026-05-05T13:30:47.525Z [INFO]: Admin menu requested
2026-05-05T13:30:48.087Z [INFO]: Admin menu sent as new message
2026-05-05T13:30:54.682Z [INFO]: 📥 Proses tambah server ZIVPN reseller dimulai
2026-05-05T13:30:55.207Z [ERROR]: ❌ Kesalahan saat memulai tambah ZIVPN reseller: 400: Bad Request: can't parse entities: Can't find end of the entity starting at byte offset 145
2026-05-05T13:30:59.117Z [INFO]: 📥 Proses tambah server ZIVPN member dimulai
2026-05-05T13:30:59.641Z [ERROR]: ❌ Kesalahan saat memulai tambah ZIVPN member: 400: Bad Request: can't parse entities: Can't find end of the entity starting at byte offset 143
2026-05-05T13:34:12.519Z [INFO]: Bot initialized
2026-05-05T13:34:12.552Z [INFO]: User state initialized
2026-05-05T13:34:12.555Z [INFO]: [AUTOBACKUP] Aktif setiap 24 jam (tanpa backup saat startup).
2026-05-05T13:34:12.610Z [INFO]: Server berjalan di port 6061
2026-05-05T13:34:12.610Z [INFO]: ⏰ Scheduler Aktif: Pengecekan akun expired & reseller pasif berjalan setiap 1 jam.
2026-05-05T13:34:12.611Z [INFO]: ✅ Scheduler Notifikasi Aktif (Jadwal: 20:00 WIB)
2026-05-05T13:34:12.623Z [INFO]: Terhubung ke SQLite3
2026-05-05T13:34:12.661Z [INFO]: Server table ready
2026-05-05T13:34:12.662Z [INFO]: Transactions table ready
2026-05-05T13:34:12.663Z [INFO]: Table user_accounts ready
2026-05-05T13:34:12.663Z [INFO]: Add IP price loaded from DB: 2000
2026-05-05T13:34:12.664Z [INFO]: Pending deposit loaded:
2026-05-05T13:34:12.665Z [INFO]: 🧹 Membersihkan 1 akun yang sudah expired > 24 jam.
2026-05-05T13:34:13.387Z [INFO]: Admin username detected: @xyztunnn
2026-05-05T13:34:14.725Z [INFO]: ✅ [SYSTEM] Logo QRIS berhasil disimpan di memori.
2026-05-05T13:34:21.134Z [INFO]: Admin menu requested
2026-05-05T13:34:21.700Z [INFO]: Admin menu sent as new message
2026-05-05T13:34:23.317Z [INFO]: 📥 Proses tambah server ZIVPN member dimulai
2026-05-05T13:35:47.666Z [INFO]: Main menu sent
2026-05-05T13:35:50.188Z [INFO]: create service menu sent
2026-05-05T13:37:17.063Z [INFO]: Main menu sent
2026-05-05T13:37:19.381Z [INFO]: create service menu sent
2026-05-05T13:37:35.003Z [INFO]: Account create sukses user 5221229787, type: zivpn
2026-05-05T13:37:53.324Z [INFO]: 📥 Proses tambah server ZIVPN member dimulai
2026-05-05T13:38:24.728Z [INFO]: Main menu sent
2026-05-05T13:38:26.140Z [INFO]: create service menu sent
2026-05-05T13:38:29.803Z [INFO]: Main menu sent
2026-05-05T13:38:31.158Z [INFO]: create service menu sent
2026-05-05T13:39:22.729Z [INFO]: 📥 Proses tambah server ZIVPN reseller dimulai
2026-05-05T13:40:31.637Z [INFO]: 📥 Proses tambah server ZIVPN reseller dimulai
2026-05-05T13:40:43.256Z [INFO]: Main menu sent
2026-05-05T13:40:44.799Z [INFO]: create service menu sent
2026-05-05T13:41:17.222Z [INFO]: Admin menu requested
2026-05-05T13:41:17.762Z [INFO]: Admin menu sent as new message
2026-05-05T13:41:21.227Z [INFO]: Edit server harga process started
2026-05-05T13:41:24.269Z [INFO]: User 7768199065 memilih untuk mengedit harga server dengan ID: 137
2026-05-05T13:41:33.256Z [INFO]: Admin menu requested
2026-05-05T13:41:33.818Z [INFO]: Admin menu sent as new message
2026-05-05T13:41:36.872Z [INFO]: Edit server nama process started
2026-05-05T13:42:11.803Z [INFO]: User 7768199065 memilih untuk mengedit nama server dengan ID: 135
2026-05-05T13:42:32.615Z [INFO]: Main menu sent
2026-05-05T13:42:34.121Z [INFO]: create service menu sent
2026-05-05T13:42:54.027Z [INFO]: Edit server total create akun process started
2026-05-05T13:43:19.993Z [INFO]: User 7768199065 memilih untuk mengedit total create akun server dengan ID: 134
2026-05-05T13:43:26.084Z [INFO]: User 7768199065 memilih untuk mengedit total create akun server dengan ID: 135
2026-05-05T13:43:36.762Z [INFO]: User 7768199065 memilih untuk mengedit total create akun server dengan ID: 136
2026-05-05T13:43:44.375Z [INFO]: User 7768199065 memilih untuk mengedit total create akun server dengan ID: 137
2026-05-05T13:44:08.515Z [INFO]: Main menu sent
2026-05-05T13:44:09.969Z [INFO]: create service menu sent
2026-05-05T13:44:22.223Z [INFO]: Main menu sent
2026-05-05T13:44:23.974Z [INFO]: create service menu sent
2026-05-05T13:45:09.890Z [INFO]: Main menu sent
2026-05-05T13:45:11.298Z [INFO]: create service menu sent
2026-05-05T13:50:36.879Z [INFO]: Main menu sent
2026-05-05T13:50:40.120Z [INFO]: create service menu sent
2026-05-05T13:54:01.470Z [INFO]: Main menu sent
2026-05-05T13:55:35.730Z [INFO]: Main menu sent
2026-05-05T13:55:38.499Z [INFO]: trial service menu sent
2026-05-05T13:55:54.613Z [INFO]: renew service menu sent
2026-05-05T13:55:55.497Z [INFO]: ✅ Trial zivpn dibuat oleh 7404167575
2026-05-05T13:56:33.407Z [INFO]: Main menu sent
2026-05-05T13:58:52.856Z [INFO]: Main menu sent
2026-05-05T13:58:54.696Z [INFO]: create service menu sent
2026-05-05T13:59:42.041Z [INFO]: 🎁 Reward: User 8629869896 +2 Poin (30 hari)
2026-05-05T13:59:43.154Z [INFO]: Account create sukses user 8629869896, type: zivpn
2026-05-05T13:59:54.527Z [INFO]: Main menu sent
2026-05-05T14:15:02.773Z [INFO]: Admin menu requested
2026-05-05T14:15:03.311Z [INFO]: Admin menu sent as new message
2026-05-05T14:15:07.655Z [INFO]: Admin 7768199065 mengecek saldo user 8629869896: Rp21654
2026-05-05T14:18:58.068Z [INFO]: Main menu sent
2026-05-05T14:19:08.859Z [INFO]: create service menu sent
2026-05-05T14:19:37.665Z [INFO]: Account create sukses user 6486089782, type: vless
2026-05-05T14:34:12.613Z [INFO]: 🧹 Membersihkan 1 akun yang sudah expired > 24 jam.
2026-05-05T14:43:04.936Z [INFO]: Main menu sent
2026-05-05T14:43:12.431Z [INFO]: create service menu sent
2026-05-05T15:33:45.962Z [INFO]: trial service menu sent
2026-05-05T15:34:12.616Z [INFO]: 🧹 Membersihkan 1 akun yang sudah expired > 24 jam.
2026-05-05T15:52:07.642Z [INFO]: Main menu sent
2026-05-05T15:56:50.553Z [INFO]: Main menu sent
2026-05-05T15:57:15.125Z [INFO]: create service menu sent
2026-05-05T16:34:12.611Z [INFO]: 🧹 Tidak ada akun yang perlu dihapus malam ini.
2026-05-05T17:34:12.611Z [INFO]: 🧹 Tidak ada akun yang perlu dihapus malam ini.
2026-05-05T18:10:47.722Z [INFO]: Main menu sent
2026-05-05T18:34:12.611Z [INFO]: 🧹 Tidak ada akun yang perlu dihapus malam ini.
2026-05-05T19:34:12.611Z [INFO]: 🧹 Tidak ada akun yang perlu dihapus malam ini.
2026-05-05T20:34:12.612Z [INFO]: 🧹 Tidak ada akun yang perlu dihapus malam ini.
2026-05-05T21:34:12.611Z [INFO]: 🧹 Tidak ada akun yang perlu dihapus malam ini.
2026-05-05T21:35:43.932Z [INFO]: Main menu sent
2026-05-05T21:35:48.396Z [INFO]: create service menu sent
2026-05-05T21:36:16.094Z [INFO]: Main menu sent
2026-05-05T21:36:22.369Z [INFO]: Main menu sent
2026-05-05T21:37:57.793Z [INFO]: lock service menu sent
2026-05-05T21:38:18.135Z [INFO]: Main menu sent
2026-05-05T22:34:12.611Z [INFO]: 🧹 Tidak ada akun yang perlu dihapus malam ini.
2026-05-05T23:19:59.284Z [INFO]: Main menu sent
2026-05-05T23:20:01.033Z [INFO]: trial service menu sent
2026-05-05T23:20:20.330Z [INFO]: Main menu sent
2026-05-05T23:20:22.680Z [INFO]: trial service menu sent
2026-05-05T23:20:30.901Z [INFO]: ✅ Trial ssh dibuat oleh 7960158114
2026-05-05T23:20:45.566Z [INFO]: Main menu sent
2026-05-05T23:20:47.432Z [INFO]: Main menu sent
2026-05-05T23:34:12.611Z [INFO]: 🧹 Tidak ada akun yang perlu dihapus malam ini.
2026-05-05T23:45:30.803Z [INFO]: Main menu sent
2026-05-05T23:45:32.354Z [INFO]: create service menu sent
2026-05-05T23:45:39.900Z [INFO]: Main menu sent
2026-05-05T23:45:41.953Z [INFO]: create service menu sent
2026-05-05T23:45:56.196Z [INFO]: Account create sukses user 7960158114, type: zivpn
2026-05-05T23:46:28.132Z [INFO]: 🎁 Reward: User 7570184058 +2 Poin (31 hari)
2026-05-05T23:46:29.595Z [INFO]: Account create sukses user 7570184058, type: zivpn
2026-05-05T23:46:47.525Z [INFO]: 🎁 Reward: User 7570184058 +2 Poin (31 hari)
2026-05-05T23:46:48.644Z [INFO]: Account create sukses user 7570184058, type: zivpn
2026-05-05T23:47:07.735Z [INFO]: 🎁 Reward: User 7570184058 +2 Poin (31 hari)
2026-05-05T23:47:08.835Z [INFO]: Account create sukses user 7570184058, type: zivpn
2026-05-05T23:47:12.629Z [INFO]: Main menu sent
2026-05-05T23:47:21.429Z [INFO]: Main menu sent
2026-05-05T23:47:51.727Z [INFO]: Main menu sent
2026-05-06T00:00:20.611Z [INFO]: Main menu sent
2026-05-06T00:10:35.376Z [INFO]: Main menu sent
2026-05-06T00:10:51.771Z [INFO]: 🎁 Reward: User 7960158114 +2 Poin (28 hari)
2026-05-06T00:10:53.237Z [INFO]: Account renew sukses user 7960158114, type: zivpn
2026-05-06T00:34:12.612Z [INFO]: 🧹 Membersihkan 4 akun yang sudah expired > 24 jam.
2026-05-06T00:49:28.333Z [INFO]: Main menu sent
2026-05-06T00:49:30.877Z [INFO]: 🔍 User 6380781342 memulai proses top-up saldo.
2026-05-06T00:49:53.693Z [INFO]: [QRIS][user-6380781342-1778028581623] expected=5085 | transaksi(9)=8000@05/05/2026 21:17:32,10000@05/05/2026 20:11:35,10000@05/05/2026 17:23:16,30000@05/05/2026 12:25:11,18000@04/05/2026 22:16:15
2026-05-06T00:50:43.653Z [INFO]: [QRIS][user-6380781342-1778028581623] expected=5085 | transaksi(9)=5085@06/05/2026 07:50:42,8000@05/05/2026 21:17:32,10000@05/05/2026 20:11:35,10000@05/05/2026 17:23:16,30000@05/05/2026 12:25:11
2026-05-06T00:50:44.721Z [INFO]: Payment processed successfully for user-6380781342-1778028581623
2026-05-06T00:51:07.213Z [INFO]: Main menu sent
2026-05-06T00:51:10.259Z [INFO]: create service menu sent
2026-05-06T00:52:50.624Z [INFO]: Account create sukses user 6380781342, type: ssh
2026-05-06T01:27:20.232Z [INFO]: Main menu sent
2026-05-06T01:34:12.611Z [INFO]: 🧹 Tidak ada akun yang perlu dihapus malam ini.
2026-05-06T02:34:12.613Z [INFO]: 🧹 Membersihkan 1 akun yang sudah expired > 24 jam.
2026-05-06T03:30:57.253Z [INFO]: Main menu sent
2026-05-06T03:34:12.613Z [INFO]: 🧹 Membersihkan 1 akun yang sudah expired > 24 jam.
2026-05-06T04:25:11.028Z [INFO]: Main menu sent
2026-05-06T04:25:12.671Z [INFO]: create service menu sent
2026-05-06T04:25:29.394Z [INFO]: create service menu sent
2026-05-06T04:25:55.504Z [INFO]: Account create sukses user 7768199065, type: ssh
2026-05-06T04:34:12.613Z [INFO]: 🧹 Membersihkan 2 akun yang sudah expired > 24 jam.
2026-05-06T04:55:06.879Z [INFO]: Main menu sent
2026-05-06T04:55:08.432Z [INFO]: create service menu sent
2026-05-06T04:55:35.987Z [INFO]: 🎁 Reward: User 7960158114 +2 Poin (29 hari)
2026-05-06T04:55:37.442Z [INFO]: Account create sukses user 7960158114, type: zivpn
2026-05-06T05:34:12.614Z [INFO]: 🧹 Membersihkan 2 akun yang sudah expired > 24 jam.
2026-05-06T06:34:12.612Z [INFO]: 🧹 Tidak ada akun yang perlu dihapus malam ini.
2026-05-06T07:34:12.615Z [INFO]: 🧹 Membersihkan 1 akun yang sudah expired > 24 jam.
2026-05-06T08:34:12.613Z [INFO]: 🧹 Tidak ada akun yang perlu dihapus malam ini.
2026-05-06T09:34:12.615Z [INFO]: 🧹 Membersihkan 3 akun yang sudah expired > 24 jam.
2026-05-06T10:30:00.573Z [INFO]: Main menu sent
2026-05-06T10:30:02.101Z [INFO]: create service menu sent
2026-05-06T10:30:22.805Z [INFO]: Account create sukses user 7570184058, type: zivpn
2026-05-06T10:30:47.912Z [INFO]: Admin menu requested
2026-05-06T10:30:48.457Z [INFO]: Admin menu sent as new message
2026-05-06T10:30:52.480Z [INFO]: Admin 7768199065 mengecek saldo user 7570184058: Rp18958
2026-05-06T10:34:12.615Z [INFO]: 🧹 Membersihkan 1 akun yang sudah expired > 24 jam.
2026-05-06T10:49:34.402Z [INFO]: create service menu sent
2026-05-06T10:49:55.436Z [INFO]: Main menu sent
2026-05-06T10:58:06.264Z [INFO]: Main menu sent
2026-05-06T10:58:10.051Z [INFO]: create service menu sent
2026-05-06T11:04:43.520Z [INFO]: Main menu sent
2026-05-06T11:22:12.200Z [INFO]: Main menu sent
2026-05-06T11:22:14.514Z [INFO]: create service menu sent
2026-05-06T11:24:30.839Z [INFO]: Main menu sent
2026-05-06T11:33:42.687Z [INFO]: Main menu sent
2026-05-06T11:34:12.614Z [INFO]: 🧹 Tidak ada akun yang perlu dihapus malam ini.
2026-05-06T11:34:30.860Z [INFO]: 🎁 Reward: User 8629869896 +2 Poin (30 hari)
2026-05-06T11:34:32.321Z [INFO]: Account create sukses user 8629869896, type: zivpn
2026-05-06T11:34:47.707Z [INFO]: Main menu sent
2026-05-06T12:23:29.809Z [INFO]: Main menu sent
2026-05-06T12:23:31.385Z [INFO]: create service menu sent
2026-05-06T12:23:48.456Z [INFO]: 🎁 Reward: User 7960158114 +2 Poin (29 hari)
2026-05-06T12:23:49.898Z [INFO]: Account create sukses user 7960158114, type: zivpn
2026-05-06T12:24:50.407Z [INFO]: Main menu sent
2026-05-06T12:26:22.026Z [INFO]: Main menu sent
2026-05-06T12:26:23.426Z [INFO]: create service menu sent
2026-05-06T12:26:39.580Z [INFO]: Main menu sent
2026-05-06T12:26:48.641Z [INFO]: Add saldo user process started (manual input ID)
2026-05-06T12:27:02.757Z [INFO]: Admin 7768199065 menambah saldo Rp2000000 ke user 7960158114 (Saldo akhir: Rp2005591).
2026-05-06T12:27:12.318Z [INFO]: create service menu sent
2026-05-06T12:27:24.605Z [INFO]: Main menu sent
2026-05-06T12:27:27.244Z [INFO]: create service menu sent
2026-05-06T12:27:37.381Z [ERROR]: Transaksi gagal user 7960158114 (create): ❌  gagal membuat akun zivpn:
username akun sudah di gunakan
masukan username baru!
2026-05-06T12:28:20.219Z [INFO]: 🎁 Reward: User 7960158114 +2 Poin (29 hari)
2026-05-06T12:28:21.688Z [INFO]: Account create sukses user 7960158114, type: zivpn
2026-05-06T12:34:12.614Z [INFO]: 🧹 Tidak ada akun yang perlu dihapus malam ini.
2026-05-06T12:40:28.830Z [INFO]: create service menu sent
2026-05-06T12:41:07.578Z [INFO]: Main menu sent
2026-05-06T12:41:09.065Z [INFO]: create service menu sent
2026-05-06T12:41:22.020Z [ERROR]: Transaksi gagal user 7960158114 (create): ❌  gagal membuat akun zivpn:
username akun sudah di gunakan
masukan username baru!
2026-05-06T12:41:39.171Z [INFO]: Account create sukses user 7309962231, type: zivpn
2026-05-06T12:41:50.486Z [INFO]: 🎁 Reward: User 7960158114 +2 Poin (29 hari)
2026-05-06T12:41:51.661Z [INFO]: Account create sukses user 7960158114, type: zivpn
2026-05-06T13:00:12.944Z [INFO]: ⏰ Waktunya kirim notifikasi expired (20:00 WIB)
2026-05-06T13:00:19.021Z [INFO]: ✅ Sukses mengirim notifikasi expired ke 9 user.
2026-05-06T13:28:04.927Z [INFO]: Main menu sent
2026-05-06T13:28:06.927Z [INFO]: create service menu sent
2026-05-06T13:28:28.787Z [INFO]: Main menu sent
2026-05-06T13:28:34.315Z [INFO]: 🔍 User 7612399455 memulai proses top-up saldo.
2026-05-06T13:29:05.026Z [INFO]: [QRIS][user-7612399455-1778074136752] expected=30075 | transaksi(9)=14000@06/05/2026 11:18:20,8000@06/05/2026 09:32:52,10000@06/05/2026 09:11:05,5085@06/05/2026 07:50:42,8000@05/05/2026 21:17:32
2026-05-06T13:29:44.916Z [WARN]: [QRIS] Tidak ada transaksi terbaca dari API. Preview: 📤 Output: 0 dari 0 (filter: masuk) Tidak ada data mutasi.
2026-05-06T13:29:56.447Z [INFO]: Main menu sent
2026-05-06T13:30:02.877Z [INFO]: 🔍 User 7612399455 memulai proses top-up saldo.
2026-05-06T13:32:05.461Z [INFO]: [QRIS][user-7612399455-1778074136752] expected=30075 | transaksi(9)=50092@06/05/2026 20:31:43,14000@06/05/2026 11:18:20,8000@06/05/2026 09:32:52,10000@06/05/2026 09:11:05,5085@06/05/2026 07:50:42
2026-05-06T13:32:05.677Z [INFO]: [QRIS][user-7612399455-1778074215594] expected=50092 | transaksi(9)=50092@06/05/2026 20:31:43,14000@06/05/2026 11:18:20,8000@06/05/2026 09:32:52,10000@06/05/2026 09:11:05,5085@06/05/2026 07:50:42
2026-05-06T13:32:06.411Z [INFO]: Payment processed successfully for user-7612399455-1778074215594
2026-05-06T13:32:11.218Z [INFO]: Main menu sent
2026-05-06T13:32:14.323Z [INFO]: create service menu sent
2026-05-06T13:32:15.187Z [WARN]: [QRIS] Tidak ada transaksi terbaca dari API. Preview: 📤 Output: 0 dari 0 (filter: masuk) Tidak ada data mutasi.
2026-05-06T13:32:35.036Z [INFO]: [QRIS][user-7612399455-1778074136752] expected=30075 | transaksi(9)=50092@06/05/2026 20:31:43,14000@06/05/2026 11:18:20,8000@06/05/2026 09:32:52,10000@06/05/2026 09:11:05,5085@06/05/2026 07:50:42
2026-05-06T13:33:14.418Z [INFO]: Account create sukses user 7612399455, type: zivpn
2026-05-06T13:33:34.919Z [WARN]: [QRIS] Tidak ada transaksi terbaca dari API. Preview: 📤 Output: 0 dari 0 (filter: masuk) Tidak ada data mutasi.
2026-05-06T13:34:12.615Z [INFO]: 🧹 Membersihkan 8 akun yang sudah expired > 24 jam.
2026-05-06T13:34:15.770Z [WARN]: [BACKUP] Skip database.db karena file kosong (0 byte).
2026-05-06T13:34:15.770Z [INFO]: [BACKUP][Auto 24h] sent=3 missing=1 errors=0
2026-05-06T13:40:17.819Z [INFO]: Main menu sent
2026-05-06T13:40:20.804Z [INFO]: create service menu sent
2026-05-06T14:34:12.615Z [INFO]: 🧹 Membersihkan 5 akun yang sudah expired > 24 jam.
2026-05-06T14:42:24.499Z [INFO]: Main menu sent
2026-05-06T14:42:25.776Z [INFO]: create service menu sent
2026-05-06T14:42:38.864Z [INFO]: 🎁 Reward: User 7960158114 +2 Poin (29 hari)
2026-05-06T14:42:40.424Z [INFO]: Account create sukses user 7960158114, type: zivpn
2026-05-06T14:42:44.530Z [INFO]: Main menu sent
2026-05-06T14:51:36.951Z [INFO]: Main menu sent
2026-05-06T14:51:39.534Z [INFO]: create service menu sent
2026-05-06T14:52:40.997Z [INFO]: Account create sukses user 865177480, type: vless
2026-05-06T14:55:56.671Z [INFO]: Main menu sent
2026-05-06T14:56:05.435Z [INFO]: Main menu sent
2026-05-06T14:56:07.204Z [INFO]: create service menu sent
2026-05-06T14:56:37.006Z [INFO]: Account create sukses user 7381102145, type: zivpn
2026-05-06T15:05:25.297Z [INFO]: Main menu sent
2026-05-06T15:05:26.812Z [INFO]: create service menu sent
2026-05-06T15:05:49.876Z [INFO]: 🎁 Reward: User 7960158114 +2 Poin (29 hari)
2026-05-06T15:05:51.358Z [INFO]: Account create sukses user 7960158114, type: zivpn
2026-05-06T15:34:12.614Z [INFO]: 🧹 Tidak ada akun yang perlu dihapus malam ini.
2026-05-06T15:57:32.896Z [INFO]: Main menu sent
2026-05-06T15:57:35.114Z [INFO]: create service menu sent
2026-05-06T15:57:55.666Z [INFO]: Account create sukses user 7768199065, type: trojan
2026-05-06T16:34:12.616Z [INFO]: 🧹 Membersihkan 3 akun yang sudah expired > 24 jam.
2026-05-06T17:34:12.614Z [INFO]: 🧹 Tidak ada akun yang perlu dihapus malam ini.
2026-05-06T18:34:12.614Z [INFO]: 🧹 Tidak ada akun yang perlu dihapus malam ini.
2026-05-06T19:10:52.119Z [INFO]: Main menu sent
2026-05-06T19:34:12.615Z [INFO]: 🧹 Tidak ada akun yang perlu dihapus malam ini.
2026-05-06T20:34:12.615Z [INFO]: 🧹 Tidak ada akun yang perlu dihapus malam ini.
2026-05-06T21:34:12.615Z [INFO]: 🧹 Tidak ada akun yang perlu dihapus malam ini.
2026-05-06T22:34:12.616Z [INFO]: 🧹 Membersihkan 2 akun yang sudah expired > 24 jam.
2026-05-06T23:24:30.146Z [INFO]: Main menu sent
2026-05-06T23:24:47.282Z [ERROR]: Transaksi gagal user 1734416542 (renew): ❌ respons error:
client eddk not exists, try another name
2026-05-06T23:25:15.048Z [INFO]: Main menu sent
2026-05-06T23:25:17.101Z [INFO]: create service menu sent
2026-05-06T23:25:40.937Z [INFO]: Account create sukses user 1734416542, type: ssh
2026-05-06T23:34:12.616Z [INFO]: 🧹 Membersihkan 1 akun yang sudah expired > 24 jam.
2026-05-07T00:34:12.615Z [INFO]: 🧹 Tidak ada akun yang perlu dihapus malam ini.
2026-05-07T00:50:26.160Z [INFO]: Main menu sent
2026-05-07T00:50:27.968Z [INFO]: create service menu sent
2026-05-07T00:50:51.950Z [INFO]: Account create sukses user 7612399455, type: zivpn
2026-05-07T01:00:12.417Z [INFO]: Account create sukses user 7612399455, type: zivpn
2026-05-07T01:05:43.033Z [INFO]: Main menu sent
2026-05-07T01:05:46.650Z [INFO]: create service menu sent
2026-05-07T01:05:51.683Z [INFO]: Main menu sent
2026-05-07T01:34:12.617Z [INFO]: 🧹 Membersihkan 1 akun yang sudah expired > 24 jam.
2026-05-07T02:34:12.616Z [INFO]: 🧹 Membersihkan 1 akun yang sudah expired > 24 jam.
2026-05-07T03:34:12.616Z [INFO]: 🧹 Tidak ada akun yang perlu dihapus malam ini.
2026-05-07T04:34:12.618Z [INFO]: 🧹 Tidak ada akun yang perlu dihapus malam ini.
2026-05-07T04:53:12.805Z [INFO]: Account create sukses user 7612399455, type: zivpn
2026-05-07T04:56:05.843Z [INFO]: Main menu sent
2026-05-07T04:57:02.650Z [INFO]: create service menu sent
2026-05-07T04:57:59.682Z [INFO]: Account create sukses user 865177480, type: vless
2026-05-07T05:00:50.404Z [INFO]: Main menu sent
2026-05-07T05:00:51.756Z [INFO]: create service menu sent
2026-05-07T05:01:13.162Z [INFO]: 🎁 Reward: User 7960158114 +2 Poin (29 hari)
2026-05-07T05:01:19.676Z [INFO]: Account create sukses user 7960158114, type: zivpn
2026-05-07T05:02:17.775Z [INFO]: Main menu sent
2026-05-07T05:02:20.256Z [INFO]: create service menu sent
2026-05-07T05:02:46.418Z [INFO]: Account create sukses user 7570184058, type: zivpn
2026-05-07T05:34:12.619Z [INFO]: 🧹 Tidak ada akun yang perlu dihapus malam ini.
2026-05-07T06:01:09.971Z [INFO]: Main menu sent
2026-05-07T06:34:12.619Z [INFO]: 🧹 Tidak ada akun yang perlu dihapus malam ini.
2026-05-07T07:34:12.619Z [INFO]: 🧹 Tidak ada akun yang perlu dihapus malam ini.
2026-05-07T08:04:31.212Z [INFO]: Account create sukses user 7612399455, type: zivpn
2026-05-07T08:34:12.619Z [INFO]: 🧹 Tidak ada akun yang perlu dihapus malam ini.
2026-05-07T08:39:02.070Z [INFO]: Main menu sent
2026-05-07T08:39:04.208Z [INFO]: create service menu sent
2026-05-07T08:39:24.962Z [ERROR]: Transaksi gagal user 7960158114 (create): ❌  gagal membuat akun zivpn:
username akun sudah di gunakan
masukan username baru!
2026-05-07T08:39:44.814Z [INFO]: 🎁 Reward: User 7960158114 +2 Poin (29 hari)
2026-05-07T08:39:46.279Z [INFO]: Account create sukses user 7960158114, type: zivpn
2026-05-07T09:15:28.171Z [INFO]: Main menu sent
2026-05-07T09:15:31.433Z [INFO]: create service menu sent
2026-05-07T09:15:49.246Z [INFO]: Main menu sent
2026-05-07T09:22:22.030Z [INFO]: Main menu sent
2026-05-07T09:32:56.291Z [INFO]: Main menu sent
2026-05-07T09:33:06.265Z [INFO]: Main menu sent
2026-05-07T09:34:12.174Z [INFO]: Main menu sent
2026-05-07T09:34:12.619Z [INFO]: 🧹 Tidak ada akun yang perlu dihapus malam ini.
2026-05-07T09:34:14.306Z [INFO]: del service menu sent
2026-05-07T09:34:18.262Z [INFO]: Main menu sent
2026-05-07T09:34:21.655Z [INFO]: create service menu sent
2026-05-07T09:47:33.328Z [INFO]: Main menu sent
2026-05-07T09:47:40.967Z [INFO]: create service menu sent
2026-05-07T09:49:05.545Z [INFO]: 🎁 Reward: User 8461801575 +2 Poin (27 hari)
2026-05-07T09:49:06.996Z [INFO]: Account create sukses user 8461801575, type: zivpn
2026-05-07T10:09:34.572Z [INFO]: Main menu sent
2026-05-07T10:10:00.218Z [INFO]: create service menu sent
2026-05-07T10:17:26.778Z [INFO]: Main menu sent
2026-05-07T10:17:29.655Z [INFO]: create service menu sent
2026-05-07T10:18:08.604Z [INFO]: 🎁 Reward: User 8461801575 +2 Poin (27 hari)
2026-05-07T10:18:10.083Z [INFO]: Account create sukses user 8461801575, type: zivpn
2026-05-07T10:34:12.621Z [INFO]: 🧹 Membersihkan 2 akun yang sudah expired > 24 jam.
2026-05-07T11:02:26.938Z [INFO]: ✅ Trial zivpn dibuat oleh 7404167575
2026-05-07T11:02:50.054Z [INFO]: Main menu sent
2026-05-07T11:02:56.267Z [INFO]: create service menu sent
2026-05-07T11:03:29.298Z [INFO]: Account create sukses user 7404167575, type: zivpn
2026-05-07T11:27:54.771Z [INFO]: Main menu sent
2026-05-07T11:27:58.645Z [INFO]: trial service menu sent
2026-05-07T11:28:02.909Z [INFO]: ✅ Trial ssh dibuat oleh 7768199065
2026-05-07T11:34:12.622Z [INFO]: 🧹 Membersihkan 1 akun yang sudah expired > 24 jam.
2026-05-07T12:12:36.937Z [INFO]: Main menu sent
2026-05-07T12:34:12.619Z [INFO]: 🧹 Tidak ada akun yang perlu dihapus malam ini.
2026-05-07T13:00:13.331Z [INFO]: ⏰ Waktunya kirim notifikasi expired (20:00 WIB)
2026-05-07T13:00:19.247Z [INFO]: ✅ Sukses mengirim notifikasi expired ke 9 user.
2026-05-07T13:03:00.889Z [INFO]: Main menu sent
2026-05-07T13:16:33.998Z [INFO]: Main menu sent
2026-05-07T13:16:34.388Z [INFO]: Main menu sent
2026-05-07T13:16:35.352Z [INFO]: create service menu sent
2026-05-07T13:16:54.459Z [INFO]: 🎁 Reward: User 7960158114 +2 Poin (29 hari)
2026-05-07T13:16:55.925Z [INFO]: Account create sukses user 7960158114, type: zivpn
2026-05-07T13:34:12.621Z [INFO]: 🧹 Membersihkan 4 akun yang sudah expired > 24 jam.
2026-05-07T13:34:16.516Z [WARN]: [BACKUP] Skip database.db karena file kosong (0 byte).
2026-05-07T13:34:16.516Z [INFO]: [BACKUP][Auto 24h] sent=3 missing=1 errors=0
2026-05-07T14:04:01.663Z [INFO]: Main menu sent
2026-05-07T14:18:17.160Z [INFO]: Main menu sent
2026-05-07T14:18:26.668Z [INFO]: create service menu sent
2026-05-07T14:19:43.894Z [INFO]: Main menu sent
2026-05-07T14:19:46.226Z [INFO]: create service menu sent
2026-05-07T14:20:11.985Z [INFO]: Account create sukses user 328922489, type: zivpn
2026-05-07T14:34:12.620Z [INFO]: 🧹 Membersihkan 1 akun yang sudah expired > 24 jam.
2026-05-07T14:42:21.620Z [INFO]: Main menu sent
2026-05-07T14:42:23.859Z [INFO]: create service menu sent
2026-05-07T15:34:12.620Z [INFO]: 🧹 Membersihkan 1 akun yang sudah expired > 24 jam.
2026-05-07T16:34:12.619Z [INFO]: 🧹 Tidak ada akun yang perlu dihapus malam ini.
2026-05-07T17:03:53.467Z [INFO]: 🔍 User 6632362265 memulai proses top-up saldo.
2026-05-07T17:04:07.087Z [INFO]: Main menu sent
2026-05-07T17:34:12.622Z [INFO]: 🧹 Membersihkan 1 akun yang sudah expired > 24 jam.
2026-05-07T18:34:12.620Z [INFO]: 🧹 Tidak ada akun yang perlu dihapus malam ini.
2026-05-07T19:34:12.620Z [INFO]: 🧹 Tidak ada akun yang perlu dihapus malam ini.
2026-05-07T20:34:12.620Z [INFO]: 🧹 Tidak ada akun yang perlu dihapus malam ini.
2026-05-07T21:34:12.620Z [INFO]: 🧹 Tidak ada akun yang perlu dihapus malam ini.
2026-05-07T21:43:01.328Z [INFO]: Main menu sent
2026-05-07T21:43:02.915Z [INFO]: create service menu sent
2026-05-07T22:34:12.620Z [INFO]: 🧹 Tidak ada akun yang perlu dihapus malam ini.
2026-05-07T23:33:59.168Z [INFO]: Main menu sent
2026-05-07T23:34:01.189Z [INFO]: create service menu sent
2026-05-07T23:34:12.622Z [INFO]: 🧹 Membersihkan 1 akun yang sudah expired > 24 jam.
2026-05-07T23:34:31.537Z [INFO]: 🎁 Reward: User 7570184058 +2 Poin (31 hari)
2026-05-07T23:34:32.983Z [INFO]: Account create sukses user 7570184058, type: zivpn
2026-05-07T23:35:05.734Z [INFO]: 🎁 Reward: User 7570184058 +2 Poin (31 hari)
2026-05-07T23:35:06.827Z [INFO]: Account create sukses user 7570184058, type: zivpn
2026-05-07T23:39:02.081Z [INFO]: Main menu sent
2026-05-07T23:39:04.124Z [INFO]: trial service menu sent
2026-05-07T23:39:07.656Z [INFO]: ✅ Trial zivpn dibuat oleh 8461801575
2026-05-07T23:52:32.227Z [INFO]: Main menu sent
2026-05-07T23:53:28.857Z [INFO]: Main menu sent
2026-05-07T23:54:05.572Z [INFO]: create service menu sent
2026-05-07T23:54:11.567Z [INFO]: Main menu sent
2026-05-07T23:54:14.687Z [INFO]: Main menu sent
2026-05-07T23:54:16.380Z [INFO]: create service menu sent
2026-05-07T23:55:49.333Z [INFO]: 🎁 Reward: User 8461801575 +2 Poin (27 hari)
2026-05-07T23:55:50.809Z [INFO]: Account create sukses user 8461801575, type: zivpn
2026-05-08T00:02:36.620Z [INFO]: Main menu sent
2026-05-08T00:34:12.620Z [INFO]: 🧹 Tidak ada akun yang perlu dihapus malam ini.
2026-05-08T00:43:44.828Z [INFO]: Main menu sent
2026-05-08T00:43:52.330Z [INFO]: Main menu sent
2026-05-08T00:43:54.391Z [INFO]: create service menu sent
2026-05-08T00:44:53.182Z [INFO]: Account create sukses user 8001507141, type: ssh
2026-05-08T01:22:45.855Z [INFO]: Main menu sent
2026-05-08T01:23:17.267Z [INFO]: Main menu sent
2026-05-08T01:24:25.912Z [INFO]: renew service menu sent
2026-05-08T01:24:31.725Z [INFO]: Main menu sent
2026-05-08T01:25:23.275Z [INFO]: Account renew sukses user 7834544409, type: ssh
2026-05-08T01:25:56.746Z [INFO]: Main menu sent
2026-05-08T01:34:12.620Z [INFO]: 🧹 Tidak ada akun yang perlu dihapus malam ini.
2026-05-08T01:56:57.134Z [INFO]: Main menu sent
2026-05-08T01:57:01.767Z [INFO]: create service menu sent
2026-05-08T01:57:05.238Z [INFO]: Main menu sent
2026-05-08T02:10:27.100Z [INFO]: Main menu sent
2026-05-08T02:18:05.605Z [INFO]: create service menu sent
2026-05-08T02:18:31.124Z [INFO]: Main menu sent
2026-05-08T02:18:35.212Z [INFO]: 🔍 User 7596611339 memulai proses top-up saldo.
2026-05-08T02:18:48.700Z [INFO]: [QRIS][user-7596611339-1778206722579] expected=3234 | transaksi(9)=8000@07/05/2026 20:29:16,12000@07/05/2026 12:40:20,10000@07/05/2026 06:27:36,10000@06/05/2026 21:58:51,10000@06/05/2026 21:37:54
2026-05-08T02:20:08.515Z [WARN]: [QRIS] Tidak ada transaksi terbaca dari API. Preview: 📤 Output: 0 dari 0 (filter: masuk) Tidak ada data mutasi.
2026-05-08T02:20:28.527Z [INFO]: [QRIS][user-7596611339-1778206722579] expected=3234 | transaksi(9)=8000@07/05/2026 20:29:16,12000@07/05/2026 12:40:20,10000@07/05/2026 06:27:36,10000@06/05/2026 21:58:51,10000@06/05/2026 21:37:54
2026-05-08T02:20:48.515Z [WARN]: [QRIS] Tidak ada transaksi terbaca dari API. Preview: 📤 Output: 0 dari 0 (filter: masuk) Tidak ada data mutasi.
2026-05-08T02:20:58.553Z [INFO]: [QRIS][user-7596611339-1778206722579] expected=3234 | transaksi(9)=8000@07/05/2026 20:29:16,12000@07/05/2026 12:40:20,10000@07/05/2026 06:27:36,10000@06/05/2026 21:58:51,10000@06/05/2026 21:37:54
2026-05-08T02:21:08.511Z [WARN]: [QRIS] Tidak ada transaksi terbaca dari API. Preview: 📤 Output: 0 dari 0 (filter: masuk) Tidak ada data mutasi.
2026-05-08T02:21:50.615Z [INFO]: Main menu sent
2026-05-08T02:21:53.600Z [INFO]: 🔍 User 7596611339 memulai proses top-up saldo.
2026-05-08T02:22:28.531Z [INFO]: [QRIS][user-7596611339-1778206722579] expected=3234 | transaksi(9)=8000@07/05/2026 20:29:16,12000@07/05/2026 12:40:20,10000@07/05/2026 06:27:36,10000@06/05/2026 21:58:51,10000@06/05/2026 21:37:54
2026-05-08T02:22:28.601Z [INFO]: [QRIS][user-7596611339-1778206940473] expected=11078 | transaksi(9)=8000@07/05/2026 20:29:16,12000@07/05/2026 12:40:20,10000@07/05/2026 06:27:36,10000@06/05/2026 21:58:51,10000@06/05/2026 21:37:54
2026-05-08T02:22:38.527Z [WARN]: [QRIS] Tidak ada transaksi terbaca dari API. Preview: 📤 Output: 0 dari 0 (filter: masuk) Tidak ada data mutasi.
2026-05-08T02:22:48.546Z [INFO]: [QRIS][user-7596611339-1778206722579] expected=3234 | transaksi(9)=8000@07/05/2026 20:29:16,12000@07/05/2026 12:40:20,10000@07/05/2026 06:27:36,10000@06/05/2026 21:58:51,10000@06/05/2026 21:37:54
2026-05-08T02:22:48.621Z [INFO]: [QRIS][user-7596611339-1778206940473] expected=11078 | transaksi(9)=8000@07/05/2026 20:29:16,12000@07/05/2026 12:40:20,10000@07/05/2026 06:27:36,10000@06/05/2026 21:58:51,10000@06/05/2026 21:37:54
2026-05-08T02:23:49.618Z [WARN]: [QRIS] Tidak ada transaksi terbaca dari API. Preview: 📤 Output: 0 dari 0 (filter: masuk) Tidak ada data mutasi.
2026-05-08T02:24:38.566Z [INFO]: [QRIS][user-7596611339-1778206940473] expected=11078 | transaksi(9)=8000@07/05/2026 20:29:16,12000@07/05/2026 12:40:20,10000@07/05/2026 06:27:36,10000@06/05/2026 21:58:51,10000@06/05/2026 21:37:54
2026-05-08T02:24:48.523Z [WARN]: [QRIS] Tidak ada transaksi terbaca dari API. Preview: 📤 Output: 0 dari 0 (filter: masuk) Tidak ada data mutasi.
2026-05-08T02:24:58.565Z [INFO]: [QRIS][user-7596611339-1778206940473] expected=11078 | transaksi(9)=8000@07/05/2026 20:29:16,12000@07/05/2026 12:40:20,10000@07/05/2026 06:27:36,10000@06/05/2026 21:58:51,10000@06/05/2026 21:37:54
2026-05-08T02:25:08.527Z [WARN]: [QRIS] Tidak ada transaksi terbaca dari API. Preview: 📤 Output: 0 dari 0 (filter: masuk) Tidak ada data mutasi.
2026-05-08T02:26:04.153Z [INFO]: Main menu sent
2026-05-08T02:26:06.639Z [INFO]: 🔍 User 7596611339 memulai proses top-up saldo.
2026-05-08T02:26:48.575Z [INFO]: [QRIS][user-7596611339-1778206940473] expected=11078 | transaksi(9)=8000@07/05/2026 20:29:16,12000@07/05/2026 12:40:20,10000@07/05/2026 06:27:36,10000@06/05/2026 21:58:51,10000@06/05/2026 21:37:54
2026-05-08T02:26:48.669Z [INFO]: [QRIS][user-7596611339-1778207173892] expected=11250 | transaksi(9)=8000@07/05/2026 20:29:16,12000@07/05/2026 12:40:20,10000@07/05/2026 06:27:36,10000@06/05/2026 21:58:51,10000@06/05/2026 21:37:54
2026-05-08T02:26:58.584Z [INFO]: [QRIS][user-7596611339-1778206940473] expected=11078 | transaksi(9)=11250@08/05/2026 09:26:49,8000@07/05/2026 20:29:16,12000@07/05/2026 12:40:20,10000@07/05/2026 06:27:36,10000@06/05/2026 21:58:51
2026-05-08T02:26:58.641Z [INFO]: [QRIS][user-7596611339-1778207173892] expected=11250 | transaksi(9)=11250@08/05/2026 09:26:49,8000@07/05/2026 20:29:16,12000@07/05/2026 12:40:20,10000@07/05/2026 06:27:36,10000@06/05/2026 21:58:51
2026-05-08T02:26:59.347Z [INFO]: Payment processed successfully for user-7596611339-1778207173892
2026-05-08T02:27:01.299Z [INFO]: Main menu sent
2026-05-08T02:27:05.350Z [INFO]: Main menu sent
2026-05-08T02:27:09.071Z [INFO]: create service menu sent
2026-05-08T02:27:16.634Z [ERROR]: Transaksi gagal user 1734416542 (renew): ❌ format respon dari server tidak valid.
2026-05-08T02:27:28.993Z [INFO]: Main menu sent
2026-05-08T02:27:31.155Z [INFO]: create service menu sent
2026-05-08T02:27:34.181Z [ERROR]: Transaksi gagal user 7596611339 (create): ❌  respons error:
koneksi ke server panel gagal (econnrefused).
2026-05-08T02:27:44.433Z [INFO]: Main menu sent
2026-05-08T02:27:47.470Z [INFO]: create service menu sent
2026-05-08T02:27:53.179Z [ERROR]: Transaksi gagal user 1734416542 (create): ❌  format respon dari server tidak valid.
2026-05-08T02:28:42.127Z [INFO]: Account create sukses user 7596611339, type: vmess
2026-05-08T02:34:12.621Z [INFO]: 🧹 Tidak ada akun yang perlu dihapus malam ini.
2026-05-08T02:37:11.432Z [INFO]: Main menu sent
2026-05-08T03:02:23.489Z [INFO]: Main menu sent
2026-05-08T03:34:12.621Z [INFO]: 🧹 Tidak ada akun yang perlu dihapus malam ini.
2026-05-08T03:35:43.168Z [INFO]: Main menu sent
2026-05-08T03:35:47.757Z [INFO]: trial service menu sent
2026-05-08T03:35:56.814Z [INFO]: ✅ Trial ssh dibuat oleh 6380781342
2026-05-08T04:34:12.624Z [INFO]: 🧹 Membersihkan 3 akun yang sudah expired > 24 jam.
2026-05-08T04:44:27.715Z [INFO]: Main menu sent
2026-05-08T04:45:08.841Z [INFO]: create service menu sent
2026-05-08T04:55:12.429Z [INFO]: Main menu sent
2026-05-08T05:34:12.621Z [INFO]: 🧹 Tidak ada akun yang perlu dihapus malam ini.
2026-05-08T05:44:42.996Z [INFO]: Main menu sent
2026-05-08T06:00:08.989Z [INFO]: Main menu sent
2026-05-08T06:00:16.442Z [INFO]: create service menu sent
2026-05-08T06:01:38.315Z [INFO]: Main menu sent
2026-05-08T06:02:17.979Z [INFO]: Main menu sent
2026-05-08T06:34:12.622Z [INFO]: 🧹 Tidak ada akun yang perlu dihapus malam ini.
2026-05-08T07:34:12.621Z [INFO]: 🧹 Tidak ada akun yang perlu dihapus malam ini.
2026-05-08T08:34:12.623Z [INFO]: 🧹 Membersihkan 1 akun yang sudah expired > 24 jam.
2026-05-08T09:34:12.623Z [INFO]: 🧹 Membersihkan 2 akun yang sudah expired > 24 jam.
2026-05-08T09:49:36.334Z [INFO]: Main menu sent
2026-05-08T09:49:38.073Z [INFO]: trial service menu sent
2026-05-08T09:49:42.482Z [INFO]: ✅ Trial vmess dibuat oleh 7768199065
2026-05-08T09:50:02.399Z [INFO]: Main menu sent
2026-05-08T09:50:03.944Z [INFO]: create service menu sent
2026-05-08T09:50:05.373Z [INFO]: Main menu sent
2026-05-08T09:50:06.852Z [INFO]: create service menu sent
2026-05-08T09:50:08.005Z [INFO]: Main menu sent
2026-05-08T09:50:10.696Z [INFO]: trial service menu sent
2026-05-08T09:50:13.761Z [INFO]: Main menu sent
2026-05-08T09:50:16.443Z [INFO]: trial service menu sent
2026-05-08T09:50:21.653Z [INFO]: ✅ Trial vmess dibuat oleh 7960158114
2026-05-08T10:01:21.059Z [INFO]: Main menu sent
2026-05-08T10:01:23.820Z [INFO]: trial service menu sent
2026-05-08T10:01:28.672Z [INFO]: ✅ Trial zivpn dibuat oleh 8461801575
2026-05-08T10:34:12.623Z [INFO]: 🧹 Membersihkan 2 akun yang sudah expired > 24 jam.
2026-05-08T11:34:12.621Z [INFO]: 🧹 Tidak ada akun yang perlu dihapus malam ini.
2026-05-08T11:42:57.052Z [INFO]: Main menu sent
2026-05-08T11:43:02.228Z [INFO]: del service menu sent
2026-05-08T11:43:42.097Z [INFO]: ✅ Akun vmess dihapus oleh 8461801575. Refund: 4008
2026-05-08T11:44:30.104Z [INFO]: Main menu sent
2026-05-08T11:44:32.296Z [INFO]: create service menu sent
2026-05-08T11:49:56.076Z [INFO]: Main menu sent
2026-05-08T11:51:06.642Z [INFO]: Main menu sent
2026-05-08T11:51:10.554Z [INFO]: create service menu sent
2026-05-08T11:52:03.101Z [INFO]: Account create sukses user 8461801575, type: vmess
2026-05-08T12:10:15.355Z [INFO]: Main menu sent
2026-05-08T12:11:36.924Z [INFO]: Main menu sent
2026-05-08T12:12:12.375Z [INFO]: 🔍 User 8461801575 memulai proses top-up saldo.
2026-05-08T12:13:09.727Z [INFO]: [QRIS][user-8461801575-1778242382701] expected=20184 | transaksi(9)=11250@08/05/2026 09:26:49,8000@07/05/2026 20:29:16,12000@07/05/2026 12:40:20,10000@07/05/2026 06:27:36,10000@06/05/2026 21:58:51
2026-05-08T12:13:41.234Z [INFO]: Main menu sent
2026-05-08T12:13:44.650Z [INFO]: 🔍 User 8461801575 memulai proses top-up saldo.
2026-05-08T12:13:49.515Z [WARN]: [QRIS] Tidak ada transaksi terbaca dari API. Preview: 📤 Output: 0 dari 0 (filter: masuk) Tidak ada data mutasi.
2026-05-08T12:14:09.550Z [INFO]: [QRIS][user-8461801575-1778242382701] expected=20184 | transaksi(9)=11250@08/05/2026 09:26:49,8000@07/05/2026 20:29:16,12000@07/05/2026 12:40:20,10000@07/05/2026 06:27:36,10000@06/05/2026 21:58:51
2026-05-08T12:14:09.595Z [INFO]: [QRIS][user-8461801575-1778242439406] expected=19557 | transaksi(9)=11250@08/05/2026 09:26:49,8000@07/05/2026 20:29:16,12000@07/05/2026 12:40:20,10000@07/05/2026 06:27:36,10000@06/05/2026 21:58:51
2026-05-08T12:14:19.519Z [WARN]: [QRIS] Tidak ada transaksi terbaca dari API. Preview: 📤 Output: 0 dari 0 (filter: masuk) Tidak ada data mutasi.
2026-05-08T12:14:29.571Z [INFO]: [QRIS][user-8461801575-1778242382701] expected=20184 | transaksi(9)=11250@08/05/2026 09:26:49,8000@07/05/2026 20:29:16,12000@07/05/2026 12:40:20,10000@07/05/2026 06:27:36,10000@06/05/2026 21:58:51
2026-05-08T12:14:29.647Z [INFO]: [QRIS][user-8461801575-1778242439406] expected=19557 | transaksi(9)=11250@08/05/2026 09:26:49,8000@07/05/2026 20:29:16,12000@07/05/2026 12:40:20,10000@07/05/2026 06:27:36,10000@06/05/2026 21:58:51
2026-05-08T12:14:39.514Z [WARN]: [QRIS] Tidak ada transaksi terbaca dari API. Preview: 📤 Output: 0 dari 0 (filter: masuk) Tidak ada data mutasi.
2026-05-08T12:16:29.552Z [INFO]: [QRIS][user-8461801575-1778242382701] expected=20184 | transaksi(9)=19557@08/05/2026 19:14:32,11250@08/05/2026 09:26:49,8000@07/05/2026 20:29:16,12000@07/05/2026 12:40:20,10000@07/05/2026 06:27:36
2026-05-08T12:16:29.635Z [INFO]: [QRIS][user-8461801575-1778242439406] expected=19557 | transaksi(9)=19557@08/05/2026 19:14:32,11250@08/05/2026 09:26:49,8000@07/05/2026 20:29:16,12000@07/05/2026 12:40:20,10000@07/05/2026 06:27:36
2026-05-08T12:16:30.728Z [INFO]: Payment processed successfully for user-8461801575-1778242439406
2026-05-08T12:17:59.512Z [WARN]: [QRIS] Tidak ada transaksi terbaca dari API. Preview: 📤 Output: 0 dari 0 (filter: masuk) Tidak ada data mutasi.
2026-05-08T12:34:12.623Z [INFO]: 🧹 Membersihkan 1 akun yang sudah expired > 24 jam.
2026-05-08T12:44:22.086Z [INFO]: Admin menu requested
2026-05-08T12:44:22.621Z [INFO]: Admin menu sent as new message
2026-05-08T12:44:24.596Z [INFO]: 📋 Proses detail server dimulai
2026-05-08T12:45:40.395Z [INFO]: Main menu sent
2026-05-08T12:45:41.938Z [INFO]: create service menu sent
2026-05-08T12:45:55.083Z [ERROR]: Transaksi gagal user 7768199065 (create): ❌  format respon dari server tidak valid.
2026-05-08T12:46:03.603Z [INFO]: 📋 Proses detail server dimulai
2026-05-08T12:48:20.375Z [INFO]: Main menu sent
2026-05-08T12:48:22.139Z [INFO]: create service menu sent
2026-05-08T12:48:41.426Z [INFO]: Account create sukses user 7768199065, type: zivpn
2026-05-08T12:48:46.749Z [INFO]: Main menu sent
2026-05-08T12:48:48.103Z [INFO]: create service menu sent
2026-05-08T12:49:02.539Z [INFO]: Account create sukses user 7768199065, type: ssh
2026-05-08T12:49:14.851Z [INFO]: Main menu sent
2026-05-08T12:49:16.314Z [INFO]: create service menu sent
2026-05-08T12:49:52.923Z [INFO]: 🎁 Reward: User 7960158114 +2 Poin (29 hari)
2026-05-08T12:49:54.366Z [INFO]: Account create sukses user 7960158114, type: zivpn
2026-05-08T12:50:46.561Z [INFO]: create service menu sent
2026-05-08T12:51:04.418Z [INFO]: Account create sukses user 7612399455, type: zivpn
2026-05-08T12:58:05.066Z [INFO]: Account create sukses user 7612399455, type: zivpn
2026-05-08T13:00:13.722Z [INFO]: ⏰ Waktunya kirim notifikasi expired (20:00 WIB)
2026-05-08T13:00:18.079Z [INFO]: ✅ Sukses mengirim notifikasi expired ke 7 user.
2026-05-08T13:08:56.540Z [INFO]: Main menu sent
2026-05-08T13:08:59.711Z [INFO]: [QRIS][upgrade-8138423961-1778245732262] expected=50167 | transaksi(9)=19557@08/05/2026 19:14:32,11250@08/05/2026 09:26:49,8000@07/05/2026 20:29:16,12000@07/05/2026 12:40:20,10000@07/05/2026 06:27:36
2026-05-08T13:09:29.609Z [WARN]: [QRIS] Tidak ada transaksi terbaca dari API. Preview: 📤 Output: 0 dari 0 (filter: masuk) Tidak ada data mutasi.
2026-05-08T13:09:39.919Z [INFO]: [QRIS][upgrade-8138423961-1778245732262] expected=50167 | transaksi(9)=19557@08/05/2026 19:14:32,11250@08/05/2026 09:26:49,8000@07/05/2026 20:29:16,12000@07/05/2026 12:40:20,10000@07/05/2026 06:27:36
2026-05-08T13:09:49.642Z [WARN]: [QRIS] Tidak ada transaksi terbaca dari API. Preview: 📤 Output: 0 dari 0 (filter: masuk) Tidak ada data mutasi.
2026-05-08T13:10:49.658Z [INFO]: [QRIS][upgrade-8138423961-1778245732262] expected=50167 | transaksi(9)=19557@08/05/2026 19:14:32,11250@08/05/2026 09:26:49,8000@07/05/2026 20:29:16,12000@07/05/2026 12:40:20,10000@07/05/2026 06:27:36
2026-05-08T13:10:59.627Z [WARN]: [QRIS] Tidak ada transaksi terbaca dari API. Preview: 📤 Output: 0 dari 0 (filter: masuk) Tidak ada data mutasi.
2026-05-08T13:11:21.413Z [INFO]: create service menu sent
2026-05-08T13:12:19.617Z [INFO]: [QRIS][upgrade-8138423961-1778245732262] expected=50167 | transaksi(9)=19557@08/05/2026 19:14:32,11250@08/05/2026 09:26:49,8000@07/05/2026 20:29:16,12000@07/05/2026 12:40:20,10000@07/05/2026 06:27:36
2026-05-08T13:13:39.615Z [WARN]: [QRIS] Tidak ada transaksi terbaca dari API. Preview: 📤 Output: 0 dari 0 (filter: masuk) Tidak ada data mutasi.
2026-05-08T13:14:42.922Z [INFO]: Main menu sent
2026-05-08T13:14:50.484Z [INFO]: 🔍 User 8138423961 memulai proses top-up saldo.
2026-05-08T13:16:12.318Z [INFO]: Main menu sent
2026-05-08T13:16:19.564Z [INFO]: create service menu sent
2026-05-08T13:34:12.623Z [INFO]: 🧹 Membersihkan 2 akun yang sudah expired > 24 jam.
2026-05-08T13:34:16.031Z [WARN]: [BACKUP] Skip database.db karena file kosong (0 byte).
2026-05-08T13:34:16.032Z [INFO]: [BACKUP][Auto 24h] sent=3 missing=1 errors=0
2026-05-08T13:45:44.462Z [INFO]: Main menu sent
2026-05-08T13:45:55.929Z [INFO]: create service menu sent
2026-05-08T14:34:12.622Z [INFO]: 🧹 Tidak ada akun yang perlu dihapus malam ini.
2026-05-08T15:08:21.297Z [INFO]: Main menu sent
2026-05-08T15:27:26.156Z [INFO]: Main menu sent
2026-05-08T15:34:12.624Z [INFO]: 🧹 Membersihkan 2 akun yang sudah expired > 24 jam.
2026-05-08T16:00:11.444Z [INFO]: Main menu sent
2026-05-08T16:00:14.235Z [INFO]: create service menu sent
2026-05-08T16:00:37.324Z [INFO]: Account create sukses user 7612399455, type: zivpn
2026-05-08T16:34:12.623Z [INFO]: 🧹 Membersihkan 1 akun yang sudah expired > 24 jam.
2026-05-08T17:34:12.622Z [INFO]: 🧹 Tidak ada akun yang perlu dihapus malam ini.
2026-05-08T18:02:19.217Z [INFO]: Main menu sent
2026-05-08T18:34:12.626Z [INFO]: 🧹 Tidak ada akun yang perlu dihapus malam ini.
2026-05-08T19:34:12.623Z [INFO]: 🧹 Tidak ada akun yang perlu dihapus malam ini.
2026-05-08T20:34:12.622Z [INFO]: 🧹 Tidak ada akun yang perlu dihapus malam ini.
2026-05-08T21:34:12.623Z [INFO]: 🧹 Tidak ada akun yang perlu dihapus malam ini.
2026-05-08T21:35:47.943Z [INFO]: Main menu sent
2026-05-08T21:35:49.857Z [INFO]: 🔍 User 7570184058 memulai proses top-up saldo.
2026-05-08T21:35:50.202Z [INFO]: 🔍 Reseller 7570184058 diminta untuk memasukkan jumlah nominal saldo (keypad).
2026-05-08T21:36:20.696Z [INFO]: [QRIS][user-7570184058-1778276171745] expected=50157 | transaksi(9)=19557@08/05/2026 19:14:32,11250@08/05/2026 09:26:49,8000@07/05/2026 20:29:16,12000@07/05/2026 12:40:20,10000@07/05/2026 06:27:36
2026-05-08T21:37:10.527Z [INFO]: [QRIS][user-7570184058-1778276171745] expected=50157 | transaksi(9)=50157@09/05/2026 04:37:08,19557@08/05/2026 19:14:32,11250@08/05/2026 09:26:49,8000@07/05/2026 20:29:16,12000@07/05/2026 12:40:20
2026-05-08T21:37:11.604Z [INFO]: Payment processed successfully for user-7570184058-1778276171745
2026-05-08T22:19:13.378Z [INFO]: Main menu sent
2026-05-08T22:19:15.369Z [INFO]: create service menu sent
2026-05-08T22:20:18.346Z [INFO]: 🎁 Reward: User 7570184058 +2 Poin (31 hari)
2026-05-08T22:20:19.794Z [INFO]: Account create sukses user 7570184058, type: zivpn
2026-05-08T22:21:17.055Z [INFO]: 🎁 Reward: User 7570184058 +2 Poin (31 hari)
2026-05-08T22:21:18.149Z [INFO]: Account create sukses user 7570184058, type: zivpn
2026-05-08T22:34:12.623Z [INFO]: 🧹 Tidak ada akun yang perlu dihapus malam ini.
2026-05-08T23:26:24.691Z [INFO]: Main menu sent
2026-05-08T23:34:12.624Z [INFO]: 🧹 Membersihkan 2 akun yang sudah expired > 24 jam.
2026-05-09T00:26:44.561Z [INFO]: Main menu sent
2026-05-09T00:26:48.475Z [INFO]: create service menu sent
2026-05-09T00:27:10.853Z [INFO]: Account create sukses user 1734416542, type: ssh
2026-05-09T00:34:12.625Z [INFO]: 🧹 Membersihkan 1 akun yang sudah expired > 24 jam.
2026-05-09T00:43:59.981Z [INFO]: Main menu sent
2026-05-09T00:44:01.616Z [INFO]: create service menu sent
2026-05-09T00:45:15.922Z [INFO]: 🎁 Reward: User 7960158114 +2 Poin (29 hari)
2026-05-09T00:45:17.405Z [INFO]: Account create sukses user 7960158114, type: zivpn
2026-05-09T01:34:12.628Z [INFO]: 🧹 Membersihkan 1 akun yang sudah expired > 24 jam.
2026-05-09T01:54:45.028Z [INFO]: Main menu sent
2026-05-09T01:54:46.824Z [INFO]: trial service menu sent
2026-05-09T01:54:51.134Z [INFO]: ✅ Trial zivpn dibuat oleh 7768199065
2026-05-09T02:34:12.627Z [INFO]: 🧹 Membersihkan 2 akun yang sudah expired > 24 jam.
2026-05-09T03:10:04.725Z [INFO]: Main menu sent
2026-05-09T03:10:06.138Z [INFO]: create service menu sent
2026-05-09T03:10:24.838Z [INFO]: 🎁 Reward: User 7960158114 +2 Poin (29 hari)
2026-05-09T03:10:26.307Z [INFO]: Account create sukses user 7960158114, type: zivpn
2026-05-09T03:34:12.630Z [INFO]: 🧹 Membersihkan 1 akun yang sudah expired > 24 jam.
2026-05-09T04:34:12.628Z [INFO]: 🧹 Tidak ada akun yang perlu dihapus malam ini.
2026-05-09T04:42:00.986Z [INFO]: Main menu sent
2026-05-09T04:42:12.197Z [INFO]: renew service menu sent
2026-05-09T04:42:16.088Z [INFO]: Main menu sent
2026-05-09T05:34:12.629Z [INFO]: 🧹 Membersihkan 1 akun yang sudah expired > 24 jam.
2026-05-09T06:34:12.629Z [INFO]: 🧹 Membersihkan 1 akun yang sudah expired > 24 jam.
2026-05-09T07:34:12.628Z [INFO]: 🧹 Tidak ada akun yang perlu dihapus malam ini.
2026-05-09T07:47:44.840Z [INFO]: Main menu sent
2026-05-09T07:47:49.871Z [INFO]: create service menu sent
2026-05-09T07:48:52.297Z [INFO]: Account create sukses user 7612399455, type: zivpn
2026-05-09T08:34:12.630Z [INFO]: 🧹 Membersihkan 1 akun yang sudah expired > 24 jam.
2026-05-09T09:00:07.535Z [INFO]: Main menu sent
2026-05-09T09:00:09.385Z [INFO]: create service menu sent
2026-05-09T09:02:34.895Z [ERROR]: Transaksi gagal user 7309962231 (create): ❌  gagal membuat akun zivpn:
username akun sudah di gunakan
masukan username baru!
2026-05-09T09:03:09.329Z [INFO]: Main menu sent
2026-05-09T09:03:25.445Z [INFO]: create service menu sent
2026-05-09T09:05:20.978Z [INFO]: Main menu sent
2026-05-09T09:05:24.014Z [INFO]: create service menu sent
2026-05-09T09:06:18.583Z [INFO]: Account create sukses user 7309962231, type: zivpn
2026-05-09T09:13:34.326Z [INFO]: Main menu sent
2026-05-09T09:13:36.133Z [INFO]: create service menu sent
2026-05-09T09:13:54.057Z [INFO]: 🎁 Reward: User 7960158114 +2 Poin (29 hari)
2026-05-09T09:13:55.511Z [INFO]: Account create sukses user 7960158114, type: zivpn
2026-05-09T09:34:12.632Z [INFO]: 🧹 Membersihkan 1 akun yang sudah expired > 24 jam.
2026-05-09T10:34:12.631Z [INFO]: 🧹 Tidak ada akun yang perlu dihapus malam ini.
2026-05-09T11:07:33.401Z [INFO]: Main menu sent
2026-05-09T11:07:34.897Z [INFO]: create service menu sent
2026-05-09T11:07:46.825Z [INFO]: 🎁 Reward: User 7960158114 +2 Poin (29 hari)
2026-05-09T11:07:48.283Z [INFO]: Account create sukses user 7960158114, type: zivpn
2026-05-09T11:28:46.541Z [INFO]: Main menu sent
2026-05-09T11:28:47.935Z [INFO]: create service menu sent
2026-05-09T11:29:03.878Z [INFO]: 🎁 Reward: User 7960158114 +2 Poin (29 hari)
2026-05-09T11:29:05.318Z [INFO]: Account create sukses user 7960158114, type: zivpn
2026-05-09T11:34:12.633Z [INFO]: 🧹 Membersihkan 1 akun yang sudah expired > 24 jam.
2026-05-09T12:23:16.093Z [INFO]: Main menu sent
2026-05-09T12:23:21.881Z [INFO]: create service menu sent
2026-05-09T12:24:46.420Z [INFO]: Account create sukses user 328922489, type: zivpn
2026-05-09T12:34:12.635Z [INFO]: 🧹 Membersihkan 2 akun yang sudah expired > 24 jam.
2026-05-09T13:00:14.105Z [INFO]: ⏰ Waktunya kirim notifikasi expired (20:00 WIB)
2026-05-09T13:00:21.497Z [INFO]: ✅ Sukses mengirim notifikasi expired ke 10 user.
2026-05-09T13:34:12.634Z [INFO]: 🧹 Membersihkan 7 akun yang sudah expired > 24 jam.
2026-05-09T13:34:16.239Z [WARN]: [BACKUP] Skip database.db karena file kosong (0 byte).
2026-05-09T13:34:16.240Z [INFO]: [BACKUP][Auto 24h] sent=3 missing=1 errors=0
2026-05-09T13:35:32.377Z [INFO]: Main menu sent
2026-05-09T13:35:33.659Z [INFO]: create service menu sent
2026-05-09T13:35:53.437Z [INFO]: 🎁 Reward: User 7960158114 +2 Poin (29 hari)
2026-05-09T13:35:54.895Z [INFO]: Account create sukses user 7960158114, type: zivpn
2026-05-09T13:36:35.350Z [INFO]: Main menu sent
2026-05-09T13:36:37.345Z [INFO]: create service menu sent
2026-05-09T13:37:05.931Z [INFO]: 🎁 Reward: User 7960158114 +2 Poin (29 hari)
2026-05-09T13:37:07.069Z [INFO]: Account create sukses user 7960158114, type: zivpn
2026-05-09T14:34:12.634Z [INFO]: 🧹 Membersihkan 3 akun yang sudah expired > 24 jam.
2026-05-09T15:11:47.151Z [INFO]: Main menu sent
2026-05-09T15:11:49.097Z [INFO]: create service menu sent
2026-05-09T15:12:24.040Z [ERROR]: Transaksi gagal user 7612399455 (create): ❌  gagal membuat akun zivpn:
username akun sudah di gunakan
masukan username baru!
2026-05-09T15:13:04.558Z [INFO]: Account create sukses user 7612399455, type: zivpn
2026-05-09T15:34:12.634Z [INFO]: 🧹 Tidak ada akun yang perlu dihapus malam ini.
2026-05-09T15:34:48.612Z [INFO]: Main menu sent
2026-05-09T15:35:00.460Z [INFO]: Main menu sent
2026-05-09T15:35:06.337Z [INFO]: 🔍 User 6486089782 memulai proses top-up saldo.
2026-05-09T15:35:22.275Z [WARN]: [QRIS] Tidak ada transaksi terbaca dari API. Preview: 📤 Output: 0 dari 0 (filter: masuk) Tidak ada data mutasi.
2026-05-09T15:36:20.772Z [INFO]: Main menu sent
2026-05-09T15:36:52.252Z [INFO]: [QRIS][user-6486089782-1778340913349] expected=10101 | transaksi(10)=10101@09/05/2026 22:36:05,10000@09/05/2026 17:20:08,10000@09/05/2026 15:19:47,10000@09/05/2026 09:12:07,12000@09/05/2026 07:42:20
2026-05-09T15:36:53.376Z [INFO]: Payment processed successfully for user-6486089782-1778340913349
2026-05-09T15:36:58.696Z [INFO]: Main menu sent
2026-05-09T15:37:00.469Z [INFO]: trial service menu sent
2026-05-09T15:37:07.857Z [INFO]: ✅ Trial vless dibuat oleh 6486089782
2026-05-09T15:41:38.851Z [INFO]: Main menu sent
2026-05-09T15:41:41.651Z [INFO]: create service menu sent
2026-05-09T15:42:25.139Z [INFO]: Account create sukses user 6486089782, type: vless
2026-05-09T16:26:31.550Z [INFO]: Main menu sent
2026-05-09T16:26:39.718Z [INFO]: create service menu sent
2026-05-09T16:34:12.633Z [INFO]: 🧹 Tidak ada akun yang perlu dihapus malam ini.
2026-05-09T17:27:38.677Z [INFO]: Main menu sent
2026-05-09T17:28:13.767Z [INFO]: 🔍 User 8138423961 memulai proses top-up saldo.
2026-05-09T17:28:52.418Z [WARN]: [QRIS] Tidak ada transaksi terbaca dari API. Preview: 📤 Output: 0 dari 0 (filter: masuk) Tidak ada data mutasi.
2026-05-09T17:29:02.523Z [INFO]: [QRIS][user-8138423961-1778347724628] expected=2006 | transaksi(10)=10101@09/05/2026 22:36:05,10000@09/05/2026 17:20:08,10000@09/05/2026 15:19:47,10000@09/05/2026 09:12:07,12000@09/05/2026 07:42:20
2026-05-09T17:29:12.394Z [WARN]: [QRIS] Tidak ada transaksi terbaca dari API. Preview: 📤 Output: 0 dari 0 (filter: masuk) Tidak ada data mutasi.
2026-05-09T17:30:32.418Z [INFO]: [QRIS][user-8138423961-1778347724628] expected=2006 | transaksi(10)=10101@09/05/2026 22:36:05,10000@09/05/2026 17:20:08,10000@09/05/2026 15:19:47,10000@09/05/2026 09:12:07,12000@09/05/2026 07:42:20
2026-05-09T17:30:42.613Z [WARN]: [QRIS] Tidak ada transaksi terbaca dari API. Preview: 📤 Output: 0 dari 0 (filter: masuk) Tidak ada data mutasi.
2026-05-09T17:31:02.409Z [INFO]: [QRIS][user-8138423961-1778347724628] expected=2006 | transaksi(10)=10101@09/05/2026 22:36:05,10000@09/05/2026 17:20:08,10000@09/05/2026 15:19:47,10000@09/05/2026 09:12:07,12000@09/05/2026 07:42:20
2026-05-09T17:31:42.432Z [WARN]: [QRIS] Tidak ada transaksi terbaca dari API. Preview: 📤 Output: 0 dari 0 (filter: masuk) Tidak ada data mutasi.
2026-05-09T17:32:12.416Z [INFO]: [QRIS][user-8138423961-1778347724628] expected=2006 | transaksi(10)=10101@09/05/2026 22:36:05,10000@09/05/2026 17:20:08,10000@09/05/2026 15:19:47,10000@09/05/2026 09:12:07,12000@09/05/2026 07:42:20
2026-05-09T17:32:22.399Z [WARN]: [QRIS] Tidak ada transaksi terbaca dari API. Preview: 📤 Output: 0 dari 0 (filter: masuk) Tidak ada data mutasi.
2026-05-09T17:34:12.635Z [INFO]: 🧹 Membersihkan 2 akun yang sudah expired > 24 jam.
2026-05-09T17:39:04.546Z [INFO]: Main menu sent
2026-05-09T17:39:45.236Z [INFO]: 🔍 User 8138423961 memulai proses top-up saldo.
2026-05-09T17:40:22.592Z [INFO]: [QRIS][user-8138423961-1778348393011] expected=2257 | transaksi(10)=10101@09/05/2026 22:36:05,10000@09/05/2026 17:20:08,10000@09/05/2026 15:19:47,10000@09/05/2026 09:12:07,12000@09/05/2026 07:42:20
2026-05-09T17:40:32.468Z [WARN]: [QRIS] Tidak ada transaksi terbaca dari API. Preview: 📤 Output: 0 dari 0 (filter: masuk) Tidak ada data mutasi.
2026-05-09T17:41:02.485Z [INFO]: [QRIS][user-8138423961-1778348393011] expected=2257 | transaksi(10)=10101@09/05/2026 22:36:05,10000@09/05/2026 17:20:08,10000@09/05/2026 15:19:47,10000@09/05/2026 09:12:07,12000@09/05/2026 07:42:20
2026-05-09T17:41:22.421Z [WARN]: [QRIS] Tidak ada transaksi terbaca dari API. Preview: 📤 Output: 0 dari 0 (filter: masuk) Tidak ada data mutasi.
2026-05-09T17:42:04.300Z [INFO]: [QRIS][user-8138423961-1778348393011] expected=2257 | transaksi(10)=10101@09/05/2026 22:36:05,10000@09/05/2026 17:20:08,10000@09/05/2026 15:19:47,10000@09/05/2026 09:12:07,12000@09/05/2026 07:42:20
2026-05-09T17:42:42.486Z [WARN]: [QRIS] Tidak ada transaksi terbaca dari API. Preview: 📤 Output: 0 dari 0 (filter: masuk) Tidak ada data mutasi.
2026-05-09T17:43:02.466Z [INFO]: [QRIS][user-8138423961-1778348393011] expected=2257 | transaksi(10)=10101@09/05/2026 22:36:05,10000@09/05/2026 17:20:08,10000@09/05/2026 15:19:47,10000@09/05/2026 09:12:07,12000@09/05/2026 07:42:20
2026-05-09T17:43:42.427Z [WARN]: [QRIS] Tidak ada transaksi terbaca dari API. Preview: 📤 Output: 0 dari 0 (filter: masuk) Tidak ada data mutasi.
2026-05-09T17:44:02.475Z [INFO]: [QRIS][user-8138423961-1778348393011] expected=2257 | transaksi(10)=10101@09/05/2026 22:36:05,10000@09/05/2026 17:20:08,10000@09/05/2026 15:19:47,10000@09/05/2026 09:12:07,12000@09/05/2026 07:42:20
2026-05-09T17:44:12.432Z [WARN]: [QRIS] Tidak ada transaksi terbaca dari API. Preview: 📤 Output: 0 dari 0 (filter: masuk) Tidak ada data mutasi.
2026-05-09T18:05:10.419Z [INFO]: Main menu sent
2026-05-09T18:05:21.475Z [INFO]: 🔍 User 1102316095 memulai proses top-up saldo.
2026-05-09T18:05:25.682Z [INFO]: Main menu sent
2026-05-09T18:05:29.531Z [INFO]: create service menu sent
2026-05-09T18:05:41.007Z [INFO]: Main menu sent
2026-05-09T18:05:58.260Z [INFO]: Main menu sent
2026-05-09T18:12:59.708Z [INFO]: create service menu sent
2026-05-09T18:13:01.598Z [INFO]: Main menu sent
2026-05-09T18:13:03.198Z [INFO]: 🔍 User 1102316095 memulai proses top-up saldo.
2026-05-09T18:13:22.523Z [INFO]: [QRIS][user-1102316095-1778350396802] expected=2065 | transaksi(10)=10101@09/05/2026 22:36:05,10000@09/05/2026 17:20:08,10000@09/05/2026 15:19:47,10000@09/05/2026 09:12:07,12000@09/05/2026 07:42:20
2026-05-09T18:14:02.538Z [INFO]: [QRIS][user-1102316095-1778350396802] expected=2065 | transaksi(10)=2065@10/05/2026 01:13:58,10101@09/05/2026 22:36:05,10000@09/05/2026 17:20:08,10000@09/05/2026 15:19:47,10000@09/05/2026 09:12:07
2026-05-09T18:14:03.264Z [INFO]: Payment processed successfully for user-1102316095-1778350396802
2026-05-09T18:14:07.176Z [INFO]: Main menu sent
2026-05-09T18:14:09.198Z [INFO]: trial service menu sent
2026-05-09T18:14:19.485Z [INFO]: ✅ Trial zivpn dibuat oleh 1102316095
2026-05-09T18:17:24.710Z [INFO]: Main menu sent
2026-05-09T18:17:36.109Z [INFO]: create service menu sent
2026-05-09T18:18:15.567Z [INFO]: Account create sukses user 1102316095, type: zivpn
2026-05-09T18:34:12.633Z [INFO]: 🧹 Tidak ada akun yang perlu dihapus malam ini.
2026-05-09T19:34:12.634Z [INFO]: 🧹 Tidak ada akun yang perlu dihapus malam ini.
2026-05-09T20:34:12.634Z [INFO]: 🧹 Tidak ada akun yang perlu dihapus malam ini.
2026-05-09T21:34:12.633Z [INFO]: 🧹 Tidak ada akun yang perlu dihapus malam ini.
2026-05-09T22:34:12.633Z [INFO]: 🧹 Tidak ada akun yang perlu dihapus malam ini.
2026-05-09T23:34:12.633Z [INFO]: 🧹 Tidak ada akun yang perlu dihapus malam ini.
2026-05-10T00:14:35.820Z [INFO]: Main menu sent
2026-05-10T00:14:56.203Z [INFO]: 🔍 User 6151503774 memulai proses top-up saldo.
2026-05-10T00:15:13.190Z [INFO]: [QRIS][user-6151503774-1778372101449] expected=5198 | transaksi(9)=2065@10/05/2026 01:13:58,10101@09/05/2026 22:36:05,10000@09/05/2026 17:20:08,10000@09/05/2026 15:19:47,10000@09/05/2026 09:12:07
2026-05-10T00:17:32.998Z [INFO]: [QRIS][user-6151503774-1778372101449] expected=5198 | transaksi(9)=5198@10/05/2026 07:17:26,2065@10/05/2026 01:13:58,10101@09/05/2026 22:36:05,10000@09/05/2026 17:20:08,10000@09/05/2026 15:19:47
2026-05-10T00:17:34.098Z [INFO]: Payment processed successfully for user-6151503774-1778372101449
2026-05-10T00:17:45.441Z [INFO]: Main menu sent
2026-05-10T00:17:58.410Z [INFO]: create service menu sent
2026-05-10T00:18:39.364Z [ERROR]: Transaksi gagal user 6151503774 (create): ❌  gagal membuat akun zivpn:
username akun sudah di gunakan
masukan username baru!
2026-05-10T00:18:56.255Z [ERROR]: Transaksi gagal user 6151503774 (create): ❌  gagal membuat akun zivpn:
username akun sudah di gunakan
masukan username baru!
2026-05-10T00:19:18.308Z [ERROR]: Transaksi gagal user 6151503774 (create): ❌  gagal membuat akun zivpn:
username akun sudah di gunakan
masukan username baru!
2026-05-10T00:20:49.891Z [ERROR]: Transaksi gagal user 6151503774 (create): ❌  gagal membuat akun zivpn:
username akun sudah di gunakan
masukan username baru!
2026-05-10T00:21:09.251Z [ERROR]: Transaksi gagal user 6151503774 (create): ❌  gagal membuat akun zivpn:
username akun sudah di gunakan
masukan username baru!
2026-05-10T00:21:28.311Z [ERROR]: Transaksi gagal user 6151503774 (create): ❌  gagal membuat akun zivpn:
username akun sudah di gunakan
masukan username baru!
2026-05-10T00:21:54.342Z [ERROR]: Transaksi gagal user 6151503774 (create): ❌  gagal membuat akun zivpn:
username akun sudah di gunakan
masukan username baru!
2026-05-10T00:22:12.015Z [ERROR]: Transaksi gagal user 6151503774 (create): ❌  gagal membuat akun zivpn:
username akun sudah di gunakan
masukan username baru!
2026-05-10T00:22:21.707Z [INFO]: Main menu sent
2026-05-10T00:22:26.479Z [INFO]: create service menu sent
2026-05-10T00:23:46.646Z [INFO]: Account create sukses user 6151503774, type: zivpn
2026-05-10T00:34:12.634Z [INFO]: 🧹 Tidak ada akun yang perlu dihapus malam ini.
2026-05-10T01:34:12.634Z [INFO]: 🧹 Tidak ada akun yang perlu dihapus malam ini.
2026-05-10T01:47:34.320Z [INFO]: Main menu sent
2026-05-10T01:47:37.223Z [INFO]: create service menu sent
2026-05-10T01:48:31.759Z [INFO]: 🎁 Reward: User 8629869896 +2 Poin (30 hari)
2026-05-10T01:48:33.203Z [INFO]: Account create sukses user 8629869896, type: zivpn
2026-05-10T02:25:42.653Z [INFO]: Account create sukses user 7612399455, type: zivpn
2026-05-10T02:34:12.633Z [INFO]: 🧹 Tidak ada akun yang perlu dihapus malam ini.
2026-05-10T03:24:09.340Z [INFO]: Main menu sent
2026-05-10T03:24:12.366Z [INFO]: 🔍 User 564274501 memulai proses top-up saldo.
2026-05-10T03:24:53.478Z [INFO]: [QRIS][user-564274501-1778383486269] expected=11227 | transaksi(9)=5198@10/05/2026 07:17:26,2065@10/05/2026 01:13:58,10101@09/05/2026 22:36:05,10000@09/05/2026 17:20:08,10000@09/05/2026 15:19:47
2026-05-10T03:25:13.377Z [INFO]: [QRIS][user-564274501-1778383486269] expected=11227 | transaksi(9)=11227@10/05/2026 10:25:09,5198@10/05/2026 07:17:26,2065@10/05/2026 01:13:58,10101@09/05/2026 22:36:05,10000@09/05/2026 17:20:08
2026-05-10T03:25:14.585Z [INFO]: Payment processed successfully for user-564274501-1778383486269
2026-05-10T03:25:16.618Z [INFO]: Main menu sent
2026-05-10T03:25:18.797Z [INFO]: create service menu sent
2026-05-10T03:26:08.237Z [INFO]: Main menu sent
2026-05-10T03:26:10.203Z [INFO]: create service menu sent
2026-05-10T03:28:24.086Z [INFO]: Account create sukses user 564274501, type: ssh
2026-05-10T03:34:12.634Z [INFO]: 🧹 Tidak ada akun yang perlu dihapus malam ini.
2026-05-10T03:52:22.401Z [INFO]: Main menu sent
2026-05-10T04:18:19.423Z [INFO]: Main menu sent
2026-05-10T04:18:20.931Z [INFO]: create service menu sent
2026-05-10T04:18:36.028Z [INFO]: 🎁 Reward: User 7960158114 +2 Poin (29 hari)
2026-05-10T04:18:37.493Z [INFO]: Account create sukses user 7960158114, type: zivpn
2026-05-10T04:19:11.123Z [INFO]: Main menu sent
2026-05-10T04:19:15.931Z [INFO]: renew service menu sent
2026-05-10T04:19:17.225Z [INFO]: Main menu sent
2026-05-10T04:19:33.845Z [INFO]: 🎁 Reward: User 7960158114 +2 Poin (30 hari)
2026-05-10T04:19:35.313Z [INFO]: Account renew sukses user 7960158114, type: zivpn
2026-05-10T04:34:12.635Z [INFO]: 🧹 Tidak ada akun yang perlu dihapus malam ini.
2026-05-10T05:13:27.620Z [INFO]: Main menu sent
2026-05-10T05:13:30.417Z [INFO]: create service menu sent
2026-05-10T05:13:34.573Z [INFO]: Main menu sent
2026-05-10T05:13:37.525Z [INFO]: create service menu sent
2026-05-10T05:13:44.982Z [INFO]: Main menu sent
2026-05-10T05:13:49.170Z [INFO]: 🔍 User 1206617986 memulai proses top-up saldo.
2026-05-10T05:14:03.611Z [INFO]: [QRIS][user-1206617986-1778390034754] expected=5021 | transaksi(9)=11227@10/05/2026 10:25:09,5198@10/05/2026 07:17:26,2065@10/05/2026 01:13:58,10101@09/05/2026 22:36:05,10000@09/05/2026 17:20:08
2026-05-10T05:14:43.528Z [INFO]: [QRIS][user-1206617986-1778390034754] expected=5021 | transaksi(9)=5021@10/05/2026 12:14:39,11227@10/05/2026 10:25:09,5198@10/05/2026 07:17:26,2065@10/05/2026 01:13:58,10101@09/05/2026 22:36:05
2026-05-10T05:14:44.606Z [INFO]: Payment processed successfully for user-1206617986-1778390034754
2026-05-10T05:15:23.266Z [INFO]: Main menu sent
2026-05-10T05:15:25.402Z [INFO]: create service menu sent
2026-05-10T05:15:28.346Z [INFO]: Main menu sent
2026-05-10T05:15:30.264Z [INFO]: create service menu sent
2026-05-10T05:15:58.871Z [INFO]: Account create sukses user 1206617986, type: ssh
2026-05-10T05:34:12.634Z [INFO]: 🧹 Tidak ada akun yang perlu dihapus malam ini.
2026-05-10T06:20:18.374Z [INFO]: Main menu sent
2026-05-10T06:20:29.679Z [INFO]: 🔍 User 7612399455 memulai proses top-up saldo.
2026-05-10T06:21:05.180Z [INFO]: [QRIS][user-7612399455-1778394060792] expected=60084 | transaksi(9)=5021@10/05/2026 12:14:39,11227@10/05/2026 10:25:09,5198@10/05/2026 07:17:26,2065@10/05/2026 01:13:58,10101@09/05/2026 22:36:05
2026-05-10T06:21:12.090Z [INFO]: Main menu sent
2026-05-10T06:21:20.883Z [INFO]: trial service menu sent
2026-05-10T06:21:28.780Z [INFO]: ✅ Trial vless dibuat oleh 8035547823
2026-05-10T06:22:23.702Z [INFO]: [QRIS][user-7612399455-1778394060792] expected=60084 | transaksi(9)=60084@10/05/2026 13:22:17,5021@10/05/2026 12:14:39,11227@10/05/2026 10:25:09,5198@10/05/2026 07:17:26,2065@10/05/2026 01:13:58
2026-05-10T06:22:24.444Z [INFO]: Payment processed successfully for user-7612399455-1778394060792
2026-05-10T06:22:46.648Z [INFO]: Main menu sent
2026-05-10T06:22:53.824Z [INFO]: create service menu sent
2026-05-10T06:23:35.743Z [INFO]: Account create sukses user 7612399455, type: zivpn
2026-05-10T06:30:15.012Z [INFO]: Account create sukses user 7612399455, type: zivpn
2026-05-10T06:34:12.634Z [INFO]: 🧹 Tidak ada akun yang perlu dihapus malam ini.
2026-05-10T07:32:16.390Z [INFO]: Main menu sent
2026-05-10T07:32:19.470Z [INFO]: trial service menu sent
2026-05-10T07:32:26.809Z [INFO]: ✅ Trial zivpn dibuat oleh 8461801575
2026-05-10T07:34:12.635Z [INFO]: 🧹 Tidak ada akun yang perlu dihapus malam ini.
2026-05-10T08:34:12.635Z [INFO]: 🧹 Tidak ada akun yang perlu dihapus malam ini.
2026-05-10T09:34:12.635Z [INFO]: 🧹 Tidak ada akun yang perlu dihapus malam ini.
2026-05-10T09:44:54.133Z [INFO]: Main menu sent
2026-05-10T09:44:56.226Z [INFO]: create service menu sent
2026-05-10T09:45:47.109Z [INFO]: 🎁 Reward: User 7570184058 +2 Poin (31 hari)
2026-05-10T09:45:48.560Z [INFO]: Account create sukses user 7570184058, type: zivpn
2026-05-10T09:46:39.016Z [INFO]: 🎁 Reward: User 7570184058 +2 Poin (31 hari)
2026-05-10T09:46:40.232Z [INFO]: Account create sukses user 7570184058, type: zivpn
2026-05-10T10:34:12.638Z [INFO]: 🧹 Membersihkan 4 akun yang sudah expired > 24 jam.
2026-05-10T11:34:12.635Z [INFO]: 🧹 Tidak ada akun yang perlu dihapus malam ini.
2026-05-10T11:50:20.050Z [INFO]: Main menu sent
2026-05-10T11:50:21.494Z [INFO]: create service menu sent
2026-05-10T11:50:46.784Z [INFO]: 🎁 Reward: User 7960158114 +2 Poin (29 hari)
2026-05-10T11:50:48.271Z [INFO]: Account create sukses user 7960158114, type: zivpn
2026-05-10T12:09:40.585Z [INFO]: Main menu sent
2026-05-10T12:34:12.637Z [INFO]: 🧹 Membersihkan 2 akun yang sudah expired > 24 jam.
2026-05-10T13:00:14.462Z [INFO]: ⏰ Waktunya kirim notifikasi expired (20:00 WIB)
2026-05-10T13:00:18.214Z [INFO]: ✅ Sukses mengirim notifikasi expired ke 5 user.
2026-05-10T13:12:41.849Z [INFO]: Main menu sent
2026-05-10T13:12:55.208Z [INFO]: create service menu sent
2026-05-10T13:34:12.637Z [INFO]: 🧹 Membersihkan 3 akun yang sudah expired > 24 jam.
2026-05-10T13:34:16.247Z [WARN]: [BACKUP] Skip database.db karena file kosong (0 byte).
2026-05-10T13:34:16.248Z [INFO]: [BACKUP][Auto 24h] sent=3 missing=1 errors=0
2026-05-10T13:34:47.046Z [INFO]: Main menu sent
2026-05-10T13:34:51.423Z [INFO]: 🔍 User 1102316095 memulai proses top-up saldo.
2026-05-10T13:35:04.439Z [INFO]: [QRIS][user-1102316095-1778420094995] expected=2299 | transaksi(9)=12000@10/05/2026 18:34:57,60084@10/05/2026 13:22:17,5021@10/05/2026 12:14:39,11227@10/05/2026 10:25:09,5198@10/05/2026 07:17:26
2026-05-10T13:35:34.366Z [WARN]: [QRIS] Tidak ada transaksi terbaca dari API. Preview: 📤 Output: 0 dari 0 (filter: masuk) Tidak ada data mutasi.
2026-05-10T13:36:15.032Z [INFO]: [QRIS][user-1102316095-1778420094995] expected=2299 | transaksi(9)=2299@10/05/2026 20:36:00,12000@10/05/2026 18:34:57,60084@10/05/2026 13:22:17,5021@10/05/2026 12:14:39,11227@10/05/2026 10:25:09
2026-05-10T13:36:15.758Z [INFO]: Payment processed successfully for user-1102316095-1778420094995
2026-05-10T13:36:25.461Z [INFO]: Main menu sent
2026-05-10T13:36:27.276Z [INFO]: create service menu sent
2026-05-10T13:36:48.844Z [ERROR]: Transaksi gagal user 1102316095 (create): ❌  gagal membuat akun zivpn:
username akun sudah di gunakan
masukan username baru!
2026-05-10T13:37:48.913Z [INFO]: Main menu sent
2026-05-10T13:38:09.032Z [INFO]: Account renew sukses user 1102316095, type: zivpn
2026-05-10T14:30:01.582Z [INFO]: Main menu sent
2026-05-10T14:30:53.400Z [INFO]: Main menu sent
2026-05-10T14:31:16.514Z [INFO]: create service menu sent
2026-05-10T14:31:38.565Z [INFO]: Main menu sent
2026-05-10T14:31:45.801Z [INFO]: create service menu sent
2026-05-10T14:34:12.637Z [INFO]: 🧹 Membersihkan 1 akun yang sudah expired > 24 jam.
2026-05-10T15:34:12.637Z [INFO]: 🧹 Tidak ada akun yang perlu dihapus malam ini.
2026-05-10T15:48:51.333Z [INFO]: Main menu sent
2026-05-10T15:49:32.880Z [INFO]: Main menu sent
2026-05-10T15:49:37.667Z [INFO]: renew service menu sent
2026-05-10T15:49:58.602Z [ERROR]: Transaksi gagal user 7960158114 (renew): ❌ respons error:
client 30mar not exists, try another name
2026-05-10T15:50:20.973Z [INFO]: 🎁 Reward: User 7960158114 +1 Poin (7 hari)
2026-05-10T15:50:22.062Z [INFO]: Account renew sukses user 7960158114, type: vmess
2026-05-10T16:10:32.028Z [INFO]: Account create sukses user 7612399455, type: zivpn
2026-05-10T16:34:12.637Z [INFO]: 🧹 Tidak ada akun yang perlu dihapus malam ini.
2026-05-10T17:34:12.639Z [INFO]: 🧹 Membersihkan 2 akun yang sudah expired > 24 jam.
2026-05-10T18:34:12.638Z [INFO]: 🧹 Tidak ada akun yang perlu dihapus malam ini.
2026-05-10T19:34:12.639Z [INFO]: 🧹 Tidak ada akun yang perlu dihapus malam ini.
2026-05-10T20:28:00.407Z [INFO]: Main menu sent
2026-05-10T20:34:12.639Z [INFO]: 🧹 Tidak ada akun yang perlu dihapus malam ini.
2026-05-10T21:07:14.146Z [INFO]: Main menu sent
2026-05-10T21:07:18.624Z [INFO]: create service menu sent
2026-05-10T21:08:18.789Z [INFO]: 🎁 Reward: User 7570184058 +2 Poin (31 hari)
2026-05-10T21:08:20.223Z [INFO]: Account create sukses user 7570184058, type: zivpn
2026-05-10T21:08:46.498Z [INFO]: 🎁 Reward: User 7570184058 +2 Poin (31 hari)
2026-05-10T21:08:47.675Z [INFO]: Account create sukses user 7570184058, type: zivpn
2026-05-10T21:09:26.692Z [INFO]: 🎁 Reward: User 7570184058 +2 Poin (31 hari)
2026-05-10T21:09:27.785Z [INFO]: Account create sukses user 7570184058, type: zivpn
2026-05-10T21:34:12.641Z [INFO]: 🧹 Tidak ada akun yang perlu dihapus malam ini.
2026-05-10T22:34:12.642Z [INFO]: 🧹 Tidak ada akun yang perlu dihapus malam ini.
2026-05-10T22:37:39.674Z [INFO]: Main menu sent
2026-05-10T23:22:00.316Z [INFO]: Main menu sent
2026-05-10T23:22:05.930Z [INFO]: create service menu sent
2026-05-10T23:22:25.324Z [INFO]: Account create sukses user 1734416542, type: ssh
2026-05-10T23:34:12.643Z [INFO]: 🧹 Membersihkan 1 akun yang sudah expired > 24 jam.
2026-05-10T23:37:12.403Z [INFO]: Main menu sent
2026-05-10T23:37:19.083Z [INFO]: create service menu sent
2026-05-10T23:37:21.976Z [INFO]: Main menu sent
2026-05-10T23:37:39.083Z [INFO]: Main menu sent
2026-05-10T23:37:42.756Z [INFO]: create service menu sent
2026-05-11T00:14:29.520Z [INFO]: Main menu sent
2026-05-11T00:34:12.643Z [INFO]: 🧹 Membersihkan 4 akun yang sudah expired > 24 jam.
2026-05-11T00:39:29.049Z [INFO]: Main menu sent
2026-05-11T00:39:37.056Z [INFO]: create service menu sent
2026-05-11T00:40:14.296Z [ERROR]: Transaksi gagal user 328922489 (create): ❌  gagal membuat akun zivpn:
username akun sudah di gunakan
masukan username baru!
2026-05-11T00:40:36.526Z [ERROR]: Transaksi gagal user 328922489 (create): ❌  gagal membuat akun zivpn:
username akun sudah di gunakan
masukan username baru!
2026-05-11T00:41:03.570Z [ERROR]: Transaksi gagal user 328922489 (create): ❌  gagal membuat akun zivpn:
username akun sudah di gunakan
masukan username baru!
2026-05-11T00:41:31.424Z [ERROR]: Transaksi gagal user 328922489 (create): ❌  gagal membuat akun zivpn:
username akun sudah di gunakan
masukan username baru!
2026-05-11T00:41:51.032Z [INFO]: Main menu sent
2026-05-11T00:41:58.941Z [INFO]: create service menu sent
2026-05-11T00:42:27.682Z [INFO]: Account create sukses user 328922489, type: zivpn
2026-05-11T01:29:08.728Z [INFO]: Main menu sent
2026-05-11T01:29:20.744Z [INFO]: Main menu sent
2026-05-11T01:29:24.272Z [INFO]: create service menu sent
2026-05-11T01:31:05.146Z [ERROR]: Transaksi gagal user 8169707317 (create): ❌  respons error:
username akun sudah di gunakan
masukan username baru!
2026-05-11T01:31:20.715Z [INFO]: Main menu sent
2026-05-11T01:31:22.692Z [INFO]: create service menu sent
2026-05-11T01:31:45.313Z [INFO]: Account create sukses user 8169707317, type: ssh
2026-05-11T01:33:08.602Z [INFO]: Main menu sent
2026-05-11T01:33:43.977Z [INFO]: Main menu sent
2026-05-11T01:34:08.432Z [INFO]: 🔍 User 1803465648 memulai proses top-up saldo.
2026-05-11T01:34:12.643Z [INFO]: 🧹 Tidak ada akun yang perlu dihapus malam ini.
2026-05-11T01:36:00.461Z [INFO]: Main menu sent
2026-05-11T01:36:02.971Z [INFO]: create service menu sent
2026-05-11T02:34:12.643Z [INFO]: 🧹 Tidak ada akun yang perlu dihapus malam ini.
2026-05-11T03:34:12.644Z [INFO]: 🧹 Tidak ada akun yang perlu dihapus malam ini.
2026-05-11T04:34:12.644Z [INFO]: 🧹 Membersihkan 1 akun yang sudah expired > 24 jam.
2026-05-11T05:29:20.995Z [INFO]: Main menu sent
2026-05-11T05:34:12.646Z [INFO]: 🧹 Membersihkan 1 akun yang sudah expired > 24 jam.
2026-05-11T05:41:01.918Z [INFO]: Main menu sent
2026-05-11T05:41:03.827Z [INFO]: trial service menu sent
2026-05-11T05:41:17.310Z [INFO]: ✅ Trial zivpn dibuat oleh 8461801575
2026-05-11T05:41:42.967Z [INFO]: Main menu sent
2026-05-11T05:41:45.523Z [INFO]: trial service menu sent
2026-05-11T05:41:59.386Z [INFO]: Main menu sent
2026-05-11T05:42:02.393Z [INFO]: Main menu sent
2026-05-11T05:42:04.548Z [INFO]: trial service menu sent
2026-05-11T05:45:37.278Z [INFO]: Main menu sent
2026-05-11T05:45:40.152Z [INFO]: create service menu sent
2026-05-11T05:46:18.615Z [INFO]: Main menu sent
2026-05-11T05:46:24.549Z [INFO]: Main menu sent
2026-05-11T05:46:32.837Z [INFO]: 🔍 User 6537897280 memulai proses top-up saldo.
2026-05-11T05:46:40.808Z [INFO]: Main menu sent
2026-05-11T06:09:03.491Z [INFO]: Main menu sent
2026-05-11T06:09:20.259Z [INFO]: create service menu sent
2026-05-11T06:34:12.643Z [INFO]: 🧹 Tidak ada akun yang perlu dihapus malam ini.
2026-05-11T07:29:44.602Z [INFO]: Main menu sent
2026-05-11T07:29:46.323Z [INFO]: create service menu sent
2026-05-11T07:30:13.761Z [INFO]: Account create sukses user 7612399455, type: zivpn
2026-05-11T07:34:12.644Z [INFO]: 🧹 Tidak ada akun yang perlu dihapus malam ini.
2026-05-11T07:34:53.745Z [INFO]: Account create sukses user 7612399455, type: zivpn
2026-05-11T08:18:56.205Z [INFO]: Main menu sent
2026-05-11T08:19:05.519Z [INFO]: create service menu sent
2026-05-11T08:20:05.286Z [INFO]: Main menu sent
2026-05-11T08:20:07.392Z [INFO]: 🔍 User 810564575 memulai proses top-up saldo.
2026-05-11T08:20:26.296Z [INFO]: [QRIS][user-810564575-1778487620954] expected=10257 | transaksi(9)=16000@10/05/2026 22:38:13,2299@10/05/2026 20:36:00,12000@10/05/2026 18:34:57,60084@10/05/2026 13:22:17,5021@10/05/2026 12:14:39
2026-05-11T08:21:06.210Z [WARN]: [QRIS] Tidak ada transaksi terbaca dari API. Preview: 📤 Output: 0 dari 0 (filter: masuk) Tidak ada data mutasi.
2026-05-11T08:22:06.230Z [INFO]: [QRIS][user-810564575-1778487620954] expected=10257 | transaksi(9)=16000@10/05/2026 22:38:13,2299@10/05/2026 20:36:00,12000@10/05/2026 18:34:57,60084@10/05/2026 13:22:17,5021@10/05/2026 12:14:39
2026-05-11T08:22:34.521Z [INFO]: Main menu sent
2026-05-11T08:22:36.307Z [INFO]: 🔍 User 810564575 memulai proses top-up saldo.
2026-05-11T08:22:46.294Z [WARN]: [QRIS] Tidak ada transaksi terbaca dari API. Preview: 📤 Output: 0 dari 0 (filter: masuk) Tidak ada data mutasi.
2026-05-11T08:23:06.206Z [INFO]: [QRIS][user-810564575-1778487620954] expected=10257 | transaksi(9)=16000@10/05/2026 22:38:13,2299@10/05/2026 20:36:00,12000@10/05/2026 18:34:57,60084@10/05/2026 13:22:17,5021@10/05/2026 12:14:39
2026-05-11T08:23:06.277Z [INFO]: [QRIS][user-810564575-1778487761147] expected=10064 | transaksi(9)=16000@10/05/2026 22:38:13,2299@10/05/2026 20:36:00,12000@10/05/2026 18:34:57,60084@10/05/2026 13:22:17,5021@10/05/2026 12:14:39
2026-05-11T08:23:16.229Z [WARN]: [QRIS] Tidak ada transaksi terbaca dari API. Preview: 📤 Output: 0 dari 0 (filter: masuk) Tidak ada data mutasi.
2026-05-11T08:24:06.277Z [INFO]: [QRIS][user-810564575-1778487620954] expected=10257 | transaksi(9)=16000@10/05/2026 22:38:13,2299@10/05/2026 20:36:00,12000@10/05/2026 18:34:57,60084@10/05/2026 13:22:17,5021@10/05/2026 12:14:39
2026-05-11T08:24:06.361Z [INFO]: [QRIS][user-810564575-1778487761147] expected=10064 | transaksi(9)=16000@10/05/2026 22:38:13,2299@10/05/2026 20:36:00,12000@10/05/2026 18:34:57,60084@10/05/2026 13:22:17,5021@10/05/2026 12:14:39
2026-05-11T08:24:16.288Z [INFO]: [QRIS][user-810564575-1778487620954] expected=10257 | transaksi(9)=10064@11/05/2026 15:24:09,16000@10/05/2026 22:38:13,2299@10/05/2026 20:36:00,12000@10/05/2026 18:34:57,60084@10/05/2026 13:22:17
2026-05-11T08:24:16.380Z [INFO]: [QRIS][user-810564575-1778487761147] expected=10064 | transaksi(9)=10064@11/05/2026 15:24:09,16000@10/05/2026 22:38:13,2299@10/05/2026 20:36:00,12000@10/05/2026 18:34:57,60084@10/05/2026 13:22:17
2026-05-11T08:24:17.103Z [INFO]: Payment processed successfully for user-810564575-1778487761147
2026-05-11T08:24:34.304Z [INFO]: Main menu sent
2026-05-11T08:24:44.319Z [INFO]: create service menu sent
2026-05-11T08:24:46.214Z [WARN]: [QRIS] Tidak ada transaksi terbaca dari API. Preview: 📤 Output: 0 dari 0 (filter: masuk) Tidak ada data mutasi.
2026-05-11T08:25:19.969Z [INFO]: Account create sukses user 810564575, type: zivpn
2026-05-11T08:34:12.645Z [INFO]: 🧹 Membersihkan 1 akun yang sudah expired > 24 jam.
2026-05-11T09:34:12.647Z [INFO]: 🧹 Membersihkan 1 akun yang sudah expired > 24 jam.
2026-05-11T09:53:11.190Z [INFO]: Main menu sent
2026-05-11T09:59:49.786Z [INFO]: Main menu sent
2026-05-11T09:59:51.182Z [INFO]: create service menu sent
2026-05-11T10:00:05.937Z [INFO]: 🎁 Reward: User 7960158114 +2 Poin (29 hari)
2026-05-11T10:00:07.532Z [INFO]: Account create sukses user 7960158114, type: zivpn
2026-05-11T10:03:50.237Z [INFO]: Main menu sent
2026-05-11T10:03:51.845Z [INFO]: trial service menu sent
2026-05-11T10:03:58.064Z [INFO]: ✅ Trial ssh dibuat oleh 7960158114
2026-05-11T10:04:03.422Z [INFO]: Main menu sent
2026-05-11T10:04:08.648Z [INFO]: Main menu sent
2026-05-11T10:04:10.807Z [INFO]: trial service menu sent
2026-05-11T10:04:15.470Z [INFO]: ✅ Trial vmess dibuat oleh 7960158114
2026-05-11T10:06:51.642Z [INFO]: Main menu sent
2026-05-11T10:06:54.048Z [INFO]: create service menu sent
2026-05-11T10:07:09.547Z [INFO]: 🎁 Reward: User 7960158114 +2 Poin (29 hari)
2026-05-11T10:07:10.737Z [INFO]: Account create sukses user 7960158114, type: zivpn
2026-05-11T10:09:21.151Z [INFO]: 🔍 User 8138423961 memulai proses top-up saldo.
2026-05-11T10:09:46.452Z [INFO]: [QRIS][user-8138423961-1778494177730] expected=20138 | transaksi(9)=10064@11/05/2026 15:24:09,16000@10/05/2026 22:38:13,2299@10/05/2026 20:36:00,12000@10/05/2026 18:34:57,60084@10/05/2026 13:22:17
2026-05-11T10:11:06.555Z [WARN]: [QRIS] Tidak ada transaksi terbaca dari API. Preview: 📤 Output: 0 dari 0 (filter: masuk) Tidak ada data mutasi.
2026-05-11T10:11:36.396Z [INFO]: [QRIS][user-8138423961-1778494177730] expected=20138 | transaksi(9)=10064@11/05/2026 15:24:09,16000@10/05/2026 22:38:13,2299@10/05/2026 20:36:00,12000@10/05/2026 18:34:57,60084@10/05/2026 13:22:17
2026-05-11T10:11:46.444Z [WARN]: [QRIS] Tidak ada transaksi terbaca dari API. Preview: 📤 Output: 0 dari 0 (filter: masuk) Tidak ada data mutasi.
2026-05-11T10:12:06.415Z [INFO]: [QRIS][user-8138423961-1778494177730] expected=20138 | transaksi(9)=10064@11/05/2026 15:24:09,16000@10/05/2026 22:38:13,2299@10/05/2026 20:36:00,12000@10/05/2026 18:34:57,60084@10/05/2026 13:22:17
2026-05-11T10:12:16.394Z [WARN]: [QRIS] Tidak ada transaksi terbaca dari API. Preview: 📤 Output: 0 dari 0 (filter: masuk) Tidak ada data mutasi.
2026-05-11T10:13:06.616Z [INFO]: [QRIS][user-8138423961-1778494177730] expected=20138 | transaksi(9)=10064@11/05/2026 15:24:09,16000@10/05/2026 22:38:13,2299@10/05/2026 20:36:00,12000@10/05/2026 18:34:57,60084@10/05/2026 13:22:17
2026-05-11T10:13:26.389Z [WARN]: [QRIS] Tidak ada transaksi terbaca dari API. Preview: 📤 Output: 0 dari 0 (filter: masuk) Tidak ada data mutasi.
2026-05-11T10:13:36.398Z [INFO]: [QRIS][user-8138423961-1778494177730] expected=20138 | transaksi(9)=10064@11/05/2026 15:24:09,16000@10/05/2026 22:38:13,2299@10/05/2026 20:36:00,12000@10/05/2026 18:34:57,60084@10/05/2026 13:22:17
2026-05-11T10:13:46.398Z [WARN]: [QRIS] Tidak ada transaksi terbaca dari API. Preview: 📤 Output: 0 dari 0 (filter: masuk) Tidak ada data mutasi.
2026-05-11T10:14:06.390Z [INFO]: [QRIS][user-8138423961-1778494177730] expected=20138 | transaksi(9)=10064@11/05/2026 15:24:09,16000@10/05/2026 22:38:13,2299@10/05/2026 20:36:00,12000@10/05/2026 18:34:57,60084@10/05/2026 13:22:17
2026-05-11T10:34:12.645Z [INFO]: 🧹 Tidak ada akun yang perlu dihapus malam ini.
2026-05-11T10:39:36.305Z [INFO]: Main menu sent
2026-05-11T10:39:37.725Z [INFO]: create service menu sent
2026-05-11T10:39:58.201Z [INFO]: 🎁 Reward: User 7960158114 +3 Poin (89 hari)
2026-05-11T10:39:59.723Z [INFO]: Account create sukses user 7960158114, type: zivpn
2026-05-11T11:34:12.646Z [INFO]: 🧹 Tidak ada akun yang perlu dihapus malam ini.
2026-05-11T12:33:47.333Z [INFO]: Main menu sent
2026-05-11T12:33:50.285Z [INFO]: trial service menu sent
2026-05-11T12:34:12.647Z [INFO]: 🧹 Membersihkan 3 akun yang sudah expired > 24 jam.
2026-05-11T12:45:07.272Z [INFO]: Main menu sent
2026-05-11T12:45:08.962Z [INFO]: create service menu sent
2026-05-11T12:45:29.382Z [INFO]: 🎁 Reward: User 7960158114 +2 Poin (29 hari)
2026-05-11T12:45:30.861Z [INFO]: Account create sukses user 7960158114, type: zivpn
2026-05-11T13:00:14.802Z [INFO]: ⏰ Waktunya kirim notifikasi expired (20:00 WIB)
2026-05-11T13:00:20.020Z [INFO]: ✅ Sukses mengirim notifikasi expired ke 8 user.
2026-05-11T13:18:44.107Z [INFO]: Main menu sent
2026-05-11T13:34:12.648Z [INFO]: 🧹 Membersihkan 1 akun yang sudah expired > 24 jam.
2026-05-11T13:34:16.158Z [WARN]: [BACKUP] Skip database.db karena file kosong (0 byte).
2026-05-11T13:34:16.159Z [INFO]: [BACKUP][Auto 24h] sent=3 missing=1 errors=0
2026-05-11T13:42:32.599Z [INFO]: Main menu sent
2026-05-11T13:42:36.275Z [INFO]: create service menu sent
2026-05-11T13:42:41.626Z [INFO]: Main menu sent
2026-05-11T13:42:43.803Z [INFO]: trial service menu sent
2026-05-11T13:42:57.720Z [INFO]: ✅ Trial zivpn dibuat oleh 8629869896
2026-05-11T14:01:31.334Z [INFO]: Main menu sent
2026-05-11T14:01:38.512Z [INFO]: trial service menu sent
2026-05-11T14:01:46.858Z [INFO]: ✅ Trial zivpn dibuat oleh 5537130890
2026-05-11T14:06:56.995Z [INFO]: Main menu sent
2026-05-11T14:07:02.617Z [INFO]: renew service menu sent
2026-05-11T14:07:16.217Z [INFO]: 🎁 Reward: User 7960158114 +2 Poin (29 hari)
2026-05-11T14:07:17.726Z [INFO]: Account renew sukses user 7960158114, type: ssh
2026-05-11T14:20:01.430Z [INFO]: Main menu sent
2026-05-11T14:20:14.221Z [INFO]: create service menu sent
2026-05-11T14:20:18.600Z [INFO]: Main menu sent
2026-05-11T14:20:23.055Z [INFO]: trial service menu sent
2026-05-11T14:20:41.475Z [INFO]: ✅ Trial zivpn dibuat oleh 328922489
2026-05-11T14:34:12.646Z [INFO]: 🧹 Tidak ada akun yang perlu dihapus malam ini.
2026-05-11T15:34:12.646Z [INFO]: 🧹 Tidak ada akun yang perlu dihapus malam ini.
2026-05-11T15:34:58.994Z [INFO]: Main menu sent
2026-05-11T15:35:00.501Z [INFO]: create service menu sent
2026-05-11T15:35:22.155Z [INFO]: Account create sukses user 7612399455, type: zivpn
2026-05-11T15:57:34.392Z [INFO]: Main menu sent
2026-05-11T15:57:37.513Z [INFO]: create service menu sent
2026-05-11T16:06:55.091Z [INFO]: Main menu sent
2026-05-11T16:07:38.135Z [INFO]: Main menu sent
2026-05-11T16:07:45.896Z [INFO]: trial service menu sent
2026-05-11T16:07:58.778Z [INFO]: ✅ Trial zivpn dibuat oleh 7612399455
2026-05-11T16:34:12.646Z [INFO]: 🧹 Tidak ada akun yang perlu dihapus malam ini.
2026-05-11T17:34:12.646Z [INFO]: 🧹 Tidak ada akun yang perlu dihapus malam ini.
2026-05-11T17:34:36.699Z [INFO]: Main menu sent
2026-05-11T17:34:59.132Z [INFO]: create service menu sent
2026-05-11T17:36:21.342Z [INFO]: Account create sukses user 5537130890, type: zivpn
2026-05-11T17:39:20.020Z [INFO]: Main menu sent
2026-05-11T17:39:31.110Z [INFO]: Main menu sent
2026-05-11T18:26:51.513Z [INFO]: Main menu sent
2026-05-11T18:26:56.391Z [INFO]: create service menu sent
2026-05-11T18:27:27.014Z [INFO]: Account create sukses user 8001507141, type: ssh
2026-05-11T18:34:12.646Z [INFO]: 🧹 Tidak ada akun yang perlu dihapus malam ini.
2026-05-11T19:34:12.645Z [INFO]: 🧹 Tidak ada akun yang perlu dihapus malam ini.
2026-05-11T20:34:12.646Z [INFO]: 🧹 Tidak ada akun yang perlu dihapus malam ini.
2026-05-11T21:00:05.716Z [INFO]: Main menu sent
2026-05-11T21:00:11.995Z [INFO]: create service menu sent
2026-05-11T21:34:12.646Z [INFO]: 🧹 Tidak ada akun yang perlu dihapus malam ini.
2026-05-11T22:34:12.646Z [INFO]: 🧹 Tidak ada akun yang perlu dihapus malam ini.
2026-05-11T23:34:12.648Z [INFO]: 🧹 Membersihkan 2 akun yang sudah expired > 24 jam.
2026-05-12T00:06:06.206Z [INFO]: Main menu sent
2026-05-12T00:06:09.201Z [INFO]: trial service menu sent
2026-05-12T00:06:30.916Z [INFO]: ✅ Trial zivpn dibuat oleh 6808130550
2026-05-12T00:18:36.006Z [INFO]: Main menu sent
2026-05-12T00:18:43.032Z [INFO]: create service menu sent
2026-05-12T00:20:07.189Z [INFO]: 🎁 Reward: User 7570184058 +2 Poin (31 hari)
2026-05-12T00:20:08.642Z [INFO]: Account create sukses user 7570184058, type: zivpn
2026-05-12T00:23:09.322Z [INFO]: Main menu sent
2026-05-12T00:23:14.975Z [INFO]: trial service menu sent
2026-05-12T00:23:18.659Z [INFO]: ✅ Trial ssh dibuat oleh 8461801575
2026-05-12T00:34:12.647Z [INFO]: 🧹 Tidak ada akun yang perlu dihapus malam ini.
2026-05-12T01:34:12.648Z [INFO]: 🧹 Membersihkan 1 akun yang sudah expired > 24 jam.
2026-05-12T01:52:11.006Z [INFO]: Main menu sent
2026-05-12T02:34:12.648Z [INFO]: 🧹 Tidak ada akun yang perlu dihapus malam ini.
2026-05-12T02:42:39.429Z [INFO]: Main menu sent
2026-05-12T02:42:41.304Z [INFO]: trial service menu sent
2026-05-12T02:42:46.117Z [INFO]: ✅ Trial zivpn dibuat oleh 8461801575
2026-05-12T03:23:40.338Z [INFO]: Main menu sent
2026-05-12T03:23:42.015Z [INFO]: create service menu sent
2026-05-12T03:24:01.989Z [INFO]: 🎁 Reward: User 7960158114 +2 Poin (29 hari)
2026-05-12T03:24:03.434Z [INFO]: Account create sukses user 7960158114, type: vmess
2026-05-12T03:34:12.647Z [INFO]: 🧹 Tidak ada akun yang perlu dihapus malam ini.
2026-05-12T04:11:21.994Z [INFO]: Main menu sent
2026-05-12T04:11:24.868Z [INFO]: create service menu sent
2026-05-12T04:11:55.321Z [INFO]: Account create sukses user 8169707317, type: ssh
2026-05-12T04:34:12.647Z [INFO]: 🧹 Tidak ada akun yang perlu dihapus malam ini.
2026-05-12T04:49:25.879Z [INFO]: create service menu sent
2026-05-12T04:50:38.660Z [INFO]: Main menu sent
2026-05-12T04:50:40.760Z [INFO]: 🔍 User 7698178607 memulai proses top-up saldo.
2026-05-12T04:50:40.933Z [ERROR]: Gagal deleteMessage di topup_saldo: 400: Bad Request: message can't be deleted for everyone
2026-05-12T04:50:59.004Z [INFO]: Main menu sent
2026-05-12T04:51:02.677Z [INFO]: create service menu sent
2026-05-12T04:51:15.303Z [INFO]: Main menu sent
2026-05-12T04:51:17.944Z [INFO]: 🔍 User 7698178607 memulai proses top-up saldo.
2026-05-12T04:51:48.187Z [INFO]: [QRIS][user-7698178607-1778561502716] expected=10293 | transaksi(9)=10000@12/05/2026 08:26:23,10064@11/05/2026 15:24:09,16000@10/05/2026 22:38:13,2299@10/05/2026 20:36:00,12000@10/05/2026 18:34:57
2026-05-12T04:52:18.109Z [WARN]: [QRIS] Tidak ada transaksi terbaca dari API. Preview: 📤 Output: 0 dari 0 (filter: masuk) Tidak ada data mutasi.
2026-05-12T04:52:51.435Z [INFO]: Main menu sent
2026-05-12T04:53:38.206Z [INFO]: [QRIS][user-7698178607-1778561502716] expected=10293 | transaksi(10)=10293@12/05/2026 11:52:07,10000@12/05/2026 08:26:23,10064@11/05/2026 15:24:09,16000@10/05/2026 22:38:13,2299@10/05/2026 20:36:00
2026-05-12T04:53:38.913Z [INFO]: Payment processed successfully for user-7698178607-1778561502716
2026-05-12T04:53:42.807Z [INFO]: Main menu sent
2026-05-12T04:53:46.792Z [INFO]: trial service menu sent
2026-05-12T04:54:00.730Z [INFO]: ✅ Trial zivpn dibuat oleh 7698178607
2026-05-12T04:57:16.516Z [INFO]: Main menu sent
2026-05-12T04:57:23.784Z [INFO]: create service menu sent
2026-05-12T04:57:57.145Z [INFO]: Account create sukses user 7698178607, type: zivpn
2026-05-12T05:34:12.648Z [INFO]: 🧹 Membersihkan 2 akun yang sudah expired > 24 jam.
2026-05-12T06:02:47.399Z [INFO]: Main menu sent
2026-05-12T06:02:50.964Z [INFO]: create service menu sent
2026-05-12T06:26:12.939Z [INFO]: Main menu sent
2026-05-12T06:26:15.249Z [INFO]: 🔍 User 1212040495 memulai proses top-up saldo.
2026-05-12T06:34:12.648Z [INFO]: 🧹 Tidak ada akun yang perlu dihapus malam ini.
2026-05-12T07:12:34.968Z [INFO]: Main menu sent
2026-05-12T07:34:12.648Z [INFO]: 🧹 Tidak ada akun yang perlu dihapus malam ini.
2026-05-12T08:15:40.767Z [INFO]: Main menu sent
2026-05-12T08:34:12.649Z [INFO]: 🧹 Tidak ada akun yang perlu dihapus malam ini.
2026-05-12T08:56:01.452Z [INFO]: Main menu sent
2026-05-12T08:56:03.122Z [INFO]: create service menu sent
2026-05-12T08:56:20.070Z [INFO]: Admin menu requested
2026-05-12T08:56:20.609Z [INFO]: Admin menu sent as new message
2026-05-12T08:56:25.479Z [INFO]: Edit server total create akun process started
2026-05-12T08:57:26.845Z [INFO]: Main menu sent
2026-05-12T08:57:28.205Z [INFO]: create service menu sent
2026-05-12T08:57:51.845Z [INFO]: User 7768199065 memilih untuk mengedit total create akun server dengan ID: 90
2026-05-12T08:58:07.059Z [INFO]: Main menu sent
2026-05-12T08:58:08.654Z [INFO]: create service menu sent
2026-05-12T08:58:28.380Z [INFO]: 🎁 Reward: User 7960158114 +1 Poin (7 hari)
2026-05-12T08:58:29.871Z [INFO]: Account create sukses user 7960158114, type: vmess
2026-05-12T09:34:12.649Z [INFO]: 🧹 Tidak ada akun yang perlu dihapus malam ini.
2026-05-12T09:36:12.933Z [INFO]: Main menu sent
2026-05-12T09:36:15.389Z [INFO]: trial service menu sent
2026-05-12T09:36:19.602Z [INFO]: ✅ Trial zivpn dibuat oleh 8461801575
2026-05-12T09:37:04.944Z [INFO]: Main menu sent
2026-05-12T09:37:07.067Z [INFO]: trial service menu sent
2026-05-12T09:37:10.552Z [INFO]: ✅ Trial ssh dibuat oleh 8461801575
2026-05-12T10:34:12.650Z [INFO]: 🧹 Membersihkan 1 akun yang sudah expired > 24 jam.
2026-05-12T11:34:12.649Z [INFO]: 🧹 Tidak ada akun yang perlu dihapus malam ini.
2026-05-12T11:52:56.426Z [INFO]: Main menu sent
2026-05-12T11:53:17.641Z [INFO]: Main menu sent
2026-05-12T11:53:20.001Z [INFO]: 🔍 User 7570184058 memulai proses top-up saldo.
2026-05-12T11:53:20.350Z [INFO]: 🔍 Reseller 7570184058 diminta untuk memasukkan jumlah nominal saldo (keypad).
2026-05-12T11:53:47.482Z [INFO]: Main menu sent
2026-05-12T11:53:49.724Z [INFO]: 🔍 User 7570184058 memulai proses top-up saldo.
2026-05-12T11:53:50.075Z [INFO]: 🔍 Reseller 7570184058 diminta untuk memasukkan jumlah nominal saldo (keypad).
2026-05-12T11:54:08.865Z [INFO]: [QRIS][user-7570184058-1778586840607] expected=50093 | transaksi(10)=10293@12/05/2026 11:52:07,10000@12/05/2026 08:26:23,10064@11/05/2026 15:24:09,16000@10/05/2026 22:38:13,2299@10/05/2026 20:36:00
2026-05-12T11:55:28.813Z [WARN]: [QRIS] Tidak ada transaksi terbaca dari API. Preview: 📤 Output: 0 dari 0 (filter: masuk) Tidak ada data mutasi.
2026-05-12T11:55:58.828Z [INFO]: [QRIS][user-7570184058-1778586840607] expected=50093 | transaksi(10)=10293@12/05/2026 11:52:07,10000@12/05/2026 08:26:23,10064@11/05/2026 15:24:09,16000@10/05/2026 22:38:13,2299@10/05/2026 20:36:00
2026-05-12T11:56:08.805Z [WARN]: [QRIS] Tidak ada transaksi terbaca dari API. Preview: 📤 Output: 0 dari 0 (filter: masuk) Tidak ada data mutasi.
2026-05-12T11:57:38.827Z [INFO]: [QRIS][user-7570184058-1778586840607] expected=50093 | transaksi(10)=10293@12/05/2026 11:52:07,10000@12/05/2026 08:26:23,10064@11/05/2026 15:24:09,16000@10/05/2026 22:38:13,2299@10/05/2026 20:36:00
2026-05-12T11:57:48.809Z [WARN]: [QRIS] Tidak ada transaksi terbaca dari API. Preview: 📤 Output: 0 dari 0 (filter: masuk) Tidak ada data mutasi.
2026-05-12T11:57:58.835Z [INFO]: [QRIS][user-7570184058-1778586840607] expected=50093 | transaksi(10)=50093@12/05/2026 18:57:48,10293@12/05/2026 11:52:07,10000@12/05/2026 08:26:23,10064@11/05/2026 15:24:09,16000@10/05/2026 22:38:13
2026-05-12T11:57:59.572Z [INFO]: Payment processed successfully for user-7570184058-1778586840607
2026-05-12T12:04:58.814Z [INFO]: Main menu sent
2026-05-12T12:05:01.769Z [INFO]: trial service menu sent
2026-05-12T12:05:07.161Z [INFO]: ✅ Trial zivpn dibuat oleh 7960158114
2026-05-12T12:24:27.953Z [INFO]: Main menu sent
2026-05-12T12:34:12.649Z [INFO]: 🧹 Tidak ada akun yang perlu dihapus malam ini.
2026-05-12T12:37:21.741Z [INFO]: Main menu sent
2026-05-12T12:40:39.061Z [INFO]: [QRIS][user-1212040495-1778589634963] expected=2170 | transaksi(10)=50093@12/05/2026 18:57:48,10293@12/05/2026 11:52:07,10000@12/05/2026 08:26:23,10064@11/05/2026 15:24:09,16000@10/05/2026 22:38:13
2026-05-12T12:40:58.907Z [WARN]: [QRIS] Tidak ada transaksi terbaca dari API. Preview: 📤 Output: 0 dari 0 (filter: masuk) Tidak ada data mutasi.
2026-05-12T12:41:09.307Z [INFO]: [QRIS][user-1212040495-1778589634963] expected=2170 | transaksi(10)=50093@12/05/2026 18:57:48,10293@12/05/2026 11:52:07,10000@12/05/2026 08:26:23,10064@11/05/2026 15:24:09,16000@10/05/2026 22:38:13
2026-05-12T12:41:18.904Z [WARN]: [QRIS] Tidak ada transaksi terbaca dari API. Preview: 📤 Output: 0 dari 0 (filter: masuk) Tidak ada data mutasi.
2026-05-12T12:41:41.759Z [INFO]: [QRIS][user-1212040495-1778589634963] expected=2170 | transaksi(10)=50093@12/05/2026 18:57:48,10293@12/05/2026 11:52:07,10000@12/05/2026 08:26:23,10064@11/05/2026 15:24:09,16000@10/05/2026 22:38:13
2026-05-12T12:41:58.979Z [INFO]: [QRIS][user-1212040495-1778589634963] expected=2170 | transaksi(10)=2170@12/05/2026 19:41:55,50093@12/05/2026 18:57:48,10293@12/05/2026 11:52:07,10000@12/05/2026 08:26:23,10064@11/05/2026 15:24:09
2026-05-12T12:42:00.071Z [INFO]: Payment processed successfully for user-1212040495-1778589634963
2026-05-12T12:42:28.299Z [INFO]: Main menu sent
2026-05-12T12:42:34.624Z [INFO]: create service menu sent
2026-05-12T12:43:00.760Z [INFO]: Account create sukses user 1212040495, type: zivpn
2026-05-12T12:47:49.381Z [INFO]: Main menu sent
2026-05-12T12:47:51.963Z [INFO]: trial service menu sent
2026-05-12T12:48:00.436Z [INFO]: ✅ Trial zivpn dibuat oleh 1212040495
2026-05-12T12:56:13.592Z [INFO]: Main menu sent
2026-05-12T12:56:14.963Z [INFO]: create service menu sent
2026-05-12T12:56:26.868Z [ERROR]: Transaksi gagal user 7960158114 (create): ❌  gagal membuat akun zivpn:
username akun sudah di gunakan
masukan username baru!
2026-05-12T12:56:49.327Z [INFO]: 🎁 Reward: User 7960158114 +2 Poin (29 hari)
2026-05-12T12:56:50.835Z [INFO]: Account create sukses user 7960158114, type: zivpn
2026-05-12T13:00:15.188Z [INFO]: ⏰ Waktunya kirim notifikasi expired (20:00 WIB)
2026-05-12T13:00:19.298Z [INFO]: ✅ Sukses mengirim notifikasi expired ke 7 user.
2026-05-12T13:34:12.651Z [INFO]: 🧹 Membersihkan 1 akun yang sudah expired > 24 jam.
2026-05-12T13:34:16.115Z [WARN]: [BACKUP] Skip database.db karena file kosong (0 byte).
2026-05-12T13:34:16.116Z [INFO]: [BACKUP][Auto 24h] sent=3 missing=1 errors=0
2026-05-12T13:46:45.782Z [INFO]: Main menu sent
2026-05-12T13:46:47.140Z [INFO]: create service menu sent
2026-05-12T13:47:04.525Z [INFO]: 🎁 Reward: User 7960158114 +2 Poin (29 hari)
2026-05-12T13:47:06.082Z [INFO]: Account create sukses user 7960158114, type: zivpn
2026-05-12T13:49:40.813Z [INFO]: Main menu sent
2026-05-12T13:49:43.588Z [INFO]: create service menu sent
2026-05-12T13:51:19.294Z [INFO]: Main menu sent
2026-05-12T13:51:21.090Z [INFO]: create service menu sent
2026-05-12T13:51:47.739Z [INFO]: 🎁 Reward: User 7570184058 +2 Poin (31 hari)
2026-05-12T13:51:48.874Z [INFO]: Account create sukses user 7570184058, type: zivpn
2026-05-12T14:13:06.446Z [INFO]: Main menu sent
2026-05-12T14:28:40.635Z [INFO]: Main menu sent
2026-05-12T14:28:42.966Z [INFO]: trial service menu sent
2026-05-12T14:28:58.240Z [INFO]: ✅ Trial ssh dibuat oleh 8461801575
2026-05-12T14:29:50.702Z [INFO]: Main menu sent
2026-05-12T14:30:07.139Z [INFO]: Main menu sent
2026-05-12T14:34:12.650Z [INFO]: 🧹 Tidak ada akun yang perlu dihapus malam ini.
2026-05-12T15:15:00.362Z [INFO]: Main menu sent
2026-05-12T15:15:20.817Z [INFO]: Main menu sent
2026-05-12T15:15:23.589Z [INFO]: create service menu sent
2026-05-12T15:16:48.111Z [INFO]: Account create sukses user 6333662239, type: vmess
2026-05-12T15:22:04.022Z [INFO]: Main menu sent
2026-05-12T15:23:56.515Z [INFO]: trial service menu sent
2026-05-12T15:24:45.263Z [INFO]: ✅ Trial vmess dibuat oleh 6333662239
2026-05-12T15:34:12.650Z [INFO]: 🧹 Tidak ada akun yang perlu dihapus malam ini.
2026-05-12T16:27:44.342Z [INFO]: ✅ Trial zivpn dibuat oleh 7612399455
2026-05-12T16:27:57.605Z [INFO]: Main menu sent
2026-05-12T16:28:00.288Z [INFO]: create service menu sent
2026-05-12T16:28:32.263Z [INFO]: Account create sukses user 7612399455, type: zivpn
2026-05-12T16:34:12.650Z [INFO]: 🧹 Tidak ada akun yang perlu dihapus malam ini.
2026-05-12T17:34:12.651Z [INFO]: 🧹 Membersihkan 2 akun yang sudah expired > 24 jam.
2026-05-12T18:34:12.650Z [INFO]: 🧹 Tidak ada akun yang perlu dihapus malam ini.
2026-05-12T19:34:12.650Z [INFO]: 🧹 Tidak ada akun yang perlu dihapus malam ini.
2026-05-12T20:01:46.935Z [INFO]: trial service menu sent
2026-05-12T20:02:03.185Z [INFO]: ✅ Trial zivpn dibuat oleh 5537130890
2026-05-12T20:34:12.650Z [INFO]: 🧹 Tidak ada akun yang perlu dihapus malam ini.
2026-05-12T20:34:45.503Z [INFO]: Main menu sent
2026-05-12T20:34:49.864Z [INFO]: trial service menu sent
2026-05-12T20:37:06.277Z [INFO]: Main menu sent
2026-05-12T21:14:29.882Z [INFO]: Main menu sent
2026-05-12T21:14:32.194Z [INFO]: create service menu sent
2026-05-12T21:14:58.202Z [INFO]: 🎁 Reward: User 7570184058 +2 Poin (31 hari)
2026-05-12T21:14:59.666Z [INFO]: Account create sukses user 7570184058, type: zivpn
2026-05-12T21:15:17.077Z [INFO]: 🎁 Reward: User 7570184058 +2 Poin (31 hari)
2026-05-12T21:15:18.179Z [INFO]: Account create sukses user 7570184058, type: zivpn
2026-05-12T21:15:58.072Z [INFO]: 🎁 Reward: User 7570184058 +2 Poin (31 hari)
2026-05-12T21:15:59.244Z [INFO]: Account create sukses user 7570184058, type: zivpn
2026-05-12T21:16:28.895Z [INFO]: 🎁 Reward: User 7570184058 +2 Poin (31 hari)
2026-05-12T21:16:29.998Z [INFO]: Account create sukses user 7570184058, type: zivpn
2026-05-12T21:34:12.650Z [INFO]: 🧹 Tidak ada akun yang perlu dihapus malam ini.
2026-05-12T22:34:12.650Z [INFO]: 🧹 Tidak ada akun yang perlu dihapus malam ini.
2026-05-12T23:34:12.653Z [INFO]: 🧹 Membersihkan 3 akun yang sudah expired > 24 jam.
2026-05-12T23:41:01.881Z [INFO]: Main menu sent
2026-05-12T23:41:03.408Z [INFO]: trial service menu sent
2026-05-12T23:41:10.821Z [INFO]: ✅ Trial ssh dibuat oleh 8461801575
2026-05-12T23:42:15.044Z [INFO]: Main menu sent
2026-05-12T23:54:54.117Z [INFO]: Main menu sent
2026-05-12T23:54:57.147Z [INFO]: trial service menu sent
2026-05-12T23:55:00.977Z [INFO]: ✅ Trial zivpn dibuat oleh 8461801575
2026-05-12T23:55:09.980Z [INFO]: ✅ Trial zivpn dibuat oleh 8461801575
2026-05-13T00:27:31.029Z [INFO]: Main menu sent
2026-05-13T00:28:30.142Z [INFO]: Main menu sent
2026-05-13T00:28:32.552Z [INFO]: trial service menu sent
2026-05-13T00:28:38.138Z [INFO]: ✅ Trial ssh dibuat oleh 8461801575
2026-05-13T00:34:12.652Z [INFO]: 🧹 Tidak ada akun yang perlu dihapus malam ini.
2026-05-13T01:34:12.652Z [INFO]: 🧹 Membersihkan 2 akun yang sudah expired > 24 jam.
2026-05-13T01:35:54.153Z [INFO]: Main menu sent
2026-05-13T01:36:13.705Z [INFO]: Main menu sent
2026-05-13T01:36:15.562Z [INFO]: trial service menu sent
2026-05-13T01:36:27.478Z [INFO]: ✅ Trial ssh dibuat oleh 8461801575
2026-05-13T01:36:34.823Z [INFO]: trial service menu sent
2026-05-13T01:36:56.378Z [INFO]: ✅ Trial zivpn dibuat oleh 5537130890
2026-05-13T02:30:19.789Z [INFO]: Main menu sent
2026-05-13T02:30:26.770Z [INFO]: renew service menu sent
2026-05-13T02:30:53.591Z [INFO]: Account renew sukses user 6380781342, type: ssh
2026-05-13T02:34:12.652Z [INFO]: 🧹 Tidak ada akun yang perlu dihapus malam ini.
2026-05-13T03:34:12.653Z [INFO]: 🧹 Tidak ada akun yang perlu dihapus malam ini.
2026-05-13T04:34:12.653Z [INFO]: 🧹 Tidak ada akun yang perlu dihapus malam ini.
2026-05-13T05:34:12.654Z [INFO]: 🧹 Membersihkan 1 akun yang sudah expired > 24 jam.
2026-05-13T06:28:32.976Z [INFO]: Main menu sent
2026-05-13T06:28:36.258Z [INFO]: create service menu sent
2026-05-13T06:29:07.448Z [INFO]: Account create sukses user 1734416542, type: ssh
2026-05-13T06:34:12.654Z [INFO]: 🧹 Tidak ada akun yang perlu dihapus malam ini.
2026-05-13T07:34:12.653Z [INFO]: 🧹 Tidak ada akun yang perlu dihapus malam ini.
2026-05-13T08:34:12.654Z [INFO]: 🧹 Tidak ada akun yang perlu dihapus malam ini.
2026-05-13T09:32:07.318Z [INFO]: Main menu sent
2026-05-13T09:34:12.657Z [INFO]: 🧹 Membersihkan 1 akun yang sudah expired > 24 jam.
2026-05-13T10:02:37.450Z [INFO]: Main menu sent
2026-05-13T10:02:39.326Z [INFO]: trial service menu sent
2026-05-13T10:02:46.125Z [INFO]: ✅ Trial ssh dibuat oleh 8461801575
2026-05-13T10:03:32.250Z [INFO]: Main menu sent
2026-05-13T10:34:12.656Z [INFO]: 🧹 Membersihkan 3 akun yang sudah expired > 24 jam.
2026-05-13T10:48:59.804Z [INFO]: Main menu sent
2026-05-13T10:49:02.558Z [INFO]: create service menu sent
2026-05-13T11:20:56.993Z [INFO]: Main menu sent
2026-05-13T11:20:59.567Z [INFO]: create service menu sent
2026-05-13T11:21:29.821Z [INFO]: Account create sukses user 5537130890, type: zivpn
2026-05-13T11:27:30.456Z [INFO]: Main menu sent
2026-05-13T11:27:32.472Z [INFO]: trial service menu sent
2026-05-13T11:27:36.998Z [INFO]: ✅ Trial ssh dibuat oleh 8461801575
2026-05-13T11:34:12.656Z [INFO]: 🧹 Membersihkan 1 akun yang sudah expired > 24 jam.
2026-05-13T11:38:08.908Z [INFO]: Main menu sent
2026-05-13T11:38:10.415Z [INFO]: create service menu sent
2026-05-13T11:38:41.196Z [INFO]: Main menu sent
2026-05-13T11:38:51.206Z [INFO]: Admin menu requested
2026-05-13T11:38:51.748Z [INFO]: Admin menu sent as new message
2026-05-13T11:38:55.139Z [INFO]: Add saldo user process started (manual input ID)
2026-05-13T11:39:05.745Z [INFO]: Admin 7768199065 menambah saldo Rp1000000 ke user 5221229787 (Saldo akhir: Rp1001800).
2026-05-13T11:39:19.628Z [INFO]: Main menu sent
2026-05-13T11:39:25.300Z [INFO]: create service menu sent
2026-05-13T11:39:55.601Z [INFO]: 🎁 Reward: User 7960158114 +2 Poin (29 hari)
2026-05-13T11:39:57.071Z [INFO]: Account create sukses user 7960158114, type: zivpn
2026-05-13T12:34:12.656Z [INFO]: 🧹 Membersihkan 1 akun yang sudah expired > 24 jam.
2026-05-13T12:35:24.922Z [INFO]: Main menu sent
2026-05-13T12:35:27.125Z [INFO]: create service menu sent
2026-05-13T12:35:47.415Z [INFO]: 🎁 Reward: User 7960158114 +2 Poin (29 hari)
2026-05-13T12:35:48.972Z [INFO]: Account create sukses user 7960158114, type: zivpn
2026-05-13T12:54:31.670Z [INFO]: Main menu sent
2026-05-13T12:54:32.948Z [INFO]: create service menu sent
2026-05-13T12:54:50.348Z [INFO]: 🎁 Reward: User 7960158114 +2 Poin (29 hari)
2026-05-13T12:54:51.830Z [INFO]: Account create sukses user 7960158114, type: zivpn
2026-05-13T13:00:15.586Z [INFO]: ⏰ Waktunya kirim notifikasi expired (20:00 WIB)
2026-05-13T13:00:20.199Z [INFO]: ✅ Sukses mengirim notifikasi expired ke 8 user.
2026-05-13T13:00:50.254Z [INFO]: Main menu sent
2026-05-13T13:03:31.700Z [INFO]: Main menu sent
2026-05-13T13:03:32.997Z [INFO]: create service menu sent
2026-05-13T13:03:48.244Z [INFO]: 🎁 Reward: User 7960158114 +2 Poin (29 hari)
2026-05-13T13:03:49.708Z [INFO]: Account create sukses user 7960158114, type: zivpn
2026-05-13T13:34:12.657Z [INFO]: 🧹 Membersihkan 5 akun yang sudah expired > 24 jam.
2026-05-13T13:34:16.182Z [WARN]: [BACKUP] Skip database.db karena file kosong (0 byte).
2026-05-13T13:34:16.183Z [INFO]: [BACKUP][Auto 24h] sent=3 missing=1 errors=0
2026-05-13T14:18:45.704Z [INFO]: Main menu sent
2026-05-13T14:18:46.995Z [INFO]: create service menu sent
2026-05-13T14:19:02.175Z [INFO]: 🎁 Reward: User 7960158114 +2 Poin (29 hari)
2026-05-13T14:19:03.620Z [INFO]: Account create sukses user 7960158114, type: zivpn
2026-05-13T14:34:12.657Z [INFO]: 🧹 Tidak ada akun yang perlu dihapus malam ini.
2026-05-13T14:45:09.753Z [INFO]: Main menu sent
2026-05-13T14:45:13.353Z [INFO]: create service menu sent
2026-05-13T15:34:12.655Z [INFO]: 🧹 Tidak ada akun yang perlu dihapus malam ini.
2026-05-13T16:34:12.656Z [INFO]: 🧹 Tidak ada akun yang perlu dihapus malam ini.
2026-05-13T16:42:59.675Z [INFO]: Main menu sent
2026-05-13T16:43:08.901Z [INFO]: trial service menu sent
2026-05-13T16:43:21.500Z [INFO]: ✅ Trial ssh dibuat oleh 5448438414
2026-05-13T17:12:42.237Z [ERROR]: Transaksi gagal user 7612399455 (create): ❌  gagal membuat akun zivpn:
username akun sudah di gunakan
masukan username baru!
2026-05-13T17:12:53.472Z [INFO]: Main menu sent
2026-05-13T17:12:57.670Z [INFO]: create service menu sent
2026-05-13T17:13:16.994Z [INFO]: Account create sukses user 7612399455, type: zivpn
2026-05-13T17:34:12.656Z [INFO]: 🧹 Tidak ada akun yang perlu dihapus malam ini.
2026-05-13T18:34:12.658Z [INFO]: 🧹 Membersihkan 1 akun yang sudah expired > 24 jam.
2026-05-13T19:34:12.657Z [INFO]: 🧹 Tidak ada akun yang perlu dihapus malam ini.
2026-05-13T20:02:26.814Z [INFO]: Main menu sent
2026-05-13T20:02:29.086Z [INFO]: create service menu sent
2026-05-13T20:07:25.586Z [INFO]: 🎁 Reward: User 7570184058 +2 Poin (31 hari)
2026-05-13T20:07:27.074Z [INFO]: Account create sukses user 7570184058, type: zivpn
2026-05-13T20:07:51.830Z [INFO]: 🎁 Reward: User 7570184058 +2 Poin (31 hari)
2026-05-13T20:07:52.944Z [INFO]: Account create sukses user 7570184058, type: zivpn
2026-05-13T20:08:14.903Z [INFO]: 🎁 Reward: User 7570184058 +2 Poin (31 hari)
2026-05-13T20:08:16.351Z [INFO]: Account create sukses user 7570184058, type: zivpn
2026-05-13T20:08:52.335Z [INFO]: 🎁 Reward: User 7570184058 +2 Poin (31 hari)
2026-05-13T20:08:53.434Z [INFO]: Account create sukses user 7570184058, type: zivpn
2026-05-13T20:34:12.657Z [INFO]: 🧹 Tidak ada akun yang perlu dihapus malam ini.
2026-05-13T21:34:12.658Z [INFO]: 🧹 Tidak ada akun yang perlu dihapus malam ini.
2026-05-13T22:32:25.129Z [INFO]: Main menu sent
2026-05-13T22:32:26.985Z [INFO]: create service menu sent
2026-05-13T22:34:12.659Z [INFO]: 🧹 Tidak ada akun yang perlu dihapus malam ini.
2026-05-13T23:34:12.659Z [INFO]: 🧹 Tidak ada akun yang perlu dihapus malam ini.
2026-05-14T00:34:12.659Z [INFO]: 🧹 Tidak ada akun yang perlu dihapus malam ini.
2026-05-14T01:32:51.743Z [INFO]: Main menu sent
2026-05-14T01:33:34.636Z [INFO]: Main menu sent
2026-05-14T01:33:42.565Z [INFO]: trial service menu sent
2026-05-14T01:33:50.310Z [INFO]: Main menu sent
2026-05-14T01:33:55.028Z [INFO]: Main menu sent
2026-05-14T01:34:12.659Z [INFO]: 🧹 Tidak ada akun yang perlu dihapus malam ini.
2026-05-14T02:34:12.659Z [INFO]: 🧹 Tidak ada akun yang perlu dihapus malam ini.
2026-05-14T03:34:12.659Z [INFO]: 🧹 Tidak ada akun yang perlu dihapus malam ini.
2026-05-14T04:20:25.873Z [INFO]: Main menu sent
2026-05-14T04:20:27.977Z [INFO]: 🔍 User 7768199065 memulai proses top-up saldo.
2026-05-14T04:20:43.072Z [INFO]: [QRIS][user-7768199065-1778732432219] expected=2155 | transaksi(9)=10000@14/05/2026 08:27:55,10000@13/05/2026 19:30:32,10000@13/05/2026 18:34:02,2170@12/05/2026 19:41:55,50093@12/05/2026 18:57:48
2026-05-14T04:21:32.945Z [WARN]: [QRIS] Tidak ada transaksi terbaca dari API. Preview: 📤 Output: 0 dari 0 (filter: masuk) Tidak ada data mutasi.
2026-05-14T04:21:42.961Z [INFO]: [QRIS][user-7768199065-1778732432219] expected=2155 | transaksi(9)=10000@14/05/2026 08:27:55,10000@13/05/2026 19:30:32,10000@13/05/2026 18:34:02,2170@12/05/2026 19:41:55,50093@12/05/2026 18:57:48
2026-05-14T04:22:12.944Z [WARN]: [QRIS] Tidak ada transaksi terbaca dari API. Preview: 📤 Output: 0 dari 0 (filter: masuk) Tidak ada data mutasi.
2026-05-14T04:22:32.947Z [INFO]: [QRIS][user-7768199065-1778732432219] expected=2155 | transaksi(9)=10000@14/05/2026 08:27:55,10000@13/05/2026 19:30:32,10000@13/05/2026 18:34:02,2170@12/05/2026 19:41:55,50093@12/05/2026 18:57:48
2026-05-14T04:22:42.946Z [WARN]: [QRIS] Tidak ada transaksi terbaca dari API. Preview: 📤 Output: 0 dari 0 (filter: masuk) Tidak ada data mutasi.
2026-05-14T04:22:52.937Z [INFO]: [QRIS][user-7768199065-1778732432219] expected=2155 | transaksi(9)=10000@14/05/2026 08:27:55,10000@13/05/2026 19:30:32,10000@13/05/2026 18:34:02,2170@12/05/2026 19:41:55,50093@12/05/2026 18:57:48
2026-05-14T04:23:12.955Z [WARN]: [QRIS] Tidak ada transaksi terbaca dari API. Preview: 📤 Output: 0 dari 0 (filter: masuk) Tidak ada data mutasi.
2026-05-14T04:23:32.964Z [INFO]: [QRIS][user-7768199065-1778732432219] expected=2155 | transaksi(9)=10000@14/05/2026 08:27:55,10000@13/05/2026 19:30:32,10000@13/05/2026 18:34:02,2170@12/05/2026 19:41:55,50093@12/05/2026 18:57:48
2026-05-14T04:23:52.939Z [ERROR]: Error checking payment status for user-7768199065-1778732432219: Request failed with status code 526
2026-05-14T04:34:12.660Z [INFO]: 🧹 Membersihkan 1 akun yang sudah expired > 24 jam.
2026-05-14T05:12:45.739Z [INFO]: Main menu sent
2026-05-14T05:12:47.363Z [INFO]: create service menu sent
2026-05-14T05:12:55.334Z [INFO]: Main menu sent
2026-05-14T05:13:12.227Z [INFO]: 🔍 User 6741034021 memulai proses top-up saldo.
2026-05-14T05:13:33.179Z [INFO]: [QRIS][user-6741034021-1778735608865] expected=3164 | transaksi(9)=10000@14/05/2026 08:27:55,10000@13/05/2026 19:30:32,10000@13/05/2026 18:34:02,2170@12/05/2026 19:41:55,50093@12/05/2026 18:57:48
2026-05-14T05:14:03.107Z [INFO]: [QRIS][user-6741034021-1778735608865] expected=3164 | transaksi(9)=3164@14/05/2026 12:13:56,10000@14/05/2026 08:27:55,10000@13/05/2026 19:30:32,10000@13/05/2026 18:34:02,2170@12/05/2026 19:41:55
2026-05-14T05:14:03.833Z [INFO]: Payment processed successfully for user-6741034021-1778735608865
2026-05-14T05:14:10.753Z [INFO]: Main menu sent
2026-05-14T05:14:13.155Z [INFO]: create service menu sent
2026-05-14T05:14:45.445Z [INFO]: Account create sukses user 6741034021, type: zivpn
2026-05-14T05:34:12.659Z [INFO]: 🧹 Tidak ada akun yang perlu dihapus malam ini.
2026-05-14T05:45:02.615Z [INFO]: Main menu sent
2026-05-14T05:45:11.017Z [INFO]: create service menu sent
2026-05-14T05:48:15.072Z [INFO]: Account create sukses user 7698178607, type: zivpn
2026-05-14T05:50:18.054Z [INFO]: Account create sukses user 7698178607, type: zivpn
2026-05-14T06:05:15.775Z [INFO]: trial service menu sent
2026-05-14T06:05:29.474Z [INFO]: ✅ Trial zivpn dibuat oleh 1212040495
2026-05-14T06:08:47.396Z [INFO]: Main menu sent
2026-05-14T06:08:50.591Z [INFO]: create service menu sent
2026-05-14T06:09:40.128Z [INFO]: Account create sukses user 1212040495, type: zivpn
2026-05-14T06:26:19.253Z [INFO]: Main menu sent
2026-05-14T06:26:21.105Z [INFO]: create service menu sent
2026-05-14T06:26:42.632Z [INFO]: Account create sukses user 8246744834, type: ssh
2026-05-14T06:34:12.660Z [INFO]: 🧹 Tidak ada akun yang perlu dihapus malam ini.
2026-05-14T07:05:27.404Z [INFO]: Main menu sent
2026-05-14T07:34:12.660Z [INFO]: 🧹 Tidak ada akun yang perlu dihapus malam ini.
2026-05-14T08:34:12.659Z [INFO]: 🧹 Tidak ada akun yang perlu dihapus malam ini.
2026-05-14T09:20:04.796Z [INFO]: Main menu sent
2026-05-14T09:20:06.392Z [INFO]: create service menu sent
2026-05-14T09:20:35.476Z [INFO]: 🎁 Reward: User 7960158114 +2 Poin (29 hari)
2026-05-14T09:20:36.973Z [INFO]: Account create sukses user 7960158114, type: zivpn
2026-05-14T09:34:12.660Z [INFO]: 🧹 Tidak ada akun yang perlu dihapus malam ini.
2026-05-14T10:34:12.660Z [INFO]: 🧹 Tidak ada akun yang perlu dihapus malam ini.
2026-05-14T11:30:41.713Z [INFO]: Main menu sent
2026-05-14T11:30:49.814Z [INFO]: Main menu sent
2026-05-14T11:30:52.835Z [INFO]: create service menu sent
2026-05-14T11:30:55.870Z [INFO]: Main menu sent
2026-05-14T11:31:01.726Z [INFO]: trial service menu sent
2026-05-14T11:31:10.919Z [INFO]: ✅ Trial zivpn dibuat oleh 5537130890
2026-05-14T11:34:12.662Z [INFO]: 🧹 Membersihkan 1 akun yang sudah expired > 24 jam.
2026-05-14T12:34:12.661Z [INFO]: 🧹 Tidak ada akun yang perlu dihapus malam ini.
2026-05-14T13:00:15.974Z [INFO]: ⏰ Waktunya kirim notifikasi expired (20:00 WIB)
2026-05-14T13:00:24.627Z [INFO]: ✅ Sukses mengirim notifikasi expired ke 11 user.
2026-05-14T13:15:00.957Z [INFO]: Main menu sent
2026-05-14T13:34:12.662Z [INFO]: 🧹 Membersihkan 1 akun yang sudah expired > 24 jam.
2026-05-14T13:34:16.206Z [WARN]: [BACKUP] Skip database.db karena file kosong (0 byte).
2026-05-14T13:34:16.207Z [INFO]: [BACKUP][Auto 24h] sent=3 missing=1 errors=0
2026-05-14T13:45:57.706Z [INFO]: Main menu sent
2026-05-14T13:46:00.531Z [INFO]: 🔍 User 8138423961 memulai proses top-up saldo.
2026-05-14T13:46:24.045Z [INFO]: [QRIS][user-8138423961-1778766373491] expected=10185 | transaksi(9)=10000@14/05/2026 12:42:21,3164@14/05/2026 12:13:56,10000@14/05/2026 08:27:55,10000@13/05/2026 19:30:32,10000@13/05/2026 18:34:02
2026-05-14T13:46:33.911Z [WARN]: [QRIS] Tidak ada transaksi terbaca dari API. Preview: 📤 Output: 0 dari 0 (filter: masuk) Tidak ada data mutasi.
2026-05-14T13:48:35.641Z [INFO]: Main menu sent
2026-05-14T13:48:37.466Z [INFO]: create service menu sent
2026-05-14T13:49:44.015Z [INFO]: [QRIS][user-8138423961-1778766373491] expected=10185 | transaksi(9)=10185@14/05/2026 20:47:33,10000@14/05/2026 12:42:21,3164@14/05/2026 12:13:56,10000@14/05/2026 08:27:55,10000@13/05/2026 19:30:32
2026-05-14T13:49:44.802Z [INFO]: Payment processed successfully for user-8138423961-1778766373491
2026-05-14T13:51:12.453Z [ERROR]: Transaksi gagal user 8138423961 (create): ❌  gagal membuat akun zivpn:
username akun sudah di gunakan
masukan username baru!
2026-05-14T13:52:16.803Z [INFO]: Account create sukses user 8138423961, type: zivpn
2026-05-14T13:52:17.933Z [INFO]: Main menu sent
2026-05-14T13:52:24.347Z [INFO]: create service menu sent
2026-05-14T13:53:03.571Z [INFO]: Main menu sent
2026-05-14T13:53:06.569Z [INFO]: trial service menu sent
2026-05-14T13:53:20.913Z [INFO]: ✅ Trial zivpn dibuat oleh 8629869896
2026-05-14T14:18:10.705Z [INFO]: Main menu sent
2026-05-14T14:24:40.218Z [INFO]: Main menu sent
2026-05-14T14:27:47.170Z [INFO]: Main menu sent
2026-05-14T14:34:12.662Z [INFO]: 🧹 Tidak ada akun yang perlu dihapus malam ini.
2026-05-14T14:38:03.059Z [INFO]: Main menu sent
2026-05-14T14:39:24.713Z [INFO]: create service menu sent
2026-05-14T14:40:10.672Z [INFO]: Account create sukses user 5537130890, type: zivpn
2026-05-14T15:34:12.662Z [INFO]: 🧹 Tidak ada akun yang perlu dihapus malam ini.
2026-05-14T16:34:12.662Z [INFO]: 🧹 Tidak ada akun yang perlu dihapus malam ini.
2026-05-14T17:14:33.954Z [INFO]: create service menu sent
2026-05-14T17:34:12.664Z [INFO]: 🧹 Membersihkan 1 akun yang sudah expired > 24 jam.
2026-05-14T18:26:22.510Z [INFO]: Main menu sent
2026-05-14T18:27:06.118Z [INFO]: Account renew sukses user 8001507141, type: ssh
2026-05-14T18:34:12.663Z [INFO]: 🧹 Tidak ada akun yang perlu dihapus malam ini.
2026-05-14T19:34:12.663Z [INFO]: 🧹 Tidak ada akun yang perlu dihapus malam ini.
2026-05-14T20:34:12.664Z [INFO]: 🧹 Tidak ada akun yang perlu dihapus malam ini.
2026-05-14T21:34:12.665Z [INFO]: 🧹 Tidak ada akun yang perlu dihapus malam ini.
2026-05-14T22:34:12.664Z [INFO]: 🧹 Tidak ada akun yang perlu dihapus malam ini.
2026-05-14T23:34:12.666Z [INFO]: 🧹 Membersihkan 3 akun yang sudah expired > 24 jam.
2026-05-15T00:34:12.665Z [INFO]: 🧹 Tidak ada akun yang perlu dihapus malam ini.
2026-05-15T00:54:02.610Z [INFO]: Main menu sent
2026-05-15T00:54:07.168Z [INFO]: create service menu sent
2026-05-15T00:54:50.907Z [ERROR]: Transaksi gagal user 490797659 (create): ❌  respons error:
username akun sudah di gunakan
masukan username baru!
2026-05-15T00:55:03.935Z [INFO]: Main menu sent
2026-05-15T00:55:18.865Z [INFO]: renew service menu sent
2026-05-15T00:55:41.019Z [ERROR]: Transaksi gagal user 490797659 (renew): ❌ respons error:
client inara1 not exists, try another name
2026-05-15T00:55:51.746Z [INFO]: Main menu sent
2026-05-15T00:55:56.334Z [INFO]: create service menu sent
2026-05-15T00:56:16.101Z [ERROR]: Transaksi gagal user 490797659 (create): ❌  respons error:
username akun sudah di gunakan
masukan username baru!
2026-05-15T00:56:44.575Z [INFO]: Main menu sent
2026-05-15T00:56:46.525Z [INFO]: create service menu sent
2026-05-15T00:57:05.825Z [INFO]: Account create sukses user 490797659, type: ssh
2026-05-15T01:34:12.665Z [INFO]: 🧹 Tidak ada akun yang perlu dihapus malam ini.
2026-05-15T02:34:12.665Z [INFO]: 🧹 Tidak ada akun yang perlu dihapus malam ini.
2026-05-15T03:05:31.416Z [INFO]: Main menu sent
2026-05-15T03:33:37.802Z [INFO]: Main menu sent
2026-05-15T03:33:39.275Z [INFO]: create service menu sent
2026-05-15T03:33:58.660Z [INFO]: 🎁 Reward: User 7960158114 +2 Poin (29 hari)
2026-05-15T03:34:01.130Z [INFO]: Account create sukses user 7960158114, type: zivpn
2026-05-15T03:34:12.664Z [INFO]: 🧹 Tidak ada akun yang perlu dihapus malam ini.
2026-05-15T03:41:58.027Z [INFO]: create service menu sent
2026-05-15T03:42:02.698Z [INFO]: Main menu sent
2026-05-15T04:30:16.913Z [INFO]: Main menu sent
2026-05-15T04:30:18.186Z [INFO]: create service menu sent
2026-05-15T04:30:37.918Z [ERROR]: Transaksi gagal user 7960158114 (create): ❌  gagal membuat akun zivpn:
username akun sudah di gunakan
masukan username baru!
2026-05-15T04:30:56.585Z [INFO]: 🎁 Reward: User 7960158114 +2 Poin (29 hari)
2026-05-15T04:30:58.062Z [INFO]: Account create sukses user 7960158114, type: zivpn
2026-05-15T04:34:12.664Z [INFO]: 🧹 Tidak ada akun yang perlu dihapus malam ini.
2026-05-15T05:34:12.668Z [INFO]: 🧹 Membersihkan 1 akun yang sudah expired > 24 jam.
2026-05-15T05:52:19.518Z [INFO]: Main menu sent
2026-05-15T05:52:23.188Z [INFO]: create service menu sent
2026-05-15T05:52:44.134Z [INFO]: Account create sukses user 1734416542, type: ssh
2026-05-15T06:34:12.668Z [INFO]: 🧹 Membersihkan 2 akun yang sudah expired > 24 jam.
2026-05-15T07:34:12.666Z [INFO]: 🧹 Tidak ada akun yang perlu dihapus malam ini.
2026-05-15T08:34:12.666Z [INFO]: 🧹 Tidak ada akun yang perlu dihapus malam ini.
2026-05-15T09:34:12.667Z [INFO]: 🧹 Membersihkan 1 akun yang sudah expired > 24 jam.
2026-05-15T09:45:22.088Z [INFO]: Main menu sent
2026-05-15T09:45:23.402Z [INFO]: create service menu sent
2026-05-15T09:45:37.072Z [INFO]: 🎁 Reward: User 7960158114 +2 Poin (29 hari)
2026-05-15T09:45:38.527Z [INFO]: Account create sukses user 7960158114, type: zivpn
2026-05-15T10:34:12.666Z [INFO]: 🧹 Tidak ada akun yang perlu dihapus malam ini.
2026-05-15T11:12:22.994Z [INFO]: Main menu sent
2026-05-15T11:12:24.440Z [INFO]: create service menu sent
2026-05-15T11:12:43.353Z [INFO]: 🎁 Reward: User 7960158114 +2 Poin (29 hari)
2026-05-15T11:12:44.806Z [INFO]: Account create sukses user 7960158114, type: zivpn
2026-05-15T11:26:23.538Z [INFO]: Main menu sent
2026-05-15T11:26:31.550Z [INFO]: 🔍 User 6982541967 memulai proses top-up saldo.
2026-05-15T11:27:01.005Z [ERROR]: Error checking payment status for user-6982541967-1778844407873: timeout of 5000ms exceeded
2026-05-15T11:27:06.138Z [ERROR]: Error checking payment status for user-6982541967-1778844407873: Request failed with status code 526
2026-05-15T11:27:16.145Z [INFO]: [QRIS][user-6982541967-1778844407873] expected=6220 | transaksi(9)=10000@15/05/2026 11:28:07,10185@14/05/2026 20:47:33,10000@14/05/2026 12:42:21,3164@14/05/2026 12:13:56,10000@14/05/2026 08:27:55
2026-05-15T11:30:46.056Z [ERROR]: Error checking payment status for user-6982541967-1778844407873: Request failed with status code 526
2026-05-15T11:34:12.667Z [INFO]: 🧹 Membersihkan 2 akun yang sudah expired > 24 jam.
2026-05-15T11:36:59.138Z [INFO]: Main menu sent
2026-05-15T11:37:01.072Z [INFO]: create service menu sent
2026-05-15T11:38:35.290Z [INFO]: 🎁 Reward: User 7960158114 +2 Poin (29 hari)
2026-05-15T11:38:36.759Z [INFO]: Account create sukses user 7960158114, type: zivpn
2026-05-15T11:45:19.163Z [INFO]: Main menu sent
2026-05-15T11:45:20.531Z [INFO]: create service menu sent
2026-05-15T11:45:35.527Z [INFO]: 🎁 Reward: User 7960158114 +2 Poin (29 hari)
2026-05-15T11:45:36.629Z [INFO]: Account create sukses user 7960158114, type: zivpn
2026-05-15T12:34:12.667Z [INFO]: 🧹 Membersihkan 4 akun yang sudah expired > 24 jam.
2026-05-15T13:00:16.374Z [INFO]: ⏰ Waktunya kirim notifikasi expired (20:00 WIB)
2026-05-15T13:00:21.955Z [INFO]: ✅ Sukses mengirim notifikasi expired ke 8 user.
2026-05-15T13:34:12.668Z [INFO]: 🧹 Membersihkan 6 akun yang sudah expired > 24 jam.
2026-05-15T13:34:16.779Z [WARN]: [BACKUP] Skip database.db karena file kosong (0 byte).
2026-05-15T13:34:16.780Z [INFO]: [BACKUP][Auto 24h] sent=3 missing=1 errors=0
2026-05-15T13:40:33.399Z [INFO]: Main menu sent
2026-05-15T13:40:35.172Z [INFO]: create service menu sent
2026-05-15T13:41:00.787Z [INFO]: Account create sukses user 7612399455, type: zivpn
2026-05-15T13:42:00.335Z [INFO]: Main menu sent
2026-05-15T13:42:19.502Z [INFO]: Main menu sent
2026-05-15T14:10:50.743Z [INFO]: Main menu sent
2026-05-15T14:10:52.233Z [INFO]: create service menu sent
2026-05-15T14:11:07.683Z [INFO]: 🎁 Reward: User 7960158114 +2 Poin (29 hari)
2026-05-15T14:11:09.134Z [INFO]: Account create sukses user 7960158114, type: zivpn
2026-05-15T14:21:36.689Z [INFO]: Main menu sent
2026-05-15T14:24:20.319Z [INFO]: Main menu sent
2026-05-15T14:24:21.656Z [INFO]: create service menu sent
2026-05-15T14:24:44.364Z [INFO]: 🎁 Reward: User 7960158114 +2 Poin (29 hari)
2026-05-15T14:24:45.482Z [INFO]: Account create sukses user 7960158114, type: zivpn
2026-05-15T14:31:30.838Z [INFO]: Main menu sent
2026-05-15T14:31:35.600Z [INFO]: create service menu sent
2026-05-15T14:32:26.264Z [INFO]: Account create sukses user 8169707317, type: ssh
2026-05-15T14:34:12.666Z [INFO]: 🧹 Tidak ada akun yang perlu dihapus malam ini.
2026-05-15T14:49:04.261Z [INFO]: create service menu sent
2026-05-15T14:49:38.881Z [INFO]: Account create sukses user 7381102145, type: zivpn
2026-05-15T15:34:12.667Z [INFO]: 🧹 Membersihkan 1 akun yang sudah expired > 24 jam.
2026-05-15T16:34:12.668Z [INFO]: 🧹 Tidak ada akun yang perlu dihapus malam ini.
2026-05-15T17:34:12.677Z [INFO]: 🧹 Membersihkan 1 akun yang sudah expired > 24 jam.
2026-05-15T18:34:12.667Z [INFO]: 🧹 Tidak ada akun yang perlu dihapus malam ini.
2026-05-15T19:34:12.666Z [INFO]: 🧹 Tidak ada akun yang perlu dihapus malam ini.
2026-05-15T20:34:12.667Z [INFO]: 🧹 Tidak ada akun yang perlu dihapus malam ini.
2026-05-15T20:37:18.089Z [INFO]: Main menu sent
2026-05-15T20:37:20.471Z [INFO]: create service menu sent
2026-05-15T21:34:12.670Z [INFO]: 🧹 Tidak ada akun yang perlu dihapus malam ini.
2026-05-15T22:34:12.670Z [INFO]: 🧹 Tidak ada akun yang perlu dihapus malam ini.
2026-05-15T23:34:12.670Z [INFO]: 🧹 Tidak ada akun yang perlu dihapus malam ini.
2026-05-15T23:34:19.355Z [INFO]: Main menu sent
2026-05-15T23:34:21.968Z [INFO]: create service menu sent
2026-05-15T23:43:43.819Z [INFO]: Main menu sent
2026-05-15T23:43:46.305Z [INFO]: create service menu sent
2026-05-15T23:44:35.464Z [ERROR]: Transaksi gagal user 328922489 (create): ❌  gagal membuat akun zivpn:
username akun sudah di gunakan
masukan username baru!
2026-05-15T23:44:59.013Z [ERROR]: Transaksi gagal user 328922489 (create): ❌  gagal membuat akun zivpn:
username akun sudah di gunakan
masukan username baru!
2026-05-15T23:45:20.016Z [ERROR]: Transaksi gagal user 328922489 (create): ❌  gagal membuat akun zivpn:
username akun sudah di gunakan
masukan username baru!
2026-05-15T23:45:42.994Z [ERROR]: Transaksi gagal user 328922489 (create): ❌  gagal membuat akun zivpn:
username akun sudah di gunakan
masukan username baru!
2026-05-15T23:46:10.184Z [ERROR]: Transaksi gagal user 328922489 (create): ❌  gagal membuat akun zivpn:
username akun sudah di gunakan
masukan username baru!
2026-05-15T23:46:33.597Z [ERROR]: Transaksi gagal user 328922489 (create): ❌  gagal membuat akun zivpn:
username akun sudah di gunakan
masukan username baru!
2026-05-15T23:46:56.116Z [ERROR]: Transaksi gagal user 328922489 (create): ❌  gagal membuat akun zivpn:
username akun sudah di gunakan
masukan username baru!
2026-05-15T23:47:16.114Z [INFO]: Main menu sent
2026-05-15T23:47:27.686Z [INFO]: create service menu sent
2026-05-15T23:48:21.678Z [INFO]: Account create sukses user 328922489, type: zivpn
2026-05-16T00:31:32.765Z [INFO]: Main menu sent
2026-05-16T00:34:12.671Z [INFO]: 🧹 Tidak ada akun yang perlu dihapus malam ini.
2026-05-16T01:34:12.670Z [INFO]: 🧹 Tidak ada akun yang perlu dihapus malam ini.
2026-05-16T02:34:12.671Z [INFO]: 🧹 Tidak ada akun yang perlu dihapus malam ini.
2026-05-16T03:04:40.537Z [INFO]: Main menu sent
2026-05-16T03:04:42.349Z [INFO]: create service menu sent
2026-05-16T03:05:34.636Z [INFO]: Account create sukses user 7309962231, type: zivpn
2026-05-16T03:32:21.721Z [INFO]: Main menu sent
2026-05-16T03:34:12.673Z [INFO]: 🧹 Membersihkan 3 akun yang sudah expired > 24 jam.
2026-05-16T04:11:54.529Z [INFO]: Main menu sent
2026-05-16T04:16:17.335Z [INFO]: Main menu sent
2026-05-16T04:16:28.232Z [INFO]: Main menu sent
2026-05-16T04:16:29.632Z [INFO]: create service menu sent
2026-05-16T04:16:48.408Z [INFO]: Main menu sent
2026-05-16T04:16:51.722Z [INFO]: Main menu sent
2026-05-16T04:16:56.878Z [INFO]: 🔍 User 7734149407 memulai proses top-up saldo.
2026-05-16T04:17:17.817Z [INFO]: [QRIS][user-7734149407-1778905030915] expected=9270 | transaksi(8)=10000@15/05/2026 18:33:30,10000@15/05/2026 11:28:07,10185@14/05/2026 20:47:33,10000@14/05/2026 12:42:21,3164@14/05/2026 12:13:56
2026-05-16T04:19:57.495Z [INFO]: Main menu sent
2026-05-16T04:19:59.215Z [INFO]: 🔍 User 7734149407 memulai proses top-up saldo.
2026-05-16T04:20:17.674Z [WARN]: [QRIS] Tidak ada transaksi terbaca dari API. Preview: 📤 Output: 0 dari 0 (filter: masuk) Tidak ada data mutasi.
2026-05-16T04:20:27.696Z [INFO]: [QRIS][user-7734149407-1778905030915] expected=9270 | transaksi(8)=10000@15/05/2026 18:33:30,10000@15/05/2026 11:28:07,10185@14/05/2026 20:47:33,10000@14/05/2026 12:42:21,3164@14/05/2026 12:13:56
2026-05-16T04:20:27.765Z [INFO]: [QRIS][user-7734149407-1778905208504] expected=10078 | transaksi(8)=10000@15/05/2026 18:33:30,10000@15/05/2026 11:28:07,10185@14/05/2026 20:47:33,10000@14/05/2026 12:42:21,3164@14/05/2026 12:13:56
2026-05-16T04:20:57.675Z [WARN]: [QRIS] Tidak ada transaksi terbaca dari API. Preview: 📤 Output: 0 dari 0 (filter: masuk) Tidak ada data mutasi.
2026-05-16T04:21:07.691Z [INFO]: [QRIS][user-7734149407-1778905030915] expected=9270 | transaksi(8)=10000@15/05/2026 18:33:30,10000@15/05/2026 11:28:07,10185@14/05/2026 20:47:33,10000@14/05/2026 12:42:21,3164@14/05/2026 12:13:56
2026-05-16T04:21:07.738Z [INFO]: [QRIS][user-7734149407-1778905208504] expected=10078 | transaksi(8)=10000@15/05/2026 18:33:30,10000@15/05/2026 11:28:07,10185@14/05/2026 20:47:33,10000@14/05/2026 12:42:21,3164@14/05/2026 12:13:56
2026-05-16T04:21:17.662Z [WARN]: [QRIS] Tidak ada transaksi terbaca dari API. Preview: 📤 Output: 0 dari 0 (filter: masuk) Tidak ada data mutasi.
2026-05-16T04:21:27.698Z [INFO]: [QRIS][user-7734149407-1778905030915] expected=9270 | transaksi(8)=10000@15/05/2026 18:33:30,10000@15/05/2026 11:28:07,10185@14/05/2026 20:47:33,10000@14/05/2026 12:42:21,3164@14/05/2026 12:13:56
2026-05-16T04:21:27.746Z [INFO]: [QRIS][user-7734149407-1778905208504] expected=10078 | transaksi(8)=10000@15/05/2026 18:33:30,10000@15/05/2026 11:28:07,10185@14/05/2026 20:47:33,10000@14/05/2026 12:42:21,3164@14/05/2026 12:13:56
2026-05-16T04:21:37.662Z [WARN]: [QRIS] Tidak ada transaksi terbaca dari API. Preview: 📤 Output: 0 dari 0 (filter: masuk) Tidak ada data mutasi.
2026-05-16T04:21:47.677Z [INFO]: [QRIS][user-7734149407-1778905030915] expected=9270 | transaksi(8)=10000@15/05/2026 18:33:30,10000@15/05/2026 11:28:07,10185@14/05/2026 20:47:33,10000@14/05/2026 12:42:21,3164@14/05/2026 12:13:56
2026-05-16T04:21:47.738Z [INFO]: [QRIS][user-7734149407-1778905208504] expected=10078 | transaksi(8)=10000@15/05/2026 18:33:30,10000@15/05/2026 11:28:07,10185@14/05/2026 20:47:33,10000@14/05/2026 12:42:21,3164@14/05/2026 12:13:56
2026-05-16T04:23:03.322Z [INFO]: Main menu sent
2026-05-16T04:23:05.543Z [INFO]: 🔍 User 7509946460 memulai proses top-up saldo.
2026-05-16T04:23:07.671Z [WARN]: [QRIS] Tidak ada transaksi terbaca dari API. Preview: 📤 Output: 0 dari 0 (filter: masuk) Tidak ada data mutasi.
2026-05-16T04:23:17.696Z [INFO]: [QRIS][user-7734149407-1778905208504] expected=10078 | transaksi(8)=10000@15/05/2026 18:33:30,10000@15/05/2026 11:28:07,10185@14/05/2026 20:47:33,10000@14/05/2026 12:42:21,3164@14/05/2026 12:13:56
2026-05-16T04:23:17.762Z [INFO]: [QRIS][user-7509946460-1778905392579] expected=40269 | transaksi(8)=10000@15/05/2026 18:33:30,10000@15/05/2026 11:28:07,10185@14/05/2026 20:47:33,10000@14/05/2026 12:42:21,3164@14/05/2026 12:13:56
2026-05-16T04:24:57.757Z [WARN]: [QRIS] Tidak ada transaksi terbaca dari API. Preview: 📤 Output: 0 dari 0 (filter: masuk) Tidak ada data mutasi.
2026-05-16T04:25:07.763Z [INFO]: [QRIS][user-7509946460-1778905392579] expected=40269 | transaksi(8)=10000@15/05/2026 18:33:30,10000@15/05/2026 11:28:07,10185@14/05/2026 20:47:33,10000@14/05/2026 12:42:21,3164@14/05/2026 12:13:56
2026-05-16T04:25:32.605Z [ERROR]: Error checking payment status for user-7509946460-1778905392579: timeout of 5000ms exceeded
2026-05-16T04:25:37.921Z [WARN]: [QRIS] Tidak ada transaksi terbaca dari API. Preview: 📤 Output: 0 dari 0 (filter: masuk) Tidak ada data mutasi.
2026-05-16T04:25:57.677Z [INFO]: [QRIS][user-7509946460-1778905392579] expected=40269 | transaksi(8)=10000@15/05/2026 18:33:30,10000@15/05/2026 11:28:07,10185@14/05/2026 20:47:33,10000@14/05/2026 12:42:21,3164@14/05/2026 12:13:56
2026-05-16T04:26:17.678Z [WARN]: [QRIS] Tidak ada transaksi terbaca dari API. Preview: 📤 Output: 0 dari 0 (filter: masuk) Tidak ada data mutasi.
2026-05-16T04:26:27.692Z [INFO]: [QRIS][user-7509946460-1778905392579] expected=40269 | transaksi(8)=10000@15/05/2026 18:33:30,10000@15/05/2026 11:28:07,10185@14/05/2026 20:47:33,10000@14/05/2026 12:42:21,3164@14/05/2026 12:13:56
2026-05-16T04:26:48.936Z [WARN]: [QRIS] Tidak ada transaksi terbaca dari API. Preview: 📤 Output: 0 dari 0 (filter: masuk) Tidak ada data mutasi.
2026-05-16T04:27:07.694Z [INFO]: [QRIS][user-7509946460-1778905392579] expected=40269 | transaksi(8)=10000@15/05/2026 18:33:30,10000@15/05/2026 11:28:07,10185@14/05/2026 20:47:33,10000@14/05/2026 12:42:21,3164@14/05/2026 12:13:56
2026-05-16T04:34:12.672Z [INFO]: 🧹 Tidak ada akun yang perlu dihapus malam ini.
2026-05-16T05:34:12.672Z [INFO]: 🧹 Tidak ada akun yang perlu dihapus malam ini.
2026-05-16T05:34:43.500Z [INFO]: Main menu sent
2026-05-16T05:34:49.064Z [INFO]: create service menu sent
2026-05-16T05:35:01.730Z [INFO]: Main menu sent
2026-05-16T05:35:04.066Z [INFO]: create service menu sent
2026-05-16T05:35:40.816Z [INFO]: Account create sukses user 5448438414, type: ssh
2026-05-16T06:15:22.231Z [INFO]: Main menu sent
2026-05-16T06:15:32.933Z [INFO]: create service menu sent
2026-05-16T06:34:12.675Z [INFO]: 🧹 Membersihkan 6 akun yang sudah expired > 24 jam.
2026-05-16T07:34:12.675Z [INFO]: 🧹 Tidak ada akun yang perlu dihapus malam ini.
2026-05-16T08:34:12.675Z [INFO]: 🧹 Tidak ada akun yang perlu dihapus malam ini.
2026-05-16T08:44:28.332Z [INFO]: create service menu sent
2026-05-16T09:34:12.676Z [INFO]: 🧹 Membersihkan 1 akun yang sudah expired > 24 jam.
2026-05-16T10:34:12.676Z [INFO]: 🧹 Membersihkan 1 akun yang sudah expired > 24 jam.
2026-05-16T11:05:28.638Z [INFO]: Main menu sent
2026-05-16T11:05:30.115Z [INFO]: create service menu sent
2026-05-16T11:05:42.237Z [INFO]: 🎁 Reward: User 7960158114 +2 Poin (29 hari)
2026-05-16T11:05:43.748Z [INFO]: Account create sukses user 7960158114, type: zivpn
2026-05-16T11:34:12.674Z [INFO]: 🧹 Tidak ada akun yang perlu dihapus malam ini.
2026-05-16T11:43:26.063Z [INFO]: Main menu sent
2026-05-16T11:43:27.461Z [INFO]: create service menu sent
2026-05-16T11:43:55.314Z [INFO]: 🎁 Reward: User 7960158114 +2 Poin (29 hari)
2026-05-16T11:43:56.817Z [INFO]: Account create sukses user 7960158114, type: zivpn
2026-05-16T12:05:22.719Z [INFO]: Main menu sent
2026-05-16T12:05:30.733Z [INFO]: 🔍 User 7570184058 memulai proses top-up saldo.
2026-05-16T12:05:31.121Z [INFO]: 🔍 Reseller 7570184058 diminta untuk memasukkan jumlah nominal saldo (keypad).
2026-05-16T12:05:48.497Z [INFO]: [QRIS][user-7570184058-1778933146493] expected=50086 | transaksi(8)=12000@16/05/2026 17:57:57,10000@15/05/2026 18:33:30,10000@15/05/2026 11:28:07,10185@14/05/2026 20:47:33,10000@14/05/2026 12:42:21
2026-05-16T12:06:18.678Z [WARN]: [QRIS] Tidak ada transaksi terbaca dari API. Preview: 📤 Output: 0 dari 0 (filter: masuk) Tidak ada data mutasi.
2026-05-16T12:06:28.457Z [INFO]: [QRIS][user-7570184058-1778933146493] expected=50086 | transaksi(8)=12000@16/05/2026 17:57:57,10000@15/05/2026 18:33:30,10000@15/05/2026 11:28:07,10185@14/05/2026 20:47:33,10000@14/05/2026 12:42:21
2026-05-16T12:06:38.421Z [WARN]: [QRIS] Tidak ada transaksi terbaca dari API. Preview: 📤 Output: 0 dari 0 (filter: masuk) Tidak ada data mutasi.
2026-05-16T12:06:48.440Z [INFO]: [QRIS][user-7570184058-1778933146493] expected=50086 | transaksi(8)=12000@16/05/2026 17:57:57,10000@15/05/2026 18:33:30,10000@15/05/2026 11:28:07,10185@14/05/2026 20:47:33,10000@14/05/2026 12:42:21
2026-05-16T12:06:58.423Z [WARN]: [QRIS] Tidak ada transaksi terbaca dari API. Preview: 📤 Output: 0 dari 0 (filter: masuk) Tidak ada data mutasi.
2026-05-16T12:07:08.420Z [INFO]: [QRIS][user-7570184058-1778933146493] expected=50086 | transaksi(8)=50086@16/05/2026 19:07:05,12000@16/05/2026 17:57:57,10000@15/05/2026 18:33:30,10000@15/05/2026 11:28:07,10185@14/05/2026 20:47:33
2026-05-16T12:07:09.529Z [INFO]: Payment processed successfully for user-7570184058-1778933146493
2026-05-16T12:08:34.047Z [INFO]: Main menu sent
2026-05-16T12:08:36.049Z [INFO]: create service menu sent
2026-05-16T12:09:10.200Z [INFO]: 🎁 Reward: User 7570184058 +2 Poin (31 hari)
2026-05-16T12:09:12.720Z [INFO]: Account create sukses user 7570184058, type: zivpn
2026-05-16T12:09:29.570Z [INFO]: 🎁 Reward: User 7570184058 +2 Poin (31 hari)
2026-05-16T12:09:30.683Z [INFO]: Account create sukses user 7570184058, type: zivpn
2026-05-16T12:09:52.485Z [INFO]: 🎁 Reward: User 7570184058 +2 Poin (31 hari)
2026-05-16T12:09:53.609Z [INFO]: Account create sukses user 7570184058, type: zivpn
2026-05-16T12:21:04.150Z [INFO]: Main menu sent
2026-05-16T12:34:12.674Z [INFO]: 🧹 Tidak ada akun yang perlu dihapus malam ini.
2026-05-16T13:00:16.751Z [INFO]: ⏰ Waktunya kirim notifikasi expired (20:00 WIB)
2026-05-16T13:00:22.923Z [INFO]: ✅ Sukses mengirim notifikasi expired ke 9 user.
2026-05-16T13:10:13.341Z [INFO]: Main menu sent
2026-05-16T13:10:14.742Z [INFO]: del service menu sent
2026-05-16T13:10:16.466Z [INFO]: Main menu sent
2026-05-16T13:10:18.267Z [INFO]: create service menu sent
2026-05-16T13:10:34.810Z [ERROR]: Transaksi gagal user 7960158114 (create): ❌  gagal membuat akun zivpn:
username akun sudah di gunakan
masukan username baru!
2026-05-16T13:10:49.928Z [INFO]: 🎁 Reward: User 7960158114 +2 Poin (29 hari)
2026-05-16T13:10:51.410Z [INFO]: Account create sukses user 7960158114, type: zivpn
2026-05-16T13:29:02.738Z [INFO]: Main menu sent
2026-05-16T13:34:12.675Z [INFO]: 🧹 Tidak ada akun yang perlu dihapus malam ini.
2026-05-16T13:34:16.107Z [WARN]: [BACKUP] Skip database.db karena file kosong (0 byte).
2026-05-16T13:34:16.107Z [INFO]: [BACKUP][Auto 24h] sent=3 missing=1 errors=0
2026-05-16T13:53:06.524Z [INFO]: Main menu sent
2026-05-16T14:34:12.676Z [INFO]: 🧹 Tidak ada akun yang perlu dihapus malam ini.
2026-05-16T14:36:37.361Z [INFO]: Main menu sent
2026-05-16T14:36:38.936Z [INFO]: create service menu sent
2026-05-16T14:36:59.666Z [INFO]: Account create sukses user 7612399455, type: zivpn
2026-05-16T14:58:22.499Z [INFO]: Main menu sent
2026-05-16T14:58:24.830Z [INFO]: trial service menu sent
2026-05-16T14:58:31.721Z [INFO]: ✅ Trial zivpn dibuat oleh 7381102145
2026-05-16T15:34:12.678Z [INFO]: 🧹 Membersihkan 1 akun yang sudah expired > 24 jam.
2026-05-16T16:34:12.677Z [INFO]: 🧹 Membersihkan 1 akun yang sudah expired > 24 jam.
2026-05-16T17:34:12.676Z [INFO]: 🧹 Tidak ada akun yang perlu dihapus malam ini.
2026-05-16T17:59:43.773Z [INFO]: Main menu sent
2026-05-16T18:34:12.681Z [INFO]: 🧹 Membersihkan 1 akun yang sudah expired > 24 jam.
2026-05-16T19:34:12.676Z [INFO]: 🧹 Tidak ada akun yang perlu dihapus malam ini.
2026-05-16T20:34:12.676Z [INFO]: 🧹 Tidak ada akun yang perlu dihapus malam ini.
2026-05-16T21:34:12.678Z [INFO]: 🧹 Tidak ada akun yang perlu dihapus malam ini.
2026-05-16T21:41:16.351Z [INFO]: Main menu sent
2026-05-16T21:41:18.468Z [INFO]: create service menu sent
2026-05-16T21:41:39.283Z [INFO]: 🎁 Reward: User 7570184058 +2 Poin (31 hari)
2026-05-16T21:41:40.774Z [INFO]: Account create sukses user 7570184058, type: zivpn
2026-05-16T21:42:03.726Z [INFO]: 🎁 Reward: User 7570184058 +2 Poin (31 hari)
2026-05-16T21:42:04.846Z [INFO]: Account create sukses user 7570184058, type: zivpn
2026-05-16T22:34:12.678Z [INFO]: 🧹 Tidak ada akun yang perlu dihapus malam ini.
2026-05-16T23:34:12.678Z [INFO]: 🧹 Tidak ada akun yang perlu dihapus malam ini.
2026-05-16T23:43:53.886Z [INFO]: Main menu sent
2026-05-17T00:34:12.679Z [INFO]: 🧹 Tidak ada akun yang perlu dihapus malam ini.
2026-05-17T01:29:31.200Z [INFO]: Main menu sent
2026-05-17T01:29:40.002Z [INFO]: create service menu sent
2026-05-17T01:34:12.679Z [INFO]: 🧹 Tidak ada akun yang perlu dihapus malam ini.
2026-05-17T02:26:51.585Z [INFO]: Main menu sent
2026-05-17T02:26:56.708Z [INFO]: create service menu sent
2026-05-17T02:27:34.542Z [INFO]: 🎁 Reward: User 8461801575 +2 Poin (27 hari)
2026-05-17T02:27:35.987Z [INFO]: Account create sukses user 8461801575, type: zivpn
2026-05-17T02:34:12.680Z [INFO]: 🧹 Tidak ada akun yang perlu dihapus malam ini.
2026-05-17T03:34:12.679Z [INFO]: 🧹 Tidak ada akun yang perlu dihapus malam ini.
2026-05-17T03:57:05.487Z [INFO]: Main menu sent
2026-05-17T04:34:12.680Z [INFO]: 🧹 Membersihkan 1 akun yang sudah expired > 24 jam.
2026-05-17T04:55:50.498Z [INFO]: Main menu sent
2026-05-17T04:55:56.640Z [INFO]: Main menu sent
2026-05-17T05:14:38.977Z [INFO]: Main menu sent
2026-05-17T05:14:41.258Z [INFO]: create service menu sent
2026-05-17T05:14:57.194Z [INFO]: 🎁 Reward: User 7960158114 +2 Poin (29 hari)
2026-05-17T05:14:58.645Z [INFO]: Account create sukses user 7960158114, type: zivpn
2026-05-17T05:34:12.681Z [INFO]: 🧹 Membersihkan 3 akun yang sudah expired > 24 jam.
2026-05-17T06:33:15.490Z [INFO]: Main menu sent
2026-05-17T06:33:31.051Z [INFO]: create service menu sent
2026-05-17T06:33:36.038Z [INFO]: Main menu sent
2026-05-17T06:34:12.681Z [INFO]: 🧹 Membersihkan 2 akun yang sudah expired > 24 jam.
2026-05-17T07:03:50.502Z [INFO]: Main menu sent
2026-05-17T07:03:58.152Z [INFO]: create service menu sent
2026-05-17T07:04:47.483Z [INFO]: Account create sukses user 7612399455, type: zivpn
2026-05-17T07:34:12.679Z [INFO]: 🧹 Tidak ada akun yang perlu dihapus malam ini.
2026-05-17T08:08:11.514Z [INFO]: Main menu sent
2026-05-17T08:08:14.065Z [INFO]: create service menu sent
2026-05-17T08:08:33.435Z [INFO]: Account create sukses user 7570184058, type: zivpn
2026-05-17T08:34:12.679Z [INFO]: 🧹 Tidak ada akun yang perlu dihapus malam ini.
2026-05-17T09:25:28.788Z [INFO]: Main menu sent
2026-05-17T09:25:30.095Z [INFO]: create service menu sent
2026-05-17T09:25:42.973Z [ERROR]: Transaksi gagal user 7960158114 (create): ❌  gagal membuat akun zivpn:
username akun sudah di gunakan
masukan username baru!
2026-05-17T09:26:21.499Z [INFO]: 🎁 Reward: User 7960158114 +2 Poin (29 hari)
2026-05-17T09:26:23.019Z [INFO]: Account create sukses user 7960158114, type: zivpn
2026-05-17T09:34:12.680Z [INFO]: 🧹 Membersihkan 1 akun yang sudah expired > 24 jam.
2026-05-17T10:33:05.119Z [INFO]: 🔍 User 8138423961 memulai proses top-up saldo.
2026-05-17T10:33:42.099Z [INFO]: [QRIS][user-8138423961-1779014010259] expected=6784 | transaksi(9)=12000@17/05/2026 12:06:43,10000@17/05/2026 09:25:57,50086@16/05/2026 19:07:05,12000@16/05/2026 17:57:57,10000@15/05/2026 18:33:30
2026-05-17T10:34:12.679Z [INFO]: 🧹 Tidak ada akun yang perlu dihapus malam ini.
2026-05-17T10:34:40.703Z [WARN]: [QRIS] Tidak ada transaksi terbaca dari API. Preview: 📤 Output: 0 dari 0 (filter: masuk) Tidak ada data mutasi.
2026-05-17T10:35:00.907Z [INFO]: [QRIS][user-8138423961-1779014010259] expected=6784 | transaksi(9)=6784@17/05/2026 17:34:41,12000@17/05/2026 12:06:43,10000@17/05/2026 09:25:57,50086@16/05/2026 19:07:05,12000@16/05/2026 17:57:57
2026-05-17T10:35:01.975Z [INFO]: Payment processed successfully for user-8138423961-1779014010259
2026-05-17T10:35:24.101Z [INFO]: Main menu sent
2026-05-17T10:35:26.572Z [INFO]: create service menu sent
2026-05-17T10:36:29.832Z [ERROR]: Transaksi gagal user 8138423961 (create): ❌  gagal membuat akun zivpn:
username akun sudah di gunakan
masukan username baru!
2026-05-17T10:37:24.141Z [INFO]: Account create sukses user 8138423961, type: zivpn
2026-05-17T11:08:20.453Z [INFO]: Main menu sent
2026-05-17T11:08:32.722Z [INFO]: create service menu sent
2026-05-17T11:14:45.664Z [INFO]: Main menu sent
2026-05-17T11:34:12.679Z [INFO]: 🧹 Tidak ada akun yang perlu dihapus malam ini.
2026-05-17T11:35:39.269Z [INFO]: 🔍 User 8138423961 memulai proses top-up saldo.
2026-05-17T11:35:39.443Z [ERROR]: Gagal deleteMessage di topup_saldo: 400: Bad Request: message can't be deleted for everyone
2026-05-17T12:06:53.486Z [INFO]: Main menu sent
2026-05-17T12:07:02.581Z [INFO]: create service menu sent
2026-05-17T12:34:12.679Z [INFO]: 🧹 Tidak ada akun yang perlu dihapus malam ini.
2026-05-17T13:00:17.123Z [INFO]: ⏰ Waktunya kirim notifikasi expired (20:00 WIB)
2026-05-17T13:00:20.486Z [INFO]: ✅ Sukses mengirim notifikasi expired ke 5 user.
2026-05-17T13:34:12.681Z [INFO]: 🧹 Membersihkan 4 akun yang sudah expired > 24 jam.
2026-05-17T13:34:17.244Z [WARN]: [BACKUP] Skip database.db karena file kosong (0 byte).
2026-05-17T13:34:17.244Z [INFO]: [BACKUP][Auto 24h] sent=3 missing=1 errors=0
2026-05-17T14:24:44.189Z [INFO]: Main menu sent
2026-05-17T14:24:47.940Z [INFO]: create service menu sent
2026-05-17T14:25:21.062Z [INFO]: Account create sukses user 7381102145, type: zivpn
2026-05-17T14:25:47.463Z [INFO]: Main menu sent
2026-05-17T14:26:04.556Z [INFO]: 🔍 User 6982541967 memulai proses top-up saldo.
2026-05-17T14:26:04.735Z [ERROR]: Gagal deleteMessage di topup_saldo: 400: Bad Request: message can't be deleted for everyone
2026-05-17T14:26:21.160Z [INFO]: [QRIS][user-6982541967-1779027975528] expected=6011 | transaksi(9)=6784@17/05/2026 17:34:41,12000@17/05/2026 12:06:43,10000@17/05/2026 09:25:57,50086@16/05/2026 19:07:05,12000@16/05/2026 17:57:57
2026-05-17T14:26:31.041Z [WARN]: [QRIS] Tidak ada transaksi terbaca dari API. Preview: 📤 Output: 0 dari 0 (filter: masuk) Tidak ada data mutasi.
2026-05-17T14:28:10.986Z [INFO]: create service menu sent
2026-05-17T14:29:41.098Z [INFO]: [QRIS][user-6982541967-1779027975528] expected=6011 | transaksi(9)=6011@17/05/2026 21:26:56,6784@17/05/2026 17:34:41,12000@17/05/2026 12:06:43,10000@17/05/2026 09:25:57,50086@16/05/2026 19:07:05
2026-05-17T14:29:41.798Z [INFO]: Payment processed successfully for user-6982541967-1779027975528
2026-05-17T14:30:18.130Z [INFO]: Main menu sent
2026-05-17T14:30:30.550Z [INFO]: Main menu sent
2026-05-17T14:30:32.853Z [INFO]: 🔍 User 6982541967 memulai proses top-up saldo.
2026-05-17T14:30:33.034Z [ERROR]: Gagal deleteMessage di topup_saldo: 400: Bad Request: message can't be deleted for everyone
2026-05-17T14:30:40.160Z [INFO]: Main menu sent
2026-05-17T14:30:44.063Z [INFO]: create service menu sent
2026-05-17T14:31:31.083Z [INFO]: Account create sukses user 6982541967, type: zivpn
2026-05-17T14:32:11.811Z [INFO]: create service menu sent
2026-05-17T14:32:46.341Z [INFO]: Main menu sent
2026-05-17T14:34:12.682Z [INFO]: 🧹 Membersihkan 1 akun yang sudah expired > 24 jam.
2026-05-17T14:38:24.911Z [INFO]: create service menu sent
2026-05-17T15:32:37.276Z [INFO]: Main menu sent
2026-05-17T15:32:45.720Z [INFO]: create service menu sent
2026-05-17T15:33:17.570Z [ERROR]: Transaksi gagal user 8029465743 (create): ❌  gagal membuat akun zivpn:
username akun sudah di gunakan
masukan username baru!
2026-05-17T15:33:50.288Z [INFO]: Account create sukses user 8029465743, type: zivpn
2026-05-17T15:34:12.682Z [INFO]: 🧹 Membersihkan 2 akun yang sudah expired > 24 jam.
2026-05-17T15:46:54.640Z [INFO]: Main menu sent
2026-05-17T15:47:00.601Z [INFO]: create service menu sent
2026-05-17T16:24:11.390Z [INFO]: [QRIS][user-8138423961-1779035044188] expected=6186 | transaksi(9)=6011@17/05/2026 21:26:56,6784@17/05/2026 17:34:41,12000@17/05/2026 12:06:43,10000@17/05/2026 09:25:57,50086@16/05/2026 19:07:05
2026-05-17T16:24:21.248Z [WARN]: [QRIS] Tidak ada transaksi terbaca dari API. Preview: 📤 Output: 0 dari 0 (filter: masuk) Tidak ada data mutasi.
2026-05-17T16:25:01.290Z [INFO]: [QRIS][user-8138423961-1779035044188] expected=6186 | transaksi(9)=6011@17/05/2026 21:26:56,6784@17/05/2026 17:34:41,12000@17/05/2026 12:06:43,10000@17/05/2026 09:25:57,50086@16/05/2026 19:07:05
2026-05-17T16:25:41.224Z [WARN]: [QRIS] Tidak ada transaksi terbaca dari API. Preview: 📤 Output: 0 dari 0 (filter: masuk) Tidak ada data mutasi.
2026-05-17T16:25:51.264Z [INFO]: [QRIS][user-8138423961-1779035044188] expected=6186 | transaksi(9)=6011@17/05/2026 21:26:56,6784@17/05/2026 17:34:41,12000@17/05/2026 12:06:43,10000@17/05/2026 09:25:57,50086@16/05/2026 19:07:05
2026-05-17T16:26:01.226Z [WARN]: [QRIS] Tidak ada transaksi terbaca dari API. Preview: 📤 Output: 0 dari 0 (filter: masuk) Tidak ada data mutasi.
2026-05-17T16:26:11.225Z [INFO]: [QRIS][user-8138423961-1779035044188] expected=6186 | transaksi(9)=6011@17/05/2026 21:26:56,6784@17/05/2026 17:34:41,12000@17/05/2026 12:06:43,10000@17/05/2026 09:25:57,50086@16/05/2026 19:07:05
2026-05-17T16:26:17.663Z [INFO]: Main menu sent
2026-05-17T16:26:33.303Z [INFO]: 🔍 User 8138423961 memulai proses top-up saldo.
2026-05-17T16:26:51.237Z [WARN]: [QRIS] Tidak ada transaksi terbaca dari API. Preview: 📤 Output: 0 dari 0 (filter: masuk) Tidak ada data mutasi.
2026-05-17T16:27:01.215Z [INFO]: [QRIS][user-8138423961-1779035044188] expected=6186 | transaksi(9)=6011@17/05/2026 21:26:56,6784@17/05/2026 17:34:41,12000@17/05/2026 12:06:43,10000@17/05/2026 09:25:57,50086@16/05/2026 19:07:05
2026-05-17T16:27:01.254Z [INFO]: [QRIS][user-8138423961-1779035203662] expected=6255 | transaksi(9)=6011@17/05/2026 21:26:56,6784@17/05/2026 17:34:41,12000@17/05/2026 12:06:43,10000@17/05/2026 09:25:57,50086@16/05/2026 19:07:05
2026-05-17T16:27:11.380Z [WARN]: [QRIS] Tidak ada transaksi terbaca dari API. Preview: 📤 Output: 0 dari 0 (filter: masuk) Tidak ada data mutasi.
2026-05-17T16:27:41.226Z [INFO]: [QRIS][user-8138423961-1779035044188] expected=6186 | transaksi(9)=6011@17/05/2026 21:26:56,6784@17/05/2026 17:34:41,12000@17/05/2026 12:06:43,10000@17/05/2026 09:25:57,50086@16/05/2026 19:07:05
2026-05-17T16:27:41.300Z [INFO]: [QRIS][user-8138423961-1779035203662] expected=6255 | transaksi(9)=6011@17/05/2026 21:26:56,6784@17/05/2026 17:34:41,12000@17/05/2026 12:06:43,10000@17/05/2026 09:25:57,50086@16/05/2026 19:07:05
2026-05-17T16:27:51.503Z [WARN]: [QRIS] Tidak ada transaksi terbaca dari API. Preview: 📤 Output: 0 dari 0 (filter: masuk) Tidak ada data mutasi.
2026-05-17T16:28:01.251Z [INFO]: [QRIS][user-8138423961-1779035044188] expected=6186 | transaksi(9)=6011@17/05/2026 21:26:56,6784@17/05/2026 17:34:41,12000@17/05/2026 12:06:43,10000@17/05/2026 09:25:57,50086@16/05/2026 19:07:05
2026-05-17T16:28:01.336Z [INFO]: [QRIS][user-8138423961-1779035203662] expected=6255 | transaksi(9)=6011@17/05/2026 21:26:56,6784@17/05/2026 17:34:41,12000@17/05/2026 12:06:43,10000@17/05/2026 09:25:57,50086@16/05/2026 19:07:05
2026-05-17T16:28:11.241Z [WARN]: [QRIS] Tidak ada transaksi terbaca dari API. Preview: 📤 Output: 0 dari 0 (filter: masuk) Tidak ada data mutasi.
2026-05-17T16:28:31.259Z [INFO]: [QRIS][user-8138423961-1779035044188] expected=6186 | transaksi(9)=6011@17/05/2026 21:26:56,6784@17/05/2026 17:34:41,12000@17/05/2026 12:06:43,10000@17/05/2026 09:25:57,50086@16/05/2026 19:07:05
2026-05-17T16:28:31.338Z [INFO]: [QRIS][user-8138423961-1779035203662] expected=6255 | transaksi(9)=6011@17/05/2026 21:26:56,6784@17/05/2026 17:34:41,12000@17/05/2026 12:06:43,10000@17/05/2026 09:25:57,50086@16/05/2026 19:07:05
2026-05-17T16:29:51.232Z [WARN]: [QRIS] Tidak ada transaksi terbaca dari API. Preview: 📤 Output: 0 dari 0 (filter: masuk) Tidak ada data mutasi.
2026-05-17T16:31:01.258Z [INFO]: [QRIS][user-8138423961-1779035203662] expected=6255 | transaksi(9)=6011@17/05/2026 21:26:56,6784@17/05/2026 17:34:41,12000@17/05/2026 12:06:43,10000@17/05/2026 09:25:57,50086@16/05/2026 19:07:05
2026-05-17T16:31:11.242Z [WARN]: [QRIS] Tidak ada transaksi terbaca dari API. Preview: 📤 Output: 0 dari 0 (filter: masuk) Tidak ada data mutasi.
2026-05-17T16:32:57.124Z [INFO]: Main menu sent
2026-05-17T16:32:59.198Z [INFO]: 🔍 User 8138423961 memulai proses top-up saldo.
2026-05-17T16:33:11.300Z [INFO]: [QRIS][user-8138423961-1779035586162] expected=6119 | transaksi(9)=6011@17/05/2026 21:26:56,6784@17/05/2026 17:34:41,12000@17/05/2026 12:06:43,10000@17/05/2026 09:25:57,50086@16/05/2026 19:07:05
2026-05-17T16:33:41.239Z [WARN]: [QRIS] Tidak ada transaksi terbaca dari API. Preview: 📤 Output: 0 dari 0 (filter: masuk) Tidak ada data mutasi.
2026-05-17T16:33:51.229Z [INFO]: [QRIS][user-8138423961-1779035586162] expected=6119 | transaksi(9)=6255@17/05/2026 23:33:41,6011@17/05/2026 21:26:56,6784@17/05/2026 17:34:41,12000@17/05/2026 12:06:43,10000@17/05/2026 09:25:57
2026-05-17T16:34:01.269Z [WARN]: [QRIS] Tidak ada transaksi terbaca dari API. Preview: 📤 Output: 0 dari 0 (filter: masuk) Tidak ada data mutasi.
2026-05-17T16:34:09.104Z [INFO]: Main menu sent
2026-05-17T16:34:10.566Z [INFO]: create service menu sent
2026-05-17T16:34:12.682Z [INFO]: 🧹 Membersihkan 1 akun yang sudah expired > 24 jam.
2026-05-17T16:34:16.369Z [INFO]: Main menu sent
2026-05-17T16:34:18.085Z [INFO]: create service menu sent
2026-05-17T16:34:21.315Z [INFO]: [QRIS][user-8138423961-1779035586162] expected=6119 | transaksi(9)=6255@17/05/2026 23:33:41,6011@17/05/2026 21:26:56,6784@17/05/2026 17:34:41,12000@17/05/2026 12:06:43,10000@17/05/2026 09:25:57
2026-05-17T16:34:31.249Z [WARN]: [QRIS] Tidak ada transaksi terbaca dari API. Preview: 📤 Output: 0 dari 0 (filter: masuk) Tidak ada data mutasi.
2026-05-17T16:34:32.101Z [INFO]: 🎁 Reward: User 7960158114 +2 Poin (29 hari)
2026-05-17T16:34:33.205Z [INFO]: Account create sukses user 7960158114, type: zivpn
2026-05-17T16:35:01.311Z [INFO]: [QRIS][user-8138423961-1779035586162] expected=6119 | transaksi(9)=6255@17/05/2026 23:33:41,6011@17/05/2026 21:26:56,6784@17/05/2026 17:34:41,12000@17/05/2026 12:06:43,10000@17/05/2026 09:25:57
2026-05-17T16:35:21.265Z [WARN]: [QRIS] Tidak ada transaksi terbaca dari API. Preview: 📤 Output: 0 dari 0 (filter: masuk) Tidak ada data mutasi.
2026-05-17T16:35:31.275Z [INFO]: [QRIS][user-8138423961-1779035586162] expected=6119 | transaksi(9)=6255@17/05/2026 23:33:41,6011@17/05/2026 21:26:56,6784@17/05/2026 17:34:41,12000@17/05/2026 12:06:43,10000@17/05/2026 09:25:57
2026-05-17T16:35:41.253Z [WARN]: [QRIS] Tidak ada transaksi terbaca dari API. Preview: 📤 Output: 0 dari 0 (filter: masuk) Tidak ada data mutasi.
2026-05-17T16:36:01.277Z [INFO]: [QRIS][user-8138423961-1779035586162] expected=6119 | transaksi(9)=6255@17/05/2026 23:33:41,6011@17/05/2026 21:26:56,6784@17/05/2026 17:34:41,12000@17/05/2026 12:06:43,10000@17/05/2026 09:25:57
2026-05-17T16:36:11.428Z [WARN]: [QRIS] Tidak ada transaksi terbaca dari API. Preview: 📤 Output: 0 dari 0 (filter: masuk) Tidak ada data mutasi.
2026-05-17T16:36:41.352Z [INFO]: [QRIS][user-8138423961-1779035586162] expected=6119 | transaksi(9)=6255@17/05/2026 23:33:41,6011@17/05/2026 21:26:56,6784@17/05/2026 17:34:41,12000@17/05/2026 12:06:43,10000@17/05/2026 09:25:57
2026-05-17T16:37:31.477Z [WARN]: [QRIS] Tidak ada transaksi terbaca dari API. Preview: 📤 Output: 0 dari 0 (filter: masuk) Tidak ada data mutasi.
2026-05-17T16:37:41.292Z [INFO]: [QRIS][user-8138423961-1779035586162] expected=6119 | transaksi(9)=6255@17/05/2026 23:33:41,6011@17/05/2026 21:26:56,6784@17/05/2026 17:34:41,12000@17/05/2026 12:06:43,10000@17/05/2026 09:25:57
2026-05-17T16:37:51.300Z [WARN]: [QRIS] Tidak ada transaksi terbaca dari API. Preview: 📤 Output: 0 dari 0 (filter: masuk) Tidak ada data mutasi.
2026-05-17T16:45:17.918Z [INFO]: Admin menu requested
2026-05-17T16:45:18.472Z [INFO]: Admin menu sent as new message
2026-05-17T16:45:22.906Z [INFO]: Admin 7768199065 mengecek saldo user 8138423961: Rp1410
2026-05-17T16:45:25.778Z [INFO]: Add saldo user process started (manual input ID)
2026-05-17T16:45:33.240Z [INFO]: Admin 7768199065 menambah saldo Rp6000 ke user 8138423961 (Saldo akhir: Rp7410).
2026-05-17T16:46:08.874Z [INFO]: Main menu sent
2026-05-17T16:46:10.401Z [INFO]: create service menu sent
2026-05-17T16:46:37.808Z [INFO]: Account create sukses user 8138423961, type: zivpn
2026-05-17T17:34:12.681Z [INFO]: 🧹 Tidak ada akun yang perlu dihapus malam ini.
2026-05-17T18:34:12.682Z [INFO]: 🧹 Membersihkan 1 akun yang sudah expired > 24 jam.
2026-05-17T19:04:24.563Z [INFO]: Main menu sent
2026-05-17T19:04:39.341Z [INFO]: create service menu sent
2026-05-17T19:05:07.699Z [INFO]: Main menu sent
2026-05-17T19:34:12.683Z [INFO]: 🧹 Tidak ada akun yang perlu dihapus malam ini.
2026-05-17T20:34:12.683Z [INFO]: 🧹 Tidak ada akun yang perlu dihapus malam ini.
2026-05-17T21:34:12.684Z [INFO]: 🧹 Membersihkan 1 akun yang sudah expired > 24 jam.
2026-05-18T00:29:31.442Z [INFO]: Main menu sent
2026-05-18T00:29:36.802Z [INFO]: 🔍 User 7612399455 memulai proses top-up saldo.
2026-05-18T00:29:49.847Z [INFO]: [QRIS][user-7612399455-1779064182934] expected=30231 | transaksi(9)=6255@17/05/2026 23:33:41,6011@17/05/2026 21:26:56,6784@17/05/2026 17:34:41,12000@17/05/2026 12:06:43,10000@17/05/2026 09:25:57
2026-05-18T00:30:19.673Z [INFO]: [QRIS][user-7612399455-1779064182934] expected=30231 | transaksi(9)=30231@18/05/2026 07:30:18,6255@17/05/2026 23:33:41,6011@17/05/2026 21:26:56,6784@17/05/2026 17:34:41,12000@17/05/2026 12:06:43
2026-05-18T00:30:20.386Z [INFO]: Payment processed successfully for user-7612399455-1779064182934
2026-05-18T00:30:46.445Z [INFO]: Main menu sent
2026-05-18T00:30:48.263Z [INFO]: 🔍 User 7612399455 memulai proses top-up saldo.
2026-05-18T00:30:51.841Z [INFO]: Main menu sent
2026-05-18T00:30:53.751Z [INFO]: create service menu sent
2026-05-18T00:31:35.253Z [INFO]: Account create sukses user 7612399455, type: zivpn
2026-05-18T00:39:28.243Z [INFO]: Main menu sent
2026-05-18T00:42:03.379Z [INFO]: Main menu sent
2026-05-18T00:43:23.936Z [INFO]: create service menu sent
2026-05-18T00:45:03.768Z [INFO]: create service menu sent
2026-05-18T00:45:27.990Z [INFO]: Main menu sent
2026-05-18T00:45:41.022Z [INFO]: create service menu sent
2026-05-18T00:45:59.911Z [INFO]: Main menu sent
2026-05-18T00:46:01.870Z [INFO]: create service menu sent
2026-05-18T00:47:02.018Z [INFO]: Main menu sent
2026-05-18T00:47:04.820Z [INFO]: 🔍 User 8661692560 memulai proses top-up saldo.
2026-05-18T00:47:19.854Z [INFO]: [QRIS][user-8661692560-1779065236117] expected=6050 | transaksi(9)=30231@18/05/2026 07:30:18,6255@17/05/2026 23:33:41,6011@17/05/2026 21:26:56,6784@17/05/2026 17:34:41,12000@17/05/2026 12:06:43
2026-05-18T00:48:19.666Z [INFO]: [QRIS][user-8661692560-1779065236117] expected=6050 | transaksi(9)=6050@18/05/2026 07:48:09,30231@18/05/2026 07:30:18,6255@17/05/2026 23:33:41,6011@17/05/2026 21:26:56,6784@17/05/2026 17:34:41
2026-05-18T00:48:20.388Z [INFO]: Payment processed successfully for user-8661692560-1779065236117
2026-05-18T00:48:24.725Z [INFO]: Main menu sent
2026-05-18T00:48:27.117Z [INFO]: create service menu sent
2026-05-18T00:49:08.841Z [INFO]: Account create sukses user 8661692560, type: zivpn
2026-05-18T01:01:56.837Z [INFO]: 🧹 Membersihkan 1 akun yang sudah expired > 24 jam.
2026-05-18T02:01:56.836Z [INFO]: 🧹 Tidak ada akun yang perlu dihapus malam ini.
2026-05-18T02:09:31.343Z [INFO]: Main menu sent
2026-05-18T02:10:46.064Z [INFO]: create service menu sent
2026-05-18T02:12:49.165Z [INFO]: Main menu sent
2026-05-18T02:13:01.585Z [INFO]: create service menu sent
2026-05-18T02:13:39.788Z [INFO]: Main menu sent
2026-05-18T02:13:41.863Z [INFO]: 🔍 User 7066604516 memulai proses top-up saldo.
2026-05-18T02:14:00.206Z [INFO]: [QRIS][user-7066604516-1779070437885] expected=2252 | transaksi(9)=6050@18/05/2026 07:48:09,30231@18/05/2026 07:30:18,6255@17/05/2026 23:33:41,6011@17/05/2026 21:26:56,6784@17/05/2026 17:34:41
2026-05-18T02:14:10.102Z [WARN]: [QRIS] Tidak ada transaksi terbaca dari API. Preview: 📤 Output: 0 dari 0 (filter: masuk) Tidak ada data mutasi.
2026-05-18T02:14:29.873Z [INFO]: [QRIS][user-7066604516-1779070437885] expected=2252 | transaksi(9)=6050@18/05/2026 07:48:09,30231@18/05/2026 07:30:18,6255@17/05/2026 23:33:41,6011@17/05/2026 21:26:56,6784@17/05/2026 17:34:41
2026-05-18T02:14:39.834Z [WARN]: [QRIS] Tidak ada transaksi terbaca dari API. Preview: 📤 Output: 0 dari 0 (filter: masuk) Tidak ada data mutasi.
2026-05-18T02:14:49.846Z [INFO]: [QRIS][user-7066604516-1779070437885] expected=2252 | transaksi(9)=6050@18/05/2026 07:48:09,30231@18/05/2026 07:30:18,6255@17/05/2026 23:33:41,6011@17/05/2026 21:26:56,6784@17/05/2026 17:34:41
2026-05-18T02:15:50.081Z [WARN]: [QRIS] Tidak ada transaksi terbaca dari API. Preview: 📤 Output: 0 dari 0 (filter: masuk) Tidak ada data mutasi.
2026-05-18T02:15:59.886Z [INFO]: [QRIS][user-7066604516-1779070437885] expected=2252 | transaksi(9)=6050@18/05/2026 07:48:09,30231@18/05/2026 07:30:18,6255@17/05/2026 23:33:41,6011@17/05/2026 21:26:56,6784@17/05/2026 17:34:41
2026-05-18T02:17:19.846Z [WARN]: [QRIS] Tidak ada transaksi terbaca dari API. Preview: 📤 Output: 0 dari 0 (filter: masuk) Tidak ada data mutasi.
2026-05-18T02:17:29.864Z [INFO]: [QRIS][user-7066604516-1779070437885] expected=2252 | transaksi(9)=6050@18/05/2026 07:48:09,30231@18/05/2026 07:30:18,6255@17/05/2026 23:33:41,6011@17/05/2026 21:26:56,6784@17/05/2026 17:34:41
2026-05-18T02:18:19.837Z [WARN]: [QRIS] Tidak ada transaksi terbaca dari API. Preview: 📤 Output: 0 dari 0 (filter: masuk) Tidak ada data mutasi.
2026-05-18T02:18:29.864Z [INFO]: [QRIS][user-7066604516-1779070437885] expected=2252 | transaksi(9)=6050@18/05/2026 07:48:09,30231@18/05/2026 07:30:18,6255@17/05/2026 23:33:41,6011@17/05/2026 21:26:56,6784@17/05/2026 17:34:41
2026-05-18T02:19:46.572Z [INFO]: Main menu sent
2026-05-18T02:20:30.572Z [INFO]: Main menu sent
2026-05-18T02:35:39.963Z [INFO]: Main menu sent
2026-05-18T02:35:51.343Z [INFO]: renew service menu sent
2026-05-18T02:35:59.448Z [INFO]: Main menu sent
2026-05-18T03:01:56.836Z [INFO]: 🧹 Tidak ada akun yang perlu dihapus malam ini.
2026-05-18T03:19:26.847Z [INFO]: Main menu sent
2026-05-18T03:34:01.288Z [INFO]: Main menu sent
2026-05-18T04:01:56.838Z [INFO]: 🧹 Membersihkan 1 akun yang sudah expired > 24 jam.
2026-05-18T05:01:56.837Z [INFO]: 🧹 Tidak ada akun yang perlu dihapus malam ini.
2026-05-18T05:23:26.607Z [INFO]: Main menu sent
2026-05-18T05:23:28.635Z [INFO]: create service menu sent
2026-05-18T05:23:59.022Z [INFO]: Account create sukses user 7570184058, type: zivpn
2026-05-18T06:01:56.839Z [INFO]: 🧹 Membersihkan 1 akun yang sudah expired > 24 jam.
2026-05-18T06:41:36.545Z [INFO]: Main menu sent
2026-05-18T06:41:40.338Z [INFO]: 🔍 User 7066604516 memulai proses top-up saldo.
2026-05-18T06:42:12.402Z [INFO]: [QRIS][user-7066604516-1779086521048] expected=3014 | transaksi(9)=6050@18/05/2026 07:48:09,30231@18/05/2026 07:30:18,6255@17/05/2026 23:33:41,6011@17/05/2026 21:26:56,6784@17/05/2026 17:34:41
2026-05-18T06:43:00.343Z [WARN]: [QRIS] Tidak ada transaksi terbaca dari API. Preview: 📤 Output: 0 dari 0 (filter: masuk) Tidak ada data mutasi.
2026-05-18T06:43:11.429Z [INFO]: [QRIS][user-7066604516-1779086521048] expected=3014 | transaksi(9)=6050@18/05/2026 07:48:09,30231@18/05/2026 07:30:18,6255@17/05/2026 23:33:41,6011@17/05/2026 21:26:56,6784@17/05/2026 17:34:41
2026-05-18T06:43:20.423Z [WARN]: [QRIS] Tidak ada transaksi terbaca dari API. Preview: 📤 Output: 0 dari 0 (filter: masuk) Tidak ada data mutasi.
2026-05-18T06:43:30.626Z [INFO]: [QRIS][user-7066604516-1779086521048] expected=3014 | transaksi(9)=6050@18/05/2026 07:48:09,30231@18/05/2026 07:30:18,6255@17/05/2026 23:33:41,6011@17/05/2026 21:26:56,6784@17/05/2026 17:34:41
2026-05-18T06:43:40.344Z [WARN]: [QRIS] Tidak ada transaksi terbaca dari API. Preview: 📤 Output: 0 dari 0 (filter: masuk) Tidak ada data mutasi.
2026-05-18T06:44:21.789Z [INFO]: [QRIS][user-7066604516-1779086521048] expected=3014 | transaksi(10)=3014@18/05/2026 13:44:15,6050@18/05/2026 07:48:09,30231@18/05/2026 07:30:18,6255@17/05/2026 23:33:41,6011@17/05/2026 21:26:56
2026-05-18T06:44:22.895Z [INFO]: Payment processed successfully for user-7066604516-1779086521048
2026-05-18T06:44:38.800Z [INFO]: Main menu sent
2026-05-18T06:44:42.639Z [INFO]: create service menu sent
2026-05-18T06:44:59.323Z [INFO]: Main menu sent
2026-05-18T06:45:01.311Z [INFO]: trial service menu sent
2026-05-18T06:45:11.521Z [INFO]: ✅ Trial zivpn dibuat oleh 7066604516
2026-05-18T06:46:40.963Z [ERROR]: Error saat memulai bot:
2026-05-18T06:46:40.964Z [INFO]: 🔄 Mencoba menyalakan ulang koneksi Telegram dalam 10 detik...
2026-05-18T06:47:56.854Z [INFO]: Main menu sent
2026-05-18T06:48:20.401Z [INFO]: create service menu sent
2026-05-18T06:51:10.837Z [ERROR]: Transaksi gagal user 7066604516 (create): ❌  response server tidak valid
2026-05-18T06:51:22.653Z [INFO]: Main menu sent
2026-05-18T06:52:09.721Z [INFO]: create service menu sent
2026-05-18T06:52:57.219Z [INFO]: Account create sukses user 7066604516, type: zivpn
2026-05-18T07:01:56.837Z [INFO]: 🧹 Membersihkan 1 akun yang sudah expired > 24 jam.
2026-05-18T07:30:46.627Z [INFO]: Main menu sent
2026-05-18T07:30:48.283Z [INFO]: create service menu sent
2026-05-18T07:30:49.663Z [INFO]: Main menu sent
2026-05-18T07:30:56.028Z [INFO]: renew service menu sent
2026-05-18T07:31:15.755Z [INFO]: 🎁 Reward: User 7960158114 +3 Poin (89 hari)
2026-05-18T07:31:17.202Z [INFO]: Account renew sukses user 7960158114, type: ssh
2026-05-18T08:01:56.836Z [INFO]: 🧹 Tidak ada akun yang perlu dihapus malam ini.
2026-05-18T08:07:49.877Z [INFO]: Main menu sent
2026-05-18T08:07:51.517Z [INFO]: trial service menu sent
2026-05-18T08:07:59.203Z [INFO]: ✅ Trial vmess dibuat oleh 7768199065
2026-05-18T08:09:59.679Z [INFO]: Main menu sent
2026-05-18T08:10:04.157Z [INFO]: create service menu sent
2026-05-18T08:10:09.522Z [INFO]: Main menu sent
2026-05-18T08:10:13.813Z [INFO]: trial service menu sent
2026-05-18T08:10:27.872Z [INFO]: Main menu sent
2026-05-18T08:10:30.216Z [INFO]: trial service menu sent
2026-05-18T08:10:36.986Z [INFO]: ✅ Trial zivpn dibuat oleh 7960158114
2026-05-18T08:49:44.855Z [INFO]: Main menu sent
2026-05-18T08:49:57.892Z [INFO]: 🔍 User 6624490984 memulai proses top-up saldo.
2026-05-18T08:50:17.011Z [INFO]: Main menu sent
2026-05-18T08:50:19.011Z [INFO]: create service menu sent
2026-05-18T08:50:22.210Z [INFO]: Main menu sent
2026-05-18T08:50:26.001Z [INFO]: create service menu sent
2026-05-18T08:51:14.902Z [INFO]: Main menu sent
2026-05-18T08:51:54.006Z [INFO]: 🔍 User 6624490984 memulai proses top-up saldo.
2026-05-18T08:52:00.601Z [INFO]: [QRIS][user-6624490984-1779094318472] expected=10171 | transaksi(9)=3014@18/05/2026 13:44:15,6050@18/05/2026 07:48:09,30231@18/05/2026 07:30:18,6255@17/05/2026 23:33:41,6011@17/05/2026 21:26:56
2026-05-18T08:52:50.764Z [INFO]: [QRIS][user-6624490984-1779094318472] expected=10171 | transaksi(9)=10171@18/05/2026 15:52:45,3014@18/05/2026 13:44:15,6050@18/05/2026 07:48:09,30231@18/05/2026 07:30:18,6255@17/05/2026 23:33:41
2026-05-18T08:52:51.474Z [INFO]: Payment processed successfully for user-6624490984-1779094318472
2026-05-18T08:52:55.036Z [INFO]: Main menu sent
2026-05-18T08:53:02.926Z [INFO]: trial service menu sent
2026-05-18T08:53:34.576Z [INFO]: ✅ Trial zivpn dibuat oleh 6624490984
2026-05-18T09:01:56.838Z [INFO]: 🧹 Tidak ada akun yang perlu dihapus malam ini.
2026-05-18T09:13:15.054Z [INFO]: Main menu sent
2026-05-18T09:13:15.397Z [INFO]: Main menu sent
2026-05-18T09:13:31.469Z [INFO]: create service menu sent
2026-05-18T09:14:35.852Z [INFO]: Account create sukses user 6624490984, type: zivpn
2026-05-18T09:17:10.128Z [INFO]: Main menu sent
2026-05-18T09:17:31.244Z [INFO]: Main menu sent
2026-05-18T10:01:56.837Z [INFO]: 🧹 Tidak ada akun yang perlu dihapus malam ini.
2026-05-18T10:04:46.778Z [INFO]: Main menu sent
2026-05-18T10:04:49.494Z [INFO]: 🔍 User 7404167575 memulai proses top-up saldo.
2026-05-18T10:05:10.753Z [INFO]: [QRIS][user-7404167575-1779098705297] expected=2295 | transaksi(9)=10171@18/05/2026 15:52:45,3014@18/05/2026 13:44:15,6050@18/05/2026 07:48:09,30231@18/05/2026 07:30:18,6255@17/05/2026 23:33:41
2026-05-18T10:05:19.421Z [INFO]: Main menu sent
2026-05-18T10:05:23.890Z [INFO]: create service menu sent
2026-05-18T10:06:10.661Z [WARN]: [QRIS] Tidak ada transaksi terbaca dari API. Preview: 📤 Output: 0 dari 0 (filter: masuk) Tidak ada data mutasi.
2026-05-18T10:06:30.685Z [INFO]: [QRIS][user-7404167575-1779098705297] expected=2295 | transaksi(9)=10171@18/05/2026 15:52:45,3014@18/05/2026 13:44:15,6050@18/05/2026 07:48:09,30231@18/05/2026 07:30:18,6255@17/05/2026 23:33:41
2026-05-18T10:07:00.666Z [WARN]: [QRIS] Tidak ada transaksi terbaca dari API. Preview: 📤 Output: 0 dari 0 (filter: masuk) Tidak ada data mutasi.
2026-05-18T10:07:10.651Z [INFO]: [QRIS][user-7404167575-1779098705297] expected=2295 | transaksi(9)=10171@18/05/2026 15:52:45,3014@18/05/2026 13:44:15,6050@18/05/2026 07:48:09,30231@18/05/2026 07:30:18,6255@17/05/2026 23:33:41
2026-05-18T10:07:20.659Z [WARN]: [QRIS] Tidak ada transaksi terbaca dari API. Preview: 📤 Output: 0 dari 0 (filter: masuk) Tidak ada data mutasi.
2026-05-18T10:07:50.716Z [INFO]: [QRIS][user-7404167575-1779098705297] expected=2295 | transaksi(9)=10171@18/05/2026 15:52:45,3014@18/05/2026 13:44:15,6050@18/05/2026 07:48:09,30231@18/05/2026 07:30:18,6255@17/05/2026 23:33:41
2026-05-18T10:08:20.657Z [WARN]: [QRIS] Tidak ada transaksi terbaca dari API. Preview: 📤 Output: 0 dari 0 (filter: masuk) Tidak ada data mutasi.
2026-05-18T10:08:40.893Z [INFO]: [QRIS][user-7404167575-1779098705297] expected=2295 | transaksi(9)=10171@18/05/2026 15:52:45,3014@18/05/2026 13:44:15,6050@18/05/2026 07:48:09,30231@18/05/2026 07:30:18,6255@17/05/2026 23:33:41
2026-05-18T10:08:50.657Z [WARN]: [QRIS] Tidak ada transaksi terbaca dari API. Preview: 📤 Output: 0 dari 0 (filter: masuk) Tidak ada data mutasi.
2026-05-18T10:09:11.095Z [INFO]: [QRIS][user-7404167575-1779098705297] expected=2295 | transaksi(9)=10171@18/05/2026 15:52:45,3014@18/05/2026 13:44:15,6050@18/05/2026 07:48:09,30231@18/05/2026 07:30:18,6255@17/05/2026 23:33:41
2026-05-18T10:10:52.411Z [INFO]: Main menu sent
2026-05-18T10:10:52.962Z [INFO]: Main menu sent
2026-05-18T10:10:57.604Z [INFO]: 🔍 User 7404167575 memulai proses top-up saldo.
2026-05-18T10:11:11.024Z [INFO]: [QRIS][user-7404167575-1779099062301] expected=4138 | transaksi(9)=10171@18/05/2026 15:52:45,3014@18/05/2026 13:44:15,6050@18/05/2026 07:48:09,30231@18/05/2026 07:30:18,6255@17/05/2026 23:33:41
2026-05-18T10:11:20.660Z [WARN]: [QRIS] Tidak ada transaksi terbaca dari API. Preview: 📤 Output: 0 dari 0 (filter: masuk) Tidak ada data mutasi.
2026-05-18T10:11:40.705Z [INFO]: [QRIS][user-7404167575-1779099062301] expected=4138 | transaksi(9)=10171@18/05/2026 15:52:45,3014@18/05/2026 13:44:15,6050@18/05/2026 07:48:09,30231@18/05/2026 07:30:18,6255@17/05/2026 23:33:41
2026-05-18T10:11:51.502Z [INFO]: [QRIS][user-7404167575-1779099062301] expected=4138 | transaksi(9)=4138@18/05/2026 17:11:44,10171@18/05/2026 15:52:45,3014@18/05/2026 13:44:15,6050@18/05/2026 07:48:09,30231@18/05/2026 07:30:18
2026-05-18T10:11:52.332Z [INFO]: Payment processed successfully for user-7404167575-1779099062301
2026-05-18T10:11:57.268Z [INFO]: Main menu sent
2026-05-18T10:11:58.436Z [INFO]: Main menu sent
2026-05-18T10:12:01.883Z [INFO]: create service menu sent
2026-05-18T10:12:03.785Z [INFO]: create service menu sent
2026-05-18T10:12:36.703Z [INFO]: Account create sukses user 7698178607, type: zivpn
2026-05-18T10:12:41.096Z [INFO]: Account create sukses user 7404167575, type: zivpn
2026-05-18T11:01:56.837Z [INFO]: 🧹 Tidak ada akun yang perlu dihapus malam ini.
2026-05-18T11:14:51.946Z [INFO]: Main menu sent
2026-05-18T11:14:53.374Z [INFO]: create service menu sent
2026-05-18T11:15:10.193Z [INFO]: 🎁 Reward: User 7960158114 +2 Poin (29 hari)
2026-05-18T11:15:11.661Z [INFO]: Account create sukses user 7960158114, type: zivpn
2026-05-18T11:32:37.204Z [INFO]: Main menu sent
2026-05-18T11:52:43.111Z [INFO]: Main menu sent
2026-05-18T11:52:44.401Z [INFO]: create service menu sent
2026-05-18T11:53:19.592Z [INFO]: 🎁 Reward: User 7960158114 +2 Poin (29 hari)
2026-05-18T11:53:21.039Z [INFO]: Account create sukses user 7960158114, type: zivpn
2026-05-18T12:01:56.839Z [INFO]: 🧹 Tidak ada akun yang perlu dihapus malam ini.
2026-05-18T12:10:32.867Z [INFO]: Main menu sent
2026-05-18T12:10:48.406Z [INFO]: create service menu sent
2026-05-18T12:32:18.050Z [INFO]: Main menu sent
2026-05-18T12:32:20.484Z [INFO]: 🔍 User 8138423961 memulai proses top-up saldo.
2026-05-18T12:32:41.276Z [INFO]: [QRIS][user-8138423961-1779107554780] expected=6238 | transaksi(9)=12000@18/05/2026 19:14:33,4138@18/05/2026 17:11:44,10171@18/05/2026 15:52:45,3014@18/05/2026 13:44:15,6050@18/05/2026 07:48:09
2026-05-18T12:33:30.935Z [WARN]: [QRIS] Tidak ada transaksi terbaca dari API. Preview: 📤 Output: 0 dari 0 (filter: masuk) Tidak ada data mutasi.
2026-05-18T12:35:30.958Z [INFO]: [QRIS][user-8138423961-1779107554780] expected=6238 | transaksi(9)=6238@18/05/2026 19:34:53,12000@18/05/2026 19:14:33,4138@18/05/2026 17:11:44,10171@18/05/2026 15:52:45,3014@18/05/2026 13:44:15
2026-05-18T12:35:32.049Z [INFO]: Payment processed successfully for user-8138423961-1779107554780
2026-05-18T12:35:58.643Z [INFO]: Main menu sent
2026-05-18T12:36:00.345Z [INFO]: create service menu sent
2026-05-18T12:36:52.927Z [INFO]: Account create sukses user 8138423961, type: zivpn
2026-05-18T12:40:49.080Z [INFO]: 🎁 Reward: User 7960158114 +2 Poin (29 hari)
2026-05-18T12:40:58.549Z [INFO]: Account create sukses user 7960158114, type: zivpn
2026-05-18T13:00:01.659Z [INFO]: ⏰ Waktunya kirim notifikasi expired (20:00 WIB)
2026-05-18T13:00:06.215Z [INFO]: ✅ Sukses mengirim notifikasi expired ke 7 user.
2026-05-18T13:01:56.837Z [INFO]: 🧹 Tidak ada akun yang perlu dihapus malam ini.
2026-05-18T13:43:13.649Z [INFO]: Main menu sent
2026-05-18T13:44:10.499Z [INFO]: Main menu sent
2026-05-18T13:44:15.104Z [INFO]: renew service menu sent
2026-05-18T13:44:39.544Z [INFO]: 🎁 Reward: User 7960158114 +2 Poin (29 hari)
2026-05-18T13:44:40.993Z [INFO]: Account renew sukses user 7960158114, type: ssh
2026-05-18T14:01:56.839Z [INFO]: 🧹 Membersihkan 1 akun yang sudah expired > 24 jam.
2026-05-18T14:26:38.111Z [INFO]: Main menu sent
2026-05-18T14:26:40.929Z [INFO]: create service menu sent
2026-05-18T14:27:17.164Z [INFO]: Account create sukses user 7612399455, type: zivpn
2026-05-18T15:01:56.838Z [INFO]: 🧹 Tidak ada akun yang perlu dihapus malam ini.
2026-05-18T15:25:56.556Z [INFO]: Main menu sent
2026-05-18T15:26:00.727Z [INFO]: create service menu sent
2026-05-18T15:26:05.459Z [INFO]: Main menu sent
2026-05-18T15:26:07.688Z [INFO]: trial service menu sent
2026-05-18T15:26:17.264Z [INFO]: ✅ Trial zivpn dibuat oleh 5537130890
2026-05-18T15:35:40.056Z [INFO]: Main menu sent
2026-05-18T16:01:56.839Z [INFO]: 🧹 Tidak ada akun yang perlu dihapus malam ini.
2026-05-18T16:02:01.274Z [WARN]: [BACKUP] Skip database.db karena file kosong (0 byte).
2026-05-18T16:02:01.275Z [INFO]: [BACKUP][Auto 24h] sent=3 missing=1 errors=0
2026-05-18T17:01:56.839Z [INFO]: 🧹 Tidak ada akun yang perlu dihapus malam ini.
2026-05-18T17:12:40.953Z [INFO]: Main menu sent
2026-05-18T17:16:37.941Z [INFO]: create service menu sent
2026-05-18T17:17:09.349Z [INFO]: Main menu sent
2026-05-18T17:19:11.169Z [INFO]: create service menu sent
2026-05-18T18:01:56.839Z [INFO]: 🧹 Tidak ada akun yang perlu dihapus malam ini.
2026-05-18T18:54:51.984Z [INFO]: Main menu sent
2026-05-18T19:01:56.841Z [INFO]: 🧹 Membersihkan 1 akun yang sudah expired > 24 jam.
2026-05-18T20:01:56.840Z [INFO]: 🧹 Tidak ada akun yang perlu dihapus malam ini.
2026-05-18T20:18:29.501Z [INFO]: Main menu sent
2026-05-18T20:18:36.790Z [INFO]: Main menu sent
2026-05-18T20:18:57.064Z [INFO]: renew service menu sent
2026-05-18T20:19:33.136Z [INFO]: Main menu sent
2026-05-18T20:20:52.445Z [ERROR]: Transaksi gagal user 7066604516 (renew): ❌ gagal menghubungi server panel.
2026-05-18T20:21:18.190Z [INFO]: Account renew sukses user 7066604516, type: zivpn
2026-05-18T20:58:02.164Z [INFO]: Main menu sent
2026-05-18T20:58:04.122Z [INFO]: create service menu sent
2026-05-18T21:00:37.122Z [INFO]: Account create sukses user 5537130890, type: zivpn
2026-05-18T21:01:56.842Z [INFO]: 🧹 Tidak ada akun yang perlu dihapus malam ini.
2026-05-18T22:01:56.842Z [INFO]: 🧹 Membersihkan 2 akun yang sudah expired > 24 jam.
2026-05-18T22:12:33.031Z [INFO]: Main menu sent
2026-05-18T22:12:37.656Z [INFO]: create service menu sent
2026-05-18T22:13:12.062Z [INFO]: 🎁 Reward: User 7570184058 +2 Poin (31 hari)
2026-05-18T22:13:13.526Z [INFO]: Account create sukses user 7570184058, type: zivpn
2026-05-18T22:17:30.285Z [INFO]: 🎁 Reward: User 7570184058 +2 Poin (31 hari)
2026-05-18T22:17:31.389Z [INFO]: Account create sukses user 7570184058, type: zivpn
2026-05-18T23:01:56.841Z [INFO]: 🧹 Tidak ada akun yang perlu dihapus malam ini.
2026-05-19T00:01:56.842Z [INFO]: 🧹 Tidak ada akun yang perlu dihapus malam ini.
2026-05-19T01:01:56.841Z [INFO]: 🧹 Tidak ada akun yang perlu dihapus malam ini.
2026-05-19T01:25:32.548Z [INFO]: Main menu sent
2026-05-19T02:00:47.836Z [INFO]: Main menu sent
2026-05-19T02:00:51.083Z [INFO]: create service menu sent
2026-05-19T02:00:54.776Z [INFO]: Main menu sent
2026-05-19T02:01:01.034Z [INFO]: renew service menu sent
2026-05-19T02:01:18.318Z [INFO]: Account renew sukses user 6380781342, type: ssh
2026-05-19T02:01:56.842Z [INFO]: 🧹 Tidak ada akun yang perlu dihapus malam ini.
2026-05-19T02:12:27.453Z [INFO]: Main menu sent
2026-05-19T02:12:28.796Z [INFO]: create service menu sent
2026-05-19T02:12:31.765Z [INFO]: Main menu sent
2026-05-19T02:12:33.435Z [INFO]: trial service menu sent
2026-05-19T02:12:38.922Z [INFO]: ✅ Trial zivpn dibuat oleh 7768199065
2026-05-19T02:16:12.353Z [INFO]: Main menu sent
2026-05-19T02:17:26.876Z [INFO]: 🎁 Reward: User 7960158114 +2 Poin (30 hari)
2026-05-19T02:17:28.324Z [INFO]: Account renew sukses user 7960158114, type: zivpn
2026-05-19T02:18:03.281Z [INFO]: Main menu sent
2026-05-19T02:18:09.603Z [INFO]: create service menu sent
2026-05-19T03:01:56.843Z [INFO]: 🧹 Membersihkan 2 akun yang sudah expired > 24 jam.
2026-05-19T04:01:56.844Z [INFO]: 🧹 Membersihkan 1 akun yang sudah expired > 24 jam.
2026-05-19T05:01:56.842Z [INFO]: 🧹 Tidak ada akun yang perlu dihapus malam ini.
2026-05-19T05:25:56.718Z [INFO]: Main menu sent
2026-05-19T05:26:01.980Z [INFO]: create service menu sent
2026-05-19T05:26:34.991Z [INFO]: Account create sukses user 1206617986, type: ssh
2026-05-19T06:01:56.843Z [INFO]: 🧹 Membersihkan 1 akun yang sudah expired > 24 jam.
2026-05-19T06:33:13.685Z [INFO]: Main menu sent
2026-05-19T06:53:54.063Z [INFO]: Main menu sent
2026-05-19T06:54:01.499Z [INFO]: create service menu sent
2026-05-19T06:55:34.936Z [INFO]: Main menu sent
2026-05-19T06:56:10.587Z [INFO]: Main menu sent
2026-05-19T06:56:12.240Z [INFO]: 🔍 User 795127040 memulai proses top-up saldo.
2026-05-19T06:56:42.028Z [INFO]: Main menu sent
2026-05-19T06:56:43.527Z [INFO]: create service menu sent
2026-05-19T06:57:02.522Z [INFO]: Main menu sent
2026-05-19T06:57:04.372Z [INFO]: create service menu sent
2026-05-19T06:58:52.415Z [INFO]: Main menu sent
2026-05-19T06:58:54.904Z [INFO]: 🔍 User 795127040 memulai proses top-up saldo.
2026-05-19T06:59:02.882Z [INFO]: [QRIS][user-795127040-1779173938124] expected=10011 | transaksi(9)=10000@19/05/2026 08:34:38,21000@19/05/2026 07:09:46,10000@18/05/2026 22:00:52,10000@18/05/2026 20:40:29,6238@18/05/2026 19:34:53
2026-05-19T06:59:22.770Z [WARN]: [QRIS] Tidak ada transaksi terbaca dari API. Preview: 📤 Output: 0 dari 0 (filter: masuk) Tidak ada data mutasi.
2026-05-19T07:00:02.956Z [INFO]: [QRIS][user-795127040-1779173938124] expected=10011 | transaksi(9)=10011@19/05/2026 13:59:28,10000@19/05/2026 08:34:38,21000@19/05/2026 07:09:46,10000@18/05/2026 22:00:52,10000@18/05/2026 20:40:29
2026-05-19T07:00:03.694Z [INFO]: Payment processed successfully for user-795127040-1779173938124
2026-05-19T07:00:22.418Z [INFO]: Main menu sent
2026-05-19T07:00:27.772Z [INFO]: create service menu sent
2026-05-19T07:01:21.928Z [ERROR]: Transaksi gagal user 795127040 (create): ❌  username akun sudah di gunakan
masukan username baru!
2026-05-19T07:01:45.408Z [ERROR]: Transaksi gagal user 795127040 (create): ❌  username akun sudah di gunakan
masukan username baru!
2026-05-19T07:01:56.843Z [INFO]: 🧹 Membersihkan 1 akun yang sudah expired > 24 jam.
2026-05-19T07:02:06.339Z [ERROR]: Transaksi gagal user 795127040 (create): ❌  username akun sudah di gunakan
masukan username baru!
2026-05-19T07:02:23.720Z [ERROR]: Transaksi gagal user 795127040 (create): ❌  username akun sudah di gunakan
masukan username baru!
2026-05-19T07:02:39.504Z [ERROR]: Transaksi gagal user 795127040 (create): ❌  username akun sudah di gunakan
masukan username baru!
2026-05-19T07:02:49.489Z [INFO]: Main menu sent
2026-05-19T07:02:55.716Z [INFO]: renew service menu sent
2026-05-19T07:02:59.472Z [INFO]: Main menu sent
2026-05-19T07:03:11.491Z [INFO]: renew service menu sent
2026-05-19T07:03:16.586Z [INFO]: Main menu sent
2026-05-19T07:03:20.639Z [INFO]: Main menu sent
2026-05-19T07:03:45.332Z [INFO]: Main menu sent
2026-05-19T07:03:47.270Z [INFO]: create service menu sent
2026-05-19T07:04:10.472Z [INFO]: Account create sukses user 795127040, type: vless
2026-05-19T07:04:59.597Z [INFO]: Main menu sent
2026-05-19T08:01:56.843Z [INFO]: 🧹 Membersihkan 1 akun yang sudah expired > 24 jam.
2026-05-19T09:01:56.844Z [INFO]: 🧹 Membersihkan 1 akun yang sudah expired > 24 jam.
2026-05-19T10:01:10.146Z [INFO]: create service menu sent
2026-05-19T10:01:56.843Z [INFO]: 🧹 Tidak ada akun yang perlu dihapus malam ini.
2026-05-19T10:28:30.244Z [INFO]: create service menu sent
2026-05-19T10:28:37.036Z [INFO]: Main menu sent
2026-05-19T10:28:39.541Z [INFO]: create service menu sent
2026-05-19T10:28:43.181Z [INFO]: Main menu sent
2026-05-19T10:28:49.893Z [INFO]: 🔍 User 8661692560 memulai proses top-up saldo.
2026-05-19T10:28:53.491Z [INFO]: Main menu sent
2026-05-19T10:28:54.895Z [INFO]: create service menu sent
2026-05-19T10:29:52.858Z [INFO]: Main menu sent
2026-05-19T11:01:56.845Z [INFO]: 🧹 Membersihkan 1 akun yang sudah expired > 24 jam.
2026-05-19T11:06:42.061Z [INFO]: Main menu sent
2026-05-19T11:06:47.966Z [INFO]: trial service menu sent
2026-05-19T11:07:25.437Z [INFO]: ✅ Trial zivpn dibuat oleh 8138423961
2026-05-19T11:23:22.147Z [INFO]: Main menu sent
2026-05-19T11:23:24.476Z [INFO]: del service menu sent
2026-05-19T11:23:28.298Z [INFO]: Main menu sent
2026-05-19T11:37:40.339Z [INFO]: Main menu sent
2026-05-19T11:38:02.578Z [INFO]: create service menu sent
2026-05-19T11:38:07.535Z [INFO]: Main menu sent
2026-05-19T11:38:09.421Z [INFO]: 🔍 User 8138423961 memulai proses top-up saldo.
2026-05-19T11:38:53.606Z [INFO]: [QRIS][user-8138423961-1779190728204] expected=15116 | transaksi(9)=10011@19/05/2026 13:59:28,10000@19/05/2026 08:34:38,21000@19/05/2026 07:09:46,10000@18/05/2026 22:00:52,10000@18/05/2026 20:40:29
2026-05-19T11:39:33.463Z [WARN]: [QRIS] Tidak ada transaksi terbaca dari API. Preview: 📤 Output: 0 dari 0 (filter: masuk) Tidak ada data mutasi.
2026-05-19T11:40:25.348Z [INFO]: Main menu sent
2026-05-19T11:40:26.999Z [INFO]: create service menu sent
2026-05-19T11:40:53.841Z [INFO]: [QRIS][user-8138423961-1779190728204] expected=15116 | transaksi(10)=15116@19/05/2026 18:39:57,10011@19/05/2026 13:59:28,10000@19/05/2026 08:34:38,21000@19/05/2026 07:09:46,10000@18/05/2026 22:00:52
2026-05-19T11:40:54.614Z [INFO]: Payment processed successfully for user-8138423961-1779190728204
2026-05-19T11:41:06.376Z [INFO]: Account create sukses user 8138423961, type: zivpn
2026-05-19T11:43:17.039Z [INFO]: Main menu sent
2026-05-19T11:43:18.499Z [INFO]: create service menu sent
2026-05-19T11:43:44.754Z [INFO]: 🎁 Reward: User 7960158114 +2 Poin (29 hari)
2026-05-19T11:43:46.215Z [INFO]: Account create sukses user 7960158114, type: zivpn
2026-05-19T11:44:06.064Z [INFO]: 🎁 Reward: User 7960158114 +2 Poin (30 hari)
2026-05-19T11:44:07.178Z [INFO]: Account create sukses user 7960158114, type: zivpn
2026-05-19T12:01:00.111Z [INFO]: Main menu sent
2026-05-19T12:01:56.843Z [INFO]: 🧹 Tidak ada akun yang perlu dihapus malam ini.
2026-05-19T12:02:31.452Z [INFO]: create service menu sent
2026-05-19T12:03:27.229Z [INFO]: Account create sukses user 8138423961, type: zivpn
2026-05-19T12:29:34.613Z [INFO]: Main menu sent
2026-05-19T12:29:36.412Z [INFO]: create service menu sent
2026-05-19T12:29:58.719Z [INFO]: Account create sukses user 7698178607, type: zivpn
2026-05-19T12:57:41.944Z [INFO]: Main menu sent
2026-05-19T12:57:44.040Z [INFO]: trial service menu sent
2026-05-19T12:57:50.507Z [INFO]: ✅ Trial ssh dibuat oleh 8461801575
2026-05-19T12:58:04.719Z [INFO]: Main menu sent
2026-05-19T13:00:02.022Z [INFO]: ⏰ Waktunya kirim notifikasi expired (20:00 WIB)
2026-05-19T13:00:05.204Z [INFO]: ✅ Sukses mengirim notifikasi expired ke 5 user.
2026-05-19T13:01:56.846Z [INFO]: 🧹 Membersihkan 1 akun yang sudah expired > 24 jam.
2026-05-19T13:20:42.207Z [INFO]: Main menu sent
2026-05-19T13:20:45.512Z [INFO]: trial service menu sent
2026-05-19T13:20:51.219Z [INFO]: ✅ Trial ssh dibuat oleh 8461801575
2026-05-19T13:42:37.812Z [INFO]: Main menu sent
2026-05-19T13:44:40.057Z [INFO]: trial service menu sent
2026-05-19T13:44:50.597Z [INFO]: ✅ Trial zivpn dibuat oleh 8629869896
2026-05-19T13:53:37.030Z [INFO]: ✅ Trial zivpn dibuat oleh 8629869896
2026-05-19T13:54:37.838Z [INFO]: Main menu sent
2026-05-19T13:54:45.019Z [INFO]: create service menu sent
2026-05-19T13:55:17.955Z [INFO]: Main menu sent
2026-05-19T13:55:20.540Z [INFO]: 🎁 Reward: User 8629869896 +2 Poin (31 hari)
2026-05-19T13:55:22.023Z [INFO]: Account create sukses user 8629869896, type: zivpn
2026-05-19T13:55:26.148Z [INFO]: create service menu sent
2026-05-19T14:01:56.845Z [INFO]: 🧹 Membersihkan 4 akun yang sudah expired > 24 jam.
2026-05-19T14:21:10.648Z [INFO]: Main menu sent
2026-05-19T14:21:12.371Z [INFO]: trial service menu sent
2026-05-19T14:21:15.401Z [INFO]: Main menu sent
2026-05-19T14:21:16.783Z [INFO]: trial service menu sent
2026-05-19T14:21:30.246Z [INFO]: Main menu sent
2026-05-19T14:21:31.706Z [INFO]: trial service menu sent
2026-05-19T14:21:36.413Z [INFO]: ✅ Trial ssh dibuat oleh 7960158114
2026-05-19T14:29:26.904Z [INFO]: Main menu sent
2026-05-19T14:29:32.839Z [INFO]: create service menu sent
2026-05-19T14:29:55.335Z [INFO]: Main menu sent
2026-05-19T14:29:58.458Z [INFO]: 🔍 User 5813099616 memulai proses top-up saldo.
2026-05-19T14:31:09.969Z [INFO]: Main menu sent
2026-05-19T14:31:13.905Z [INFO]: create service menu sent
2026-05-19T14:31:18.999Z [INFO]: Main menu sent
2026-05-19T14:31:20.566Z [INFO]: 🔍 User 5813099616 memulai proses top-up saldo.
2026-05-19T14:31:33.557Z [WARN]: [QRIS] Tidak ada transaksi terbaca dari API. Preview: 📤 Output: 0 dari 0 (filter: masuk) Tidak ada data mutasi.
2026-05-19T14:32:23.618Z [INFO]: [QRIS][user-5813099616-1779201083353] expected=5252 | transaksi(10)=10000@19/05/2026 18:43:45,15116@19/05/2026 18:39:57,10011@19/05/2026 13:59:28,10000@19/05/2026 08:34:38,21000@19/05/2026 07:09:46
2026-05-19T14:32:28.064Z [INFO]: Main menu sent
2026-05-19T14:32:30.434Z [INFO]: 🔍 User 5813099616 memulai proses top-up saldo.
2026-05-19T14:32:33.516Z [WARN]: [QRIS] Tidak ada transaksi terbaca dari API. Preview: 📤 Output: 0 dari 0 (filter: masuk) Tidak ada data mutasi.
2026-05-19T14:32:44.199Z [INFO]: [QRIS][user-5813099616-1779201083353] expected=5252 | transaksi(10)=10000@19/05/2026 18:43:45,15116@19/05/2026 18:39:57,10011@19/05/2026 13:59:28,10000@19/05/2026 08:34:38,21000@19/05/2026 07:09:46
2026-05-19T14:32:44.321Z [INFO]: [QRIS][user-5813099616-1779201153884] expected=4256 | transaksi(10)=10000@19/05/2026 18:43:45,15116@19/05/2026 18:39:57,10011@19/05/2026 13:59:28,10000@19/05/2026 08:34:38,21000@19/05/2026 07:09:46
2026-05-19T14:32:53.508Z [WARN]: [QRIS] Tidak ada transaksi terbaca dari API. Preview: 📤 Output: 0 dari 0 (filter: masuk) Tidak ada data mutasi.
2026-05-19T14:33:32.165Z [INFO]: Main menu sent
2026-05-19T14:33:43.651Z [INFO]: [QRIS][user-5813099616-1779201083353] expected=5252 | transaksi(10)=4256@19/05/2026 21:33:10,10000@19/05/2026 18:43:45,15116@19/05/2026 18:39:57,10011@19/05/2026 13:59:28,10000@19/05/2026 08:34:38
2026-05-19T14:33:43.752Z [INFO]: [QRIS][user-5813099616-1779201153884] expected=4256 | transaksi(10)=4256@19/05/2026 21:33:10,10000@19/05/2026 18:43:45,15116@19/05/2026 18:39:57,10011@19/05/2026 13:59:28,10000@19/05/2026 08:34:38
2026-05-19T14:33:44.489Z [INFO]: Payment processed successfully for user-5813099616-1779201153884
2026-05-19T14:33:48.539Z [INFO]: create service menu sent
2026-05-19T14:34:03.755Z [WARN]: [QRIS] Tidak ada transaksi terbaca dari API. Preview: 📤 Output: 0 dari 0 (filter: masuk) Tidak ada data mutasi.
2026-05-19T14:34:13.691Z [INFO]: [QRIS][user-5813099616-1779201083353] expected=5252 | transaksi(10)=4256@19/05/2026 21:33:10,10000@19/05/2026 18:43:45,15116@19/05/2026 18:39:57,10011@19/05/2026 13:59:28,10000@19/05/2026 08:34:38
2026-05-19T14:34:39.085Z [INFO]: Account create sukses user 5813099616, type: ssh
2026-05-19T14:35:03.566Z [WARN]: [QRIS] Tidak ada transaksi terbaca dari API. Preview: 📤 Output: 0 dari 0 (filter: masuk) Tidak ada data mutasi.
2026-05-19T15:01:56.844Z [INFO]: 🧹 Membersihkan 1 akun yang sudah expired > 24 jam.
2026-05-19T15:53:30.077Z [INFO]: Main menu sent
2026-05-19T16:01:56.844Z [INFO]: 🧹 Membersihkan 1 akun yang sudah expired > 24 jam.
2026-05-19T16:02:00.397Z [WARN]: [BACKUP] Skip database.db karena file kosong (0 byte).
2026-05-19T16:02:00.398Z [INFO]: [BACKUP][Auto 24h] sent=3 missing=1 errors=0
2026-05-19T16:27:11.550Z [INFO]: Main menu sent
2026-05-19T16:27:15.353Z [INFO]: create service menu sent
2026-05-19T16:28:22.192Z [INFO]: Account create sukses user 7612399455, type: zivpn
2026-05-19T17:01:56.844Z [INFO]: 🧹 Tidak ada akun yang perlu dihapus malam ini.
2026-05-19T18:01:56.844Z [INFO]: 🧹 Tidak ada akun yang perlu dihapus malam ini.
2026-05-19T19:01:56.844Z [INFO]: 🧹 Tidak ada akun yang perlu dihapus malam ini.
2026-05-19T20:01:56.845Z [INFO]: 🧹 Tidak ada akun yang perlu dihapus malam ini.
2026-05-19T21:01:56.845Z [INFO]: 🧹 Tidak ada akun yang perlu dihapus malam ini.
2026-05-19T22:01:56.845Z [INFO]: 🧹 Tidak ada akun yang perlu dihapus malam ini.
2026-05-19T23:01:56.845Z [INFO]: 🧹 Tidak ada akun yang perlu dihapus malam ini.
2026-05-19T23:29:33.463Z [INFO]: Main menu sent
2026-05-19T23:29:44.832Z [INFO]: Main menu sent
2026-05-19T23:29:49.268Z [INFO]: renew service menu sent
2026-05-19T23:31:23.174Z [INFO]: Main menu sent
2026-05-19T23:31:26.710Z [INFO]: 🔍 User 5255363390 memulai proses top-up saldo.
2026-05-19T23:31:44.491Z [INFO]: [QRIS][user-5255363390-1779233501446] expected=10214 | transaksi(10)=4256@19/05/2026 21:33:10,10000@19/05/2026 18:43:45,15116@19/05/2026 18:39:57,10011@19/05/2026 13:59:28,10000@19/05/2026 08:34:38
2026-05-19T23:32:54.356Z [INFO]: [QRIS][user-5255363390-1779233501446] expected=10214 | transaksi(10)=10214@20/05/2026 06:32:52,4256@19/05/2026 21:33:10,10000@19/05/2026 18:43:45,15116@19/05/2026 18:39:57,10011@19/05/2026 13:59:28
2026-05-19T23:32:55.069Z [INFO]: Payment processed successfully for user-5255363390-1779233501446
2026-05-19T23:33:05.196Z [INFO]: Main menu sent
2026-05-19T23:33:10.853Z [INFO]: renew service menu sent
2026-05-19T23:33:54.760Z [ERROR]: Transaksi gagal user 5255363390 (renew): ❌ respons error:
client ultimatecobra not exists, try another name
2026-05-19T23:34:15.290Z [INFO]: Main menu sent
2026-05-19T23:34:20.259Z [INFO]: renew service menu sent
2026-05-19T23:34:30.829Z [INFO]: Main menu sent
2026-05-19T23:34:34.569Z [INFO]: renew service menu sent
2026-05-19T23:34:53.683Z [ERROR]: Transaksi gagal user 5255363390 (renew): ❌ respons error:
client ultimatecobra not exists, try another name
2026-05-19T23:35:44.083Z [INFO]: Main menu sent
2026-05-20T00:01:56.845Z [INFO]: 🧹 Tidak ada akun yang perlu dihapus malam ini.
2026-05-20T00:17:26.560Z [INFO]: renew service menu sent
2026-05-20T00:17:45.901Z [INFO]: Main menu sent
2026-05-20T00:17:50.692Z [INFO]: Main menu sent
2026-05-20T00:18:01.123Z [INFO]: renew service menu sent
2026-05-20T00:18:33.100Z [ERROR]: Transaksi gagal user 5255363390 (renew): ❌ respons error:
client ultimatecobra not exists, try another name
2026-05-20T00:18:50.745Z [INFO]: Main menu sent
2026-05-20T00:19:08.412Z [INFO]: 🔍 User 5255363390 memulai proses top-up saldo.
2026-05-20T00:19:35.330Z [INFO]: Main menu sent
2026-05-20T00:52:28.992Z [INFO]: Main menu sent
2026-05-20T00:55:47.192Z [INFO]: Main menu sent
2026-05-20T00:56:07.849Z [INFO]: 🔍 User 5255363390 memulai proses top-up saldo.
2026-05-20T00:56:13.541Z [INFO]: Main menu sent
2026-05-20T00:56:19.638Z [INFO]: create service menu sent
2026-05-20T00:56:55.305Z [INFO]: Account create sukses user 5255363390, type: vmess
2026-05-20T00:57:24.509Z [INFO]: Main menu sent
2026-05-20T01:00:06.949Z [INFO]: Main menu sent
2026-05-20T01:01:56.845Z [INFO]: 🧹 Tidak ada akun yang perlu dihapus malam ini.
2026-05-20T01:03:31.788Z [INFO]: Main menu sent
2026-05-20T01:04:06.107Z [INFO]: del service menu sent
2026-05-20T01:04:19.803Z [INFO]: Main menu sent
2026-05-20T01:04:46.565Z [INFO]: ✅ Akun vmess dihapus oleh 7960158114. Refund: 0
2026-05-20T01:04:58.132Z [INFO]: Admin menu requested
2026-05-20T01:04:58.678Z [INFO]: Admin menu sent as new message
2026-05-20T01:05:13.886Z [INFO]: Admin 7768199065 mengecek saldo user 5255363390: Rp1000
2026-05-20T01:05:24.620Z [INFO]: Admin 7768199065 menghapus saldo user 5255363390 dari Rp1000 menjadi Rp0.
2026-05-20T01:20:08.898Z [INFO]: Main menu sent
2026-05-20T01:46:16.542Z [INFO]: Main menu sent
2026-05-20T02:01:56.846Z [INFO]: 🧹 Tidak ada akun yang perlu dihapus malam ini.
2026-05-20T03:01:56.846Z [INFO]: 🧹 Tidak ada akun yang perlu dihapus malam ini.
2026-05-20T03:01:58.444Z [INFO]: Main menu sent
2026-05-20T04:01:56.845Z [INFO]: 🧹 Tidak ada akun yang perlu dihapus malam ini.
2026-05-20T04:31:42.770Z [INFO]: Account create sukses user 7698178607, type: zivpn
2026-05-20T05:01:56.847Z [INFO]: 🧹 Membersihkan 1 akun yang sudah expired > 24 jam.
2026-05-20T05:57:58.043Z [INFO]: Main menu sent
2026-05-20T06:01:56.845Z [INFO]: 🧹 Tidak ada akun yang perlu dihapus malam ini.
2026-05-20T06:02:50.158Z [INFO]: Main menu sent
2026-05-20T06:03:06.985Z [INFO]: Main menu sent
2026-05-20T06:05:55.999Z [INFO]: 🔍 User 5255363390 memulai proses top-up saldo.
2026-05-20T07:01:56.847Z [INFO]: 🧹 Tidak ada akun yang perlu dihapus malam ini.
2026-05-20T07:19:12.051Z [INFO]: Main menu sent
2026-05-20T07:20:37.493Z [INFO]: Main menu sent
2026-05-20T07:20:40.683Z [INFO]: 🔍 User 6825006520 memulai proses top-up saldo.
2026-05-20T07:49:07.293Z [INFO]: Main menu sent
2026-05-20T07:49:19.143Z [INFO]: Main menu sent
2026-05-20T07:57:56.840Z [INFO]: Main menu sent
2026-05-20T08:00:49.419Z [INFO]: Main menu sent
2026-05-20T08:00:51.317Z [INFO]: create service menu sent
2026-05-20T08:01:26.217Z [INFO]: Account create sukses user 7309962231, type: zivpn
2026-05-20T08:01:56.848Z [INFO]: 🧹 Tidak ada akun yang perlu dihapus malam ini.
2026-05-20T08:04:04.115Z [INFO]: Main menu sent
2026-05-20T08:04:59.106Z [INFO]: create service menu sent
2026-05-20T09:01:56.849Z [INFO]: 🧹 Membersihkan 1 akun yang sudah expired > 24 jam.
2026-05-20T09:38:30.548Z [INFO]: Main menu sent
2026-05-20T09:39:21.205Z [INFO]: Account renew sukses user 5537130890, type: zivpn
2026-05-20T09:51:45.206Z [INFO]: Main menu sent
2026-05-20T09:51:58.483Z [INFO]: create service menu sent
2026-05-20T10:01:56.849Z [INFO]: 🧹 Membersihkan 1 akun yang sudah expired > 24 jam.
2026-05-20T10:45:02.629Z [INFO]: create service menu sent
2026-05-20T10:45:17.868Z [INFO]: 🎁 Reward: User 7960158114 +2 Poin (27 hari)
2026-05-20T10:45:19.353Z [INFO]: Account create sukses user 7960158114, type: zivpn
2026-05-20T11:01:56.849Z [INFO]: 🧹 Membersihkan 1 akun yang sudah expired > 24 jam.
2026-05-20T11:26:28.663Z [INFO]: Main menu sent
2026-05-20T11:26:40.519Z [INFO]: create service menu sent
2026-05-20T12:01:56.850Z [INFO]: 🧹 Membersihkan 1 akun yang sudah expired > 24 jam.
2026-05-20T12:48:06.174Z [INFO]: Main menu sent
2026-05-20T12:48:08.074Z [INFO]: 🔍 User 8138423961 memulai proses top-up saldo.
2026-05-20T12:48:50.629Z [ERROR]: Error checking payment status for user-8138423961-1779281318775: timeout of 5000ms exceeded
2026-05-20T12:48:55.792Z [INFO]: [QRIS][user-8138423961-1779281318775] expected=20294 | transaksi(10)=10214@20/05/2026 06:32:52,4256@19/05/2026 21:33:10,10000@19/05/2026 18:43:45,15116@19/05/2026 18:39:57,10011@19/05/2026 13:59:28
2026-05-20T12:50:15.695Z [WARN]: [QRIS] Tidak ada transaksi terbaca dari API. Preview: 📤 Output: 0 dari 0 (filter: masuk) Tidak ada data mutasi.
2026-05-20T12:51:45.957Z [INFO]: [QRIS][user-8138423961-1779281318775] expected=20294 | transaksi(10)=10214@20/05/2026 06:32:52,4256@19/05/2026 21:33:10,10000@19/05/2026 18:43:45,15116@19/05/2026 18:39:57,10011@19/05/2026 13:59:28
2026-05-20T12:51:55.708Z [WARN]: [QRIS] Tidak ada transaksi terbaca dari API. Preview: 📤 Output: 0 dari 0 (filter: masuk) Tidak ada data mutasi.
2026-05-20T12:52:46.576Z [INFO]: [QRIS][user-8138423961-1779281318775] expected=20294 | transaksi(10)=10214@20/05/2026 06:32:52,4256@19/05/2026 21:33:10,10000@19/05/2026 18:43:45,15116@19/05/2026 18:39:57,10011@19/05/2026 13:59:28
2026-05-20T12:52:55.711Z [WARN]: [QRIS] Tidak ada transaksi terbaca dari API. Preview: 📤 Output: 0 dari 0 (filter: masuk) Tidak ada data mutasi.
2026-05-20T12:53:25.793Z [INFO]: [QRIS][user-8138423961-1779281318775] expected=20294 | transaksi(10)=10214@20/05/2026 06:32:52,4256@19/05/2026 21:33:10,10000@19/05/2026 18:43:45,15116@19/05/2026 18:39:57,10011@19/05/2026 13:59:28
2026-05-20T12:54:12.507Z [INFO]: Main menu sent
2026-05-20T12:54:15.961Z [INFO]: 🔍 User 8138423961 memulai proses top-up saldo.
2026-05-20T12:54:45.832Z [INFO]: [QRIS][user-8138423961-1779281678063] expected=15084 | transaksi(10)=10214@20/05/2026 06:32:52,4256@19/05/2026 21:33:10,10000@19/05/2026 18:43:45,15116@19/05/2026 18:39:57,10011@19/05/2026 13:59:28
2026-05-20T12:56:05.712Z [WARN]: [QRIS] Tidak ada transaksi terbaca dari API. Preview: 📤 Output: 0 dari 0 (filter: masuk) Tidak ada data mutasi.
2026-05-20T12:56:55.995Z [INFO]: [QRIS][user-8138423961-1779281678063] expected=15084 | transaksi(10)=15084@20/05/2026 19:56:32,10214@20/05/2026 06:32:52,4256@19/05/2026 21:33:10,10000@19/05/2026 18:43:45,15116@19/05/2026 18:39:57
2026-05-20T12:56:56.860Z [INFO]: Payment processed successfully for user-8138423961-1779281678063
2026-05-20T12:57:11.761Z [INFO]: Main menu sent
2026-05-20T12:57:17.398Z [INFO]: create service menu sent
2026-05-20T12:58:23.526Z [INFO]: Account create sukses user 8138423961, type: zivpn
2026-05-20T13:00:02.431Z [INFO]: ⏰ Waktunya kirim notifikasi expired (20:00 WIB)
2026-05-20T13:00:04.893Z [INFO]: ✅ Sukses mengirim notifikasi expired ke 4 user.
2026-05-20T13:01:56.848Z [INFO]: 🧹 Tidak ada akun yang perlu dihapus malam ini.
2026-05-20T14:01:56.849Z [INFO]: 🧹 Membersihkan 2 akun yang sudah expired > 24 jam.
2026-05-20T14:05:55.469Z [INFO]: Main menu sent
2026-05-20T15:01:56.848Z [INFO]: 🧹 Tidak ada akun yang perlu dihapus malam ini.
2026-05-20T15:37:14.696Z [INFO]: Main menu sent
2026-05-20T15:37:20.532Z [INFO]: create service menu sent
2026-05-20T15:37:49.752Z [INFO]: Account create sukses user 5448438414, type: ssh
2026-05-20T16:01:56.848Z [INFO]: 🧹 Tidak ada akun yang perlu dihapus malam ini.
2026-05-20T16:02:00.842Z [WARN]: [BACKUP] Skip database.db karena file kosong (0 byte).
2026-05-20T16:02:00.842Z [INFO]: [BACKUP][Auto 24h] sent=3 missing=1 errors=0
2026-05-20T16:23:57.021Z [INFO]: Main menu sent
2026-05-20T17:01:56.848Z [INFO]: 🧹 Tidak ada akun yang perlu dihapus malam ini.
2026-05-20T18:01:56.849Z [INFO]: 🧹 Tidak ada akun yang perlu dihapus malam ini.
2026-05-20T19:01:56.850Z [INFO]: 🧹 Tidak ada akun yang perlu dihapus malam ini.
2026-05-20T20:01:56.851Z [INFO]: 🧹 Tidak ada akun yang perlu dihapus malam ini.
2026-05-20T21:01:56.852Z [INFO]: 🧹 Tidak ada akun yang perlu dihapus malam ini.
2026-05-20T22:01:56.851Z [INFO]: 🧹 Tidak ada akun yang perlu dihapus malam ini.
2026-05-20T23:01:56.851Z [INFO]: 🧹 Tidak ada akun yang perlu dihapus malam ini.
2026-05-21T00:01:56.851Z [INFO]: 🧹 Tidak ada akun yang perlu dihapus malam ini.
2026-05-21T01:01:56.851Z [INFO]: 🧹 Tidak ada akun yang perlu dihapus malam ini.
2026-05-21T01:41:56.568Z [INFO]: Main menu sent
2026-05-21T01:43:27.615Z [INFO]: Main menu sent
2026-05-21T02:01:56.853Z [INFO]: 🧹 Tidak ada akun yang perlu dihapus malam ini.
2026-05-21T02:47:08.583Z [INFO]: Main menu sent
2026-05-21T02:47:10.135Z [INFO]: create service menu sent
2026-05-21T02:47:40.122Z [INFO]: Account create sukses user 7698178607, type: zivpn
2026-05-21T03:01:56.852Z [INFO]: 🧹 Tidak ada akun yang perlu dihapus malam ini.
2026-05-21T04:01:56.859Z [INFO]: 🧹 Tidak ada akun yang perlu dihapus malam ini.
2026-05-21T05:01:56.853Z [INFO]: 🧹 Tidak ada akun yang perlu dihapus malam ini.
2026-05-21T06:01:56.853Z [INFO]: 🧹 Tidak ada akun yang perlu dihapus malam ini.
2026-05-21T07:01:56.854Z [INFO]: 🧹 Tidak ada akun yang perlu dihapus malam ini.
2026-05-21T08:01:56.854Z [INFO]: 🧹 Tidak ada akun yang perlu dihapus malam ini.
2026-05-21T09:01:56.856Z [INFO]: 🧹 Membersihkan 2 akun yang sudah expired > 24 jam.
2026-05-21T09:31:57.454Z [INFO]: Main menu sent
2026-05-21T09:31:58.884Z [INFO]: create service menu sent
2026-05-21T09:32:18.881Z [INFO]: 🎁 Reward: User 7960158114 +2 Poin (29 hari)
2026-05-21T09:32:20.353Z [INFO]: Account create sukses user 7960158114, type: zivpn
2026-05-21T10:01:56.856Z [INFO]: 🧹 Tidak ada akun yang perlu dihapus malam ini.
2026-05-21T11:01:56.855Z [INFO]: 🧹 Tidak ada akun yang perlu dihapus malam ini.
2026-05-21T11:09:00.277Z [INFO]: Main menu sent
2026-05-21T11:09:23.339Z [INFO]: Account renew sukses user 7381102145, type: zivpn
2026-05-21T11:52:07.110Z [INFO]: create service menu sent
2026-05-21T11:53:06.750Z [INFO]: Main menu sent
2026-05-21T11:53:09.709Z [INFO]: 🔍 User 7404167575 memulai proses top-up saldo.
2026-05-21T11:53:58.171Z [INFO]: [QRIS][user-7404167575-1779364428567] expected=6174 | transaksi(10)=10000@21/05/2026 18:16:11,8000@21/05/2026 08:36:00,10000@20/05/2026 20:03:28,15084@20/05/2026 19:56:32,10214@20/05/2026 06:32:52
2026-05-21T11:54:24.646Z [INFO]: Main menu sent
2026-05-21T11:54:26.731Z [INFO]: 🔍 User 7404167575 memulai proses top-up saldo.
2026-05-21T11:54:48.174Z [WARN]: [QRIS] Tidak ada transaksi terbaca dari API. Preview: 📤 Output: 0 dari 0 (filter: masuk) Tidak ada data mutasi.
2026-05-21T11:55:18.495Z [INFO]: [QRIS][user-7404167575-1779364428567] expected=6174 | transaksi(10)=10000@21/05/2026 18:16:11,8000@21/05/2026 08:36:00,10000@20/05/2026 20:03:28,15084@20/05/2026 19:56:32,10214@20/05/2026 06:32:52
2026-05-21T11:55:18.776Z [INFO]: [QRIS][user-7404167575-1779364489646] expected=5841 | transaksi(10)=10000@21/05/2026 18:16:11,8000@21/05/2026 08:36:00,10000@20/05/2026 20:03:28,15084@20/05/2026 19:56:32,10214@20/05/2026 06:32:52
2026-05-21T11:55:28.115Z [WARN]: [QRIS] Tidak ada transaksi terbaca dari API. Preview: 📤 Output: 0 dari 0 (filter: masuk) Tidak ada data mutasi.
2026-05-21T11:55:56.588Z [INFO]: Main menu sent
2026-05-21T11:56:04.925Z [INFO]: create service menu sent
2026-05-21T11:56:28.152Z [INFO]: [QRIS][user-7404167575-1779364428567] expected=6174 | transaksi(10)=5841@21/05/2026 18:55:32,10000@21/05/2026 18:16:11,8000@21/05/2026 08:36:00,10000@20/05/2026 20:03:28,15084@20/05/2026 19:56:32
2026-05-21T11:56:28.477Z [INFO]: [QRIS][user-7404167575-1779364489646] expected=5841 | transaksi(10)=5841@21/05/2026 18:55:32,10000@21/05/2026 18:16:11,8000@21/05/2026 08:36:00,10000@20/05/2026 20:03:28,15084@20/05/2026 19:56:32
2026-05-21T11:56:29.195Z [INFO]: Payment processed successfully for user-7404167575-1779364489646
2026-05-21T11:56:40.068Z [INFO]: Main menu sent
2026-05-21T11:56:42.698Z [INFO]: create service menu sent
2026-05-21T11:56:48.121Z [WARN]: [QRIS] Tidak ada transaksi terbaca dari API. Preview: 📤 Output: 0 dari 0 (filter: masuk) Tidak ada data mutasi.
2026-05-21T11:57:07.789Z [INFO]: Account create sukses user 7404167575, type: zivpn
2026-05-21T11:57:28.367Z [INFO]: [QRIS][user-7404167575-1779364428567] expected=6174 | transaksi(10)=5841@21/05/2026 18:55:32,10000@21/05/2026 18:16:11,8000@21/05/2026 08:36:00,10000@20/05/2026 20:03:28,15084@20/05/2026 19:56:32
2026-05-21T11:57:48.377Z [WARN]: [QRIS] Tidak ada transaksi terbaca dari API. Preview: 📤 Output: 0 dari 0 (filter: masuk) Tidak ada data mutasi.
2026-05-21T11:57:58.759Z [INFO]: [QRIS][user-7404167575-1779364428567] expected=6174 | transaksi(10)=5841@21/05/2026 18:55:32,10000@21/05/2026 18:16:11,8000@21/05/2026 08:36:00,10000@20/05/2026 20:03:28,15084@20/05/2026 19:56:32
2026-05-21T12:01:56.856Z [INFO]: 🧹 Membersihkan 1 akun yang sudah expired > 24 jam.
2026-05-21T12:10:53.594Z [INFO]: Main menu sent
2026-05-21T12:11:01.193Z [INFO]: create service menu sent
2026-05-21T12:13:40.261Z [INFO]: Main menu sent
2026-05-21T12:14:40.924Z [INFO]: 🔍 User 8138423961 memulai proses top-up saldo.
2026-05-21T12:14:48.231Z [INFO]: [QRIS][user-8138423961-1779365685457] expected=4246 | transaksi(10)=5841@21/05/2026 18:55:32,10000@21/05/2026 18:16:11,8000@21/05/2026 08:36:00,10000@20/05/2026 20:03:28,15084@20/05/2026 19:56:32
2026-05-21T12:21:22.359Z [INFO]: Main menu sent
2026-05-21T12:22:13.538Z [INFO]: 🔍 User 8138423961 memulai proses top-up saldo.
2026-05-21T12:22:29.271Z [INFO]: [QRIS][user-8138423961-1779366141807] expected=3940 | transaksi(10)=5841@21/05/2026 18:55:32,10000@21/05/2026 18:16:11,8000@21/05/2026 08:36:00,10000@20/05/2026 20:03:28,15084@20/05/2026 19:56:32
2026-05-21T12:26:08.408Z [WARN]: [QRIS] Tidak ada transaksi terbaca dari API. Preview: 📤 Output: 0 dari 0 (filter: masuk) Tidak ada data mutasi.
2026-05-21T12:26:48.550Z [INFO]: [QRIS][user-8138423961-1779366141807] expected=3940 | transaksi(10)=5841@21/05/2026 18:55:32,10000@21/05/2026 18:16:11,8000@21/05/2026 08:36:00,10000@20/05/2026 20:03:28,15084@20/05/2026 19:56:32
2026-05-21T12:27:38.478Z [INFO]: Main menu sent
2026-05-21T12:27:40.304Z [INFO]: 🔍 User 8138423961 memulai proses top-up saldo.
2026-05-21T12:27:58.648Z [INFO]: [QRIS][user-8138423961-1779366473397] expected=3272 | transaksi(10)=5841@21/05/2026 18:55:32,10000@21/05/2026 18:16:11,8000@21/05/2026 08:36:00,10000@20/05/2026 20:03:28,15084@20/05/2026 19:56:32
2026-05-21T12:28:08.416Z [WARN]: [QRIS] Tidak ada transaksi terbaca dari API. Preview: 📤 Output: 0 dari 0 (filter: masuk) Tidak ada data mutasi.
2026-05-21T12:28:58.159Z [INFO]: [QRIS][user-8138423961-1779366473397] expected=3272 | transaksi(10)=5841@21/05/2026 18:55:32,10000@21/05/2026 18:16:11,8000@21/05/2026 08:36:00,10000@20/05/2026 20:03:28,15084@20/05/2026 19:56:32
2026-05-21T12:31:58.842Z [INFO]: [QRIS][user-8138423961-1779366473397] expected=3272 | transaksi(10)=3272@21/05/2026 19:31:55,5841@21/05/2026 18:55:32,10000@21/05/2026 18:16:11,8000@21/05/2026 08:36:00,10000@20/05/2026 20:03:28
2026-05-21T12:31:59.635Z [INFO]: Payment processed successfully for user-8138423961-1779366473397
2026-05-21T12:32:28.090Z [INFO]: Main menu sent
2026-05-21T12:32:30.572Z [INFO]: create service menu sent
2026-05-21T12:33:06.089Z [INFO]: Account create sukses user 8138423961, type: zivpn
2026-05-21T12:39:57.233Z [INFO]: Main menu sent
2026-05-21T12:39:58.643Z [INFO]: create service menu sent
2026-05-21T12:40:25.942Z [INFO]: 🎁 Reward: User 7960158114 +2 Poin (29 hari)
2026-05-21T12:40:27.430Z [INFO]: Account create sukses user 7960158114, type: zivpn
2026-05-21T13:00:02.840Z [INFO]: ⏰ Waktunya kirim notifikasi expired (20:00 WIB)
2026-05-21T13:00:08.283Z [INFO]: ✅ Sukses mengirim notifikasi expired ke 7 user.
2026-05-21T13:00:44.958Z [INFO]: Main menu sent
2026-05-21T13:01:06.358Z [INFO]: Main menu sent
2026-05-21T13:01:08.204Z [INFO]: 🔍 User 8001507141 memulai proses top-up saldo.
2026-05-21T13:01:28.567Z [INFO]: [QRIS][user-8001507141-1779368479968] expected=10230 | transaksi(10)=3272@21/05/2026 19:31:55,5841@21/05/2026 18:55:32,10000@21/05/2026 18:16:11,8000@21/05/2026 08:36:00,10000@20/05/2026 20:03:28
2026-05-21T13:01:56.855Z [INFO]: 🧹 Tidak ada akun yang perlu dihapus malam ini.
2026-05-21T13:02:18.597Z [INFO]: [QRIS][user-8001507141-1779368479968] expected=10230 | transaksi(10)=10230@21/05/2026 20:02:12,3272@21/05/2026 19:31:55,5841@21/05/2026 18:55:32,10000@21/05/2026 18:16:11,8000@21/05/2026 08:36:00
2026-05-21T13:02:19.324Z [INFO]: Payment processed successfully for user-8001507141-1779368479968
2026-05-21T13:02:33.711Z [INFO]: Main menu sent
2026-05-21T13:03:28.123Z [INFO]: Account renew sukses user 8001507141, type: ssh
2026-05-21T13:06:22.916Z [INFO]: Main menu sent
2026-05-21T13:06:24.471Z [INFO]: create service menu sent
2026-05-21T13:06:46.429Z [INFO]: 🎁 Reward: User 7960158114 +2 Poin (29 hari)
2026-05-21T13:06:47.905Z [INFO]: Account create sukses user 7960158114, type: zivpn
2026-05-21T13:11:04.347Z [INFO]: Main menu sent
2026-05-21T13:13:39.856Z [INFO]: Main menu sent
2026-05-21T13:13:52.372Z [INFO]: Main menu sent
2026-05-21T13:13:56.790Z [INFO]: renew service menu sent
2026-05-21T13:14:02.098Z [INFO]: Main menu sent
2026-05-21T14:01:56.856Z [INFO]: 🧹 Membersihkan 2 akun yang sudah expired > 24 jam.
2026-05-21T14:13:58.597Z [INFO]: Main menu sent
2026-05-21T14:14:01.300Z [INFO]: create service menu sent
2026-05-21T14:14:27.087Z [INFO]: Main menu sent
2026-05-21T14:14:31.067Z [INFO]: trial service menu sent
2026-05-21T14:15:14.549Z [INFO]: ✅ Trial zivpn dibuat oleh 7066604516
2026-05-21T14:20:51.544Z [INFO]: Account create sukses user 7612399455, type: zivpn
2026-05-21T14:45:10.256Z [INFO]: create service menu sent
2026-05-21T15:01:56.858Z [INFO]: 🧹 Membersihkan 1 akun yang sudah expired > 24 jam.
2026-05-21T15:15:42.659Z [INFO]: Main menu sent
2026-05-21T15:15:44.240Z [INFO]: create service menu sent
2026-05-21T15:16:24.898Z [INFO]: Account create sukses user 7612399455, type: zivpn
2026-05-21T15:39:28.220Z [INFO]: Main menu sent
2026-05-21T15:39:50.774Z [INFO]: Main menu sent
2026-05-21T15:53:00.967Z [INFO]: Main menu sent
2026-05-21T15:53:02.657Z [INFO]: trial service menu sent
2026-05-21T15:53:06.219Z [INFO]: ✅ Trial zivpn dibuat oleh 7960158114
2026-05-21T16:01:56.858Z [INFO]: 🧹 Membersihkan 2 akun yang sudah expired > 24 jam.
2026-05-21T16:02:00.082Z [WARN]: [BACKUP] Skip database.db karena file kosong (0 byte).
2026-05-21T16:02:00.083Z [INFO]: [BACKUP][Auto 24h] sent=3 missing=1 errors=0
2026-05-21T16:45:15.173Z [INFO]: Main menu sent
2026-05-21T16:45:29.035Z [INFO]: renew service menu sent
2026-05-21T16:46:33.812Z [INFO]: Main menu sent
2026-05-21T16:53:16.439Z [INFO]: Main menu sent
2026-05-21T16:53:21.166Z [INFO]: create service menu sent
2026-05-21T16:54:23.369Z [INFO]: Account create sukses user 6882700967, type: vmess
2026-05-21T17:01:56.857Z [INFO]: 🧹 Tidak ada akun yang perlu dihapus malam ini.
2026-05-21T17:15:45.401Z [INFO]: Account create sukses user 7612399455, type: zivpn
2026-05-21T17:48:30.332Z [INFO]: Main menu sent
2026-05-21T17:48:32.460Z [INFO]: trial service menu sent
2026-05-21T17:48:57.880Z [INFO]: ✅ Trial zivpn dibuat oleh 8035547823
2026-05-21T17:55:31.898Z [INFO]: Main menu sent
2026-05-21T17:55:53.686Z [INFO]: create service menu sent
2026-05-21T17:55:56.290Z [INFO]: Main menu sent
2026-05-21T17:55:59.968Z [INFO]: create service menu sent
2026-05-21T17:56:02.887Z [INFO]: Main menu sent
2026-05-21T17:56:21.340Z [INFO]: create service menu sent
2026-05-21T17:56:46.211Z [INFO]: Main menu sent
2026-05-21T17:56:48.796Z [INFO]: create service menu sent
2026-05-21T17:56:57.074Z [INFO]: Main menu sent
2026-05-21T17:56:59.821Z [INFO]: create service menu sent
2026-05-21T17:57:37.877Z [INFO]: Account create sukses user 5537130890, type: zivpn
2026-05-21T17:59:25.781Z [INFO]: Main menu sent
2026-05-21T17:59:31.361Z [INFO]: create service menu sent
2026-05-21T17:59:34.558Z [INFO]: Main menu sent
2026-05-21T17:59:58.085Z [INFO]: Main menu sent
2026-05-21T18:00:00.153Z [INFO]: 🔍 User 5206432153 memulai proses top-up saldo.
2026-05-21T18:00:18.783Z [INFO]: [QRIS][user-5206432153-1779386406648] expected=10270 | transaksi(10)=10000@22/05/2026 00:30:15,10230@21/05/2026 20:02:12,3272@21/05/2026 19:31:55,5841@21/05/2026 18:55:32,10000@21/05/2026 18:16:11
2026-05-21T18:01:56.857Z [INFO]: 🧹 Tidak ada akun yang perlu dihapus malam ini.
2026-05-21T18:10:00.804Z [INFO]: Main menu sent
2026-05-21T18:10:02.506Z [INFO]: 🔍 User 5206432153 memulai proses top-up saldo.
2026-05-21T18:10:18.795Z [INFO]: [QRIS][user-5206432153-1779387016238] expected=10545 | transaksi(10)=10000@22/05/2026 00:30:15,10230@21/05/2026 20:02:12,3272@21/05/2026 19:31:55,5841@21/05/2026 18:55:32,10000@21/05/2026 18:16:11
2026-05-21T18:11:28.785Z [INFO]: [QRIS][user-5206432153-1779387016238] expected=10545 | transaksi(10)=10545@22/05/2026 01:11:22,10000@22/05/2026 00:30:15,10230@21/05/2026 20:02:12,3272@21/05/2026 19:31:55,5841@21/05/2026 18:55:32
2026-05-21T18:11:29.591Z [INFO]: Payment processed successfully for user-5206432153-1779387016238
2026-05-21T18:11:32.990Z [INFO]: Main menu sent
2026-05-21T18:11:37.321Z [INFO]: create service menu sent
2026-05-21T18:12:02.570Z [INFO]: Account create sukses user 5206432153, type: zivpn
2026-05-21T18:22:06.297Z [INFO]: Main menu sent
2026-05-21T18:23:02.447Z [INFO]: Main menu sent
2026-05-21T18:23:07.550Z [INFO]: trial service menu sent
2026-05-21T18:23:24.244Z [INFO]: ✅ Trial zivpn dibuat oleh 983263475
2026-05-21T18:23:37.231Z [INFO]: Main menu sent
2026-05-21T18:25:06.612Z [INFO]: trial service menu sent
2026-05-21T18:25:38.485Z [INFO]: ✅ Trial zivpn dibuat oleh 5206432153
2026-05-21T18:26:20.460Z [INFO]: Main menu sent
2026-05-21T18:34:00.804Z [INFO]: Main menu sent
2026-05-21T18:34:02.837Z [INFO]: create service menu sent
2026-05-21T18:34:07.591Z [INFO]: Main menu sent
2026-05-21T18:34:09.220Z [INFO]: create service menu sent
2026-05-21T18:34:59.941Z [INFO]: Account create sukses user 5206432153, type: zivpn
2026-05-21T18:38:48.690Z [INFO]: Main menu sent
2026-05-21T18:38:57.417Z [INFO]: create service menu sent
2026-05-21T18:39:42.151Z [INFO]: Main menu sent
2026-05-21T18:39:48.505Z [INFO]: create service menu sent
2026-05-21T18:47:04.275Z [INFO]: Main menu sent
2026-05-21T18:55:08.098Z [INFO]: create service menu sent
2026-05-21T18:59:24.131Z [INFO]: Main menu sent
2026-05-21T19:01:56.866Z [INFO]: 🧹 Tidak ada akun yang perlu dihapus malam ini.
2026-05-21T19:14:07.844Z [INFO]: Main menu sent
2026-05-21T19:14:09.611Z [INFO]: create service menu sent
2026-05-21T19:14:51.994Z [INFO]: Account create sukses user 5206432153, type: ssh
2026-05-21T19:17:13.755Z [INFO]: Main menu sent
2026-05-21T20:01:56.857Z [INFO]: 🧹 Tidak ada akun yang perlu dihapus malam ini.
2026-05-21T20:38:19.173Z [INFO]: Main menu sent
2026-05-21T21:01:56.857Z [INFO]: 🧹 Tidak ada akun yang perlu dihapus malam ini.
2026-05-21T22:01:56.857Z [INFO]: 🧹 Tidak ada akun yang perlu dihapus malam ini.
2026-05-21T22:19:57.992Z [INFO]: Main menu sent
2026-05-21T22:23:49.634Z [INFO]: Main menu sent
2026-05-21T22:39:00.231Z [INFO]: Main menu sent
2026-05-21T22:39:03.865Z [INFO]: create service menu sent
2026-05-21T22:41:34.466Z [INFO]: Main menu sent
2026-05-21T22:44:48.477Z [INFO]: Main menu sent
2026-05-21T23:01:56.857Z [INFO]: 🧹 Tidak ada akun yang perlu dihapus malam ini.
2026-05-21T23:02:12.266Z [INFO]: Main menu sent
2026-05-21T23:02:21.849Z [INFO]: create service menu sent
2026-05-21T23:03:49.731Z [INFO]: Account create sukses user 6717605132, type: zivpn
2026-05-21T23:14:43.674Z [INFO]: Main menu sent
2026-05-21T23:14:45.859Z [INFO]: trial service menu sent
2026-05-21T23:14:50.253Z [INFO]: ✅ Trial zivpn dibuat oleh 8461801575
2026-05-21T23:49:30.275Z [INFO]: Main menu sent
2026-05-21T23:49:55.880Z [INFO]: create service menu sent
2026-05-21T23:51:02.060Z [INFO]: Account create sukses user 876030563, type: zivpn
2026-05-22T00:01:56.857Z [INFO]: 🧹 Tidak ada akun yang perlu dihapus malam ini.
2026-05-22T01:01:56.857Z [INFO]: 🧹 Tidak ada akun yang perlu dihapus malam ini.
2026-05-22T01:12:19.723Z [INFO]: Main menu sent
2026-05-22T01:12:25.434Z [INFO]: create service menu sent
2026-05-22T01:13:31.293Z [INFO]: Account create sukses user 328922489, type: zivpn
2026-05-22T02:01:56.856Z [INFO]: 🧹 Tidak ada akun yang perlu dihapus malam ini.
2026-05-22T02:21:26.367Z [INFO]: Main menu sent
2026-05-22T02:21:29.888Z [INFO]: create service menu sent
2026-05-22T02:21:35.678Z [INFO]: Main menu sent
2026-05-22T02:26:21.961Z [INFO]: renew service menu sent
2026-05-22T02:26:28.601Z [INFO]: Main menu sent
2026-05-22T02:40:19.592Z [INFO]: Main menu sent
2026-05-22T02:41:35.048Z [INFO]: Main menu sent
2026-05-22T03:01:56.859Z [INFO]: 🧹 Tidak ada akun yang perlu dihapus malam ini.
2026-05-22T03:25:42.710Z [INFO]: Main menu sent
2026-05-22T03:25:49.015Z [INFO]: create service menu sent
2026-05-22T03:26:10.328Z [ERROR]: Transaksi gagal user 1377629179 (create): ❌  username akun sudah di gunakan
masukan username baru!
2026-05-22T03:38:46.525Z [INFO]: Main menu sent
2026-05-22T03:41:38.442Z [INFO]: Main menu sent
2026-05-22T03:45:33.316Z [INFO]: create service menu sent
2026-05-22T03:45:59.178Z [INFO]: Account create sukses user 7698178607, type: zivpn
2026-05-22T04:01:56.860Z [INFO]: 🧹 Membersihkan 1 akun yang sudah expired > 24 jam.
2026-05-22T04:52:34.306Z [INFO]: Main menu sent
2026-05-22T05:01:56.859Z [INFO]: 🧹 Membersihkan 1 akun yang sudah expired > 24 jam.
2026-05-22T05:27:20.757Z [INFO]: Main menu sent
2026-05-22T05:27:23.585Z [INFO]: create service menu sent
2026-05-22T05:27:30.992Z [INFO]: Main menu sent
2026-05-22T05:48:26.068Z [INFO]: Main menu sent
2026-05-22T05:48:27.946Z [INFO]: create service menu sent
2026-05-22T05:48:34.040Z [INFO]: Main menu sent
2026-05-22T05:48:36.199Z [INFO]: create service menu sent
2026-05-22T05:48:50.236Z [INFO]: Main menu sent
2026-05-22T06:01:56.861Z [INFO]: 🧹 Membersihkan 1 akun yang sudah expired > 24 jam.
2026-05-22T06:28:18.615Z [INFO]: Main menu sent
2026-05-22T06:31:41.594Z [INFO]: Main menu sent
2026-05-22T06:32:00.854Z [INFO]: create service menu sent
2026-05-22T06:35:00.339Z [INFO]: Main menu sent
2026-05-22T06:35:03.154Z [INFO]: 🔍 User 5822437857 memulai proses top-up saldo.
2026-05-22T06:35:22.043Z [INFO]: [QRIS][user-5822437857-1779431714636] expected=2159 | transaksi(10)=10545@22/05/2026 01:11:22,10000@22/05/2026 00:30:15,10230@21/05/2026 20:02:12,3272@21/05/2026 19:31:55,5841@21/05/2026 18:55:32
2026-05-22T06:36:29.840Z [INFO]: [QRIS][user-5822437857-1779431714636] expected=2159 | transaksi(10)=2159@22/05/2026 13:36:27,10545@22/05/2026 01:11:22,10000@22/05/2026 00:30:15,10230@21/05/2026 20:02:12,3272@21/05/2026 19:31:55
2026-05-22T06:36:30.548Z [INFO]: Payment processed successfully for user-5822437857-1779431714636
2026-05-22T06:36:51.022Z [INFO]: Main menu sent
2026-05-22T06:36:53.644Z [INFO]: create service menu sent
2026-05-22T06:38:13.634Z [INFO]: Main menu sent
2026-05-22T06:45:22.219Z [INFO]: Main menu sent
2026-05-22T06:45:23.920Z [INFO]: create service menu sent
2026-05-22T06:45:26.073Z [INFO]: Main menu sent
2026-05-22T06:45:27.555Z [INFO]: trial service menu sent
2026-05-22T06:45:44.765Z [INFO]: ✅ Trial vmess dibuat oleh 5206432153
2026-05-22T07:01:56.860Z [INFO]: 🧹 Tidak ada akun yang perlu dihapus malam ini.
2026-05-22T07:18:38.728Z [INFO]: create service menu sent
2026-05-22T07:23:45.022Z [INFO]: Bot initialized
2026-05-22T07:23:45.029Z [INFO]: User state initialized
2026-05-22T07:23:45.032Z [INFO]: [AUTOBACKUP] Aktif setiap 24 jam (tanpa backup saat startup).
2026-05-22T07:23:45.098Z [INFO]: Server berjalan di port 6061
2026-05-22T07:23:45.099Z [INFO]: ⏰ Scheduler Aktif: Pengecekan akun expired & reseller pasif berjalan setiap 1 jam.
2026-05-22T07:23:45.099Z [INFO]: ✅ Scheduler Notifikasi Aktif (Jadwal: 20:00 WIB)
2026-05-22T07:23:45.112Z [INFO]: Terhubung ke SQLite3
2026-05-22T07:23:45.124Z [INFO]: Server table ready
2026-05-22T07:23:45.125Z [INFO]: Transactions table ready
2026-05-22T07:23:45.125Z [INFO]: Table user_accounts ready
2026-05-22T07:23:45.126Z [INFO]: Add IP price loaded from DB: 2000
2026-05-22T07:23:45.126Z [INFO]: Pending deposit loaded:
2026-05-22T07:23:45.127Z [INFO]: 🧹 Tidak ada akun yang perlu dihapus malam ini.
2026-05-22T07:23:45.839Z [INFO]: Admin username detected: @xyztunnn
2026-05-22T07:23:46.969Z [INFO]: ✅ [SYSTEM] Logo QRIS berhasil disimpan di memori.
2026-05-22T07:44:28.126Z [INFO]: Bot initialized
2026-05-22T07:44:28.158Z [INFO]: User state initialized
2026-05-22T07:44:28.162Z [INFO]: [AUTOBACKUP] Aktif setiap 24 jam (tanpa backup saat startup).
2026-05-22T07:44:28.216Z [INFO]: Server berjalan di port 6061
2026-05-22T07:44:28.217Z [INFO]: ⏰ Scheduler Aktif: Pengecekan akun expired & reseller pasif berjalan setiap 1 jam.
2026-05-22T07:44:28.218Z [INFO]: ✅ Scheduler Notifikasi Aktif (Jadwal: 20:00 WIB)
2026-05-22T07:44:28.259Z [INFO]: Terhubung ke SQLite3
2026-05-22T07:44:28.272Z [INFO]: Server table ready
2026-05-22T07:44:28.273Z [INFO]: Transactions table ready
2026-05-22T07:44:28.273Z [INFO]: Table user_accounts ready
2026-05-22T07:44:28.274Z [INFO]: Add IP price loaded from DB: 2000
2026-05-22T07:44:28.275Z [INFO]: Pending deposit loaded:
2026-05-22T07:44:28.275Z [INFO]: 🧹 Tidak ada akun yang perlu dihapus malam ini.
2026-05-22T07:44:28.995Z [INFO]: Admin username detected: @xyztunnn
2026-05-22T07:44:30.109Z [INFO]: ✅ [SYSTEM] Logo QRIS berhasil disimpan di memori.
2026-05-22T07:44:36.251Z [INFO]: Main menu sent
2026-05-22T07:53:42.289Z [INFO]: create service menu sent
2026-05-22T08:08:35.577Z [INFO]: Bot initialized
2026-05-22T08:08:35.584Z [INFO]: User state initialized
2026-05-22T08:08:35.588Z [INFO]: [AUTOBACKUP] Aktif setiap 24 jam (tanpa backup saat startup).
2026-05-22T08:08:35.670Z [INFO]: Server berjalan di port 6061
2026-05-22T08:08:35.671Z [INFO]: ⏰ Scheduler Aktif: Pengecekan akun expired & reseller pasif berjalan setiap 1 jam.
2026-05-22T08:08:35.672Z [INFO]: ✅ Scheduler Notifikasi Aktif (Jadwal: 20:00 WIB)
2026-05-22T08:08:35.685Z [INFO]: Terhubung ke SQLite3
2026-05-22T08:08:35.700Z [INFO]: Server table ready
2026-05-22T08:08:35.701Z [INFO]: Transactions table ready
2026-05-22T08:08:35.701Z [INFO]: Table user_accounts ready
2026-05-22T08:08:35.702Z [INFO]: Add IP price loaded from DB: 2000
2026-05-22T08:08:35.702Z [INFO]: Pending deposit loaded:
2026-05-22T08:08:35.704Z [INFO]: 🧹 Membersihkan 4 akun yang sudah expired > 24 jam.
2026-05-22T08:08:36.403Z [INFO]: Admin username detected: @xyztunnn
2026-05-22T08:08:36.645Z [INFO]: ✅ [SYSTEM] Logo QRIS berhasil disimpan di memori.
2026-05-22T08:08:53.941Z [INFO]: Main menu sent
2026-05-22T08:10:26.346Z [INFO]: Admin menu requested
2026-05-22T08:10:26.889Z [INFO]: Admin menu sent as new message
2026-05-22T08:10:38.193Z [INFO]: Add saldo user process started (manual input ID)
2026-05-22T08:10:47.078Z [INFO]: Admin 7768199065 menambah saldo Rp10100 ke user 5206432153 (Saldo akhir: Rp10100).
2026-05-22T08:11:22.291Z [INFO]: Admin menu requested
2026-05-22T08:11:22.835Z [INFO]: Admin menu sent as new message
2026-05-22T08:11:30.212Z [INFO]: Add saldo user process started (manual input ID)
2026-05-22T08:12:36.661Z [INFO]: Admin menu requested
2026-05-22T08:12:37.202Z [INFO]: Admin menu sent as new message
2026-05-22T08:12:38.517Z [INFO]: Add saldo user process started (manual input ID)
2026-05-22T08:13:04.442Z [INFO]: Admin 7768199065 menambah saldo Rp2000 ke user 5822437857 (Saldo akhir: Rp2000).
2026-05-22T08:15:24.588Z [INFO]: Main menu sent
2026-05-22T08:25:40.099Z [INFO]: Main menu sent
2026-05-22T08:25:43.824Z [INFO]: trial service menu sent
2026-05-22T08:26:03.057Z [INFO]: ✅ Trial vmess dibuat oleh 8035547823
2026-05-22T08:28:22.755Z [INFO]: Main menu sent
2026-05-22T08:28:29.625Z [INFO]: create service menu sent
2026-05-22T08:29:41.165Z [INFO]: Account create sukses user 8035547823, type: vmess
2026-05-22T09:08:35.672Z [INFO]: 🧹 Tidak ada akun yang perlu dihapus malam ini.
2026-05-22T09:42:34.667Z [INFO]: Main menu sent
2026-05-22T09:42:36.091Z [INFO]: create service menu sent
2026-05-22T09:43:00.211Z [INFO]: Main menu sent
2026-05-22T09:43:03.675Z [INFO]: create service menu sent
2026-05-22T09:43:22.906Z [INFO]: 🎁 Reward: User 7960158114 +1 Poin (14 hari)
2026-05-22T09:43:24.007Z [INFO]: Account create sukses user 7960158114, type: vmess
2026-05-22T09:54:29.950Z [INFO]: Main menu sent
2026-05-22T09:55:08.587Z [INFO]: Main menu sent
2026-05-22T09:55:14.950Z [INFO]: renew service menu sent
2026-05-22T09:55:48.596Z [INFO]: Main menu sent
2026-05-22T09:55:52.291Z [INFO]: Main menu sent
2026-05-22T09:56:31.304Z [INFO]: Main menu sent
2026-05-22T09:56:49.522Z [INFO]: Account renew sukses user 6882700967, type: vmess
2026-05-22T09:57:10.170Z [INFO]: Main menu sent
2026-05-22T10:08:35.674Z [INFO]: 🧹 Tidak ada akun yang perlu dihapus malam ini.
2026-05-22T10:17:16.423Z [INFO]: Main menu sent
2026-05-22T10:17:19.078Z [INFO]: create service menu sent
2026-05-22T10:43:29.312Z [INFO]: Main menu sent
2026-05-22T10:43:33.498Z [INFO]: create service menu sent
2026-05-22T10:43:36.443Z [INFO]: Main menu sent
2026-05-22T10:43:41.515Z [INFO]: create service menu sent
2026-05-22T10:44:54.736Z [INFO]: Main menu sent
2026-05-22T10:45:05.793Z [INFO]: create service menu sent
2026-05-22T10:45:08.067Z [INFO]: Main menu sent
2026-05-22T10:45:11.539Z [INFO]: 🔍 User 8344192986 memulai proses top-up saldo.
2026-05-22T10:47:15.489Z [INFO]: Main menu sent
2026-05-22T10:47:19.066Z [INFO]: create service menu sent
2026-05-22T10:48:58.244Z [INFO]: Main menu sent
2026-05-22T10:49:03.918Z [INFO]: 🔍 User 8344192986 memulai proses top-up saldo.
2026-05-22T10:49:15.919Z [INFO]: [QRIS][user-8344192986-1779446951743] expected=10027 | transaksi(9)=2159@22/05/2026 13:36:27,10545@22/05/2026 01:11:22,10000@22/05/2026 00:30:15,10230@21/05/2026 20:02:12,3272@21/05/2026 19:31:55
2026-05-22T10:49:45.850Z [INFO]: [QRIS][user-8344192986-1779446951743] expected=10027 | transaksi(9)=10027@22/05/2026 17:49:39,2159@22/05/2026 13:36:27,10545@22/05/2026 01:11:22,10000@22/05/2026 00:30:15,10230@21/05/2026 20:02:12
2026-05-22T10:49:46.589Z [INFO]: Payment processed successfully for user-8344192986-1779446951743
2026-05-22T10:49:54.676Z [INFO]: Main menu sent
2026-05-22T10:50:00.598Z [INFO]: create service menu sent
2026-05-22T10:50:24.773Z [INFO]: Account create sukses user 8344192986, type: zivpn
2026-05-22T10:53:25.211Z [INFO]: Main menu sent
2026-05-22T10:53:28.049Z [INFO]: Main menu sent
2026-05-22T10:58:49.476Z [INFO]: Main menu sent
2026-05-22T10:58:53.704Z [INFO]: trial service menu sent
2026-05-22T10:59:01.103Z [INFO]: ✅ Trial ssh dibuat oleh 7960158114
2026-05-22T10:59:10.623Z [INFO]: Main menu sent
2026-05-22T11:00:51.535Z [INFO]: create service menu sent
2026-05-22T11:01:16.864Z [INFO]: Main menu sent
2026-05-22T11:01:21.739Z [INFO]: Main menu sent
2026-05-22T11:03:06.688Z [INFO]: create service menu sent
2026-05-22T11:03:23.705Z [INFO]: Main menu sent
2026-05-22T11:03:28.077Z [INFO]: create service menu sent
2026-05-22T11:03:44.574Z [INFO]: Main menu sent
2026-05-22T11:03:52.715Z [INFO]: create service menu sent
2026-05-22T11:04:04.150Z [INFO]: Main menu sent
2026-05-22T11:05:57.836Z [INFO]: create service menu sent
2026-05-22T11:06:37.220Z [INFO]: Main menu sent
2026-05-22T11:08:01.440Z [INFO]: Main menu sent
2026-05-22T11:08:02.969Z [INFO]: create service menu sent
2026-05-22T11:08:35.675Z [INFO]: 🧹 Membersihkan 1 akun yang sudah expired > 24 jam.
2026-05-22T11:08:44.495Z [INFO]: 🎁 Reward: User 7960158114 +2 Poin (29 hari)
2026-05-22T11:08:45.979Z [INFO]: Account create sukses user 7960158114, type: ssh
2026-05-22T11:09:18.771Z [INFO]: create service menu sent
2026-05-22T11:09:20.940Z [INFO]: Main menu sent
2026-05-22T11:09:22.676Z [INFO]: create service menu sent
2026-05-22T11:09:24.741Z [INFO]: Main menu sent
2026-05-22T11:09:29.461Z [INFO]: trial service menu sent
2026-05-22T11:09:36.150Z [INFO]: Main menu sent
2026-05-22T11:09:38.207Z [INFO]: create service menu sent
2026-05-22T11:10:14.372Z [INFO]: Main menu sent
2026-05-22T11:10:17.820Z [INFO]: 🔍 User 8344192986 memulai proses top-up saldo.
2026-05-22T11:11:18.954Z [INFO]: Main menu sent
2026-05-22T11:11:33.908Z [INFO]: Main menu sent
2026-05-22T11:11:35.613Z [INFO]: del service menu sent
2026-05-22T11:11:37.719Z [INFO]: Main menu sent
2026-05-22T11:12:03.550Z [INFO]: Main menu sent
2026-05-22T11:12:57.218Z [INFO]: Main menu sent
2026-05-22T11:12:58.970Z [INFO]: create service menu sent
2026-05-22T11:13:30.673Z [INFO]: Main menu sent
2026-05-22T11:13:30.847Z [INFO]: Admin menu requested
2026-05-22T11:13:31.452Z [INFO]: Admin menu sent as new message
2026-05-22T11:13:34.598Z [INFO]: Admin 7768199065 mengecek saldo user 8344192986: Rp4000
2026-05-22T11:13:38.497Z [INFO]: Add saldo user process started (manual input ID)
2026-05-22T11:13:45.211Z [INFO]: Admin 7768199065 menambah saldo Rp6000 ke user 8344192986 (Saldo akhir: Rp10000).
2026-05-22T11:14:45.531Z [INFO]: Main menu sent
2026-05-22T11:16:14.046Z [INFO]: 🔍 User 8344192986 memulai proses top-up saldo.
2026-05-22T11:16:35.938Z [INFO]: [QRIS][user-8344192986-1779448593447] expected=10286 | transaksi(9)=10027@22/05/2026 17:49:39,2159@22/05/2026 13:36:27,10545@22/05/2026 01:11:22,10000@22/05/2026 00:30:15,10230@21/05/2026 20:02:12
2026-05-22T11:17:11.582Z [INFO]: create service menu sent
2026-05-22T11:17:55.930Z [INFO]: [QRIS][user-8344192986-1779448593447] expected=10286 | transaksi(9)=10286@22/05/2026 18:17:45,10027@22/05/2026 17:49:39,2159@22/05/2026 13:36:27,10545@22/05/2026 01:11:22,10000@22/05/2026 00:30:15
2026-05-22T11:17:56.646Z [INFO]: Payment processed successfully for user-8344192986-1779448593447
2026-05-22T11:18:08.819Z [INFO]: Main menu sent
2026-05-22T11:20:31.254Z [INFO]: Main menu sent
2026-05-22T11:20:31.799Z [INFO]: Main menu sent
2026-05-22T11:21:39.270Z [INFO]: Main menu sent
2026-05-22T11:22:09.198Z [INFO]: Admin menu requested
2026-05-22T11:22:09.737Z [INFO]: Admin menu sent as new message
2026-05-22T11:22:19.344Z [INFO]: Admin 7768199065 menghapus saldo user 8344192986 dari Rp20000 menjadi Rp0.
2026-05-22T11:22:23.212Z [INFO]: Add saldo user process started (manual input ID)
2026-05-22T11:22:32.297Z [INFO]: Admin menu requested
2026-05-22T11:22:32.825Z [INFO]: Admin menu sent as new message
2026-05-22T11:22:34.251Z [INFO]: create service menu sent
2026-05-22T11:22:34.738Z [INFO]: Add saldo user process started (manual input ID)
2026-05-22T11:22:36.636Z [INFO]: Main menu sent
2026-05-22T11:22:40.867Z [INFO]: Admin 7768199065 menambah saldo Rp10000 ke user 8344192986 (Saldo akhir: Rp10000).
2026-05-22T11:22:54.432Z [INFO]: Main menu sent
2026-05-22T11:23:02.475Z [INFO]: Main menu sent
2026-05-22T11:26:16.319Z [INFO]: create service menu sent
2026-05-22T11:27:13.350Z [INFO]: Account create sukses user 8344192986, type: ssh
2026-05-22T11:28:33.572Z [INFO]: Main menu sent
2026-05-22T11:30:43.228Z [INFO]: Main menu sent
2026-05-22T11:30:48.926Z [INFO]: Main menu sent
2026-05-22T11:30:49.573Z [INFO]: create service menu sent
2026-05-22T11:30:59.239Z [INFO]: create service menu sent
2026-05-22T11:31:07.952Z [INFO]: Main menu sent
2026-05-22T11:31:43.040Z [INFO]: Main menu sent
2026-05-22T11:31:45.057Z [INFO]: create service menu sent
2026-05-22T11:31:54.763Z [INFO]: Main menu sent
2026-05-22T11:31:56.847Z [INFO]: create service menu sent
2026-05-22T11:33:42.703Z [INFO]: create service menu sent
2026-05-22T11:33:46.947Z [INFO]: create service menu sent
2026-05-22T11:33:58.594Z [INFO]: Main menu sent
2026-05-22T11:34:01.517Z [INFO]: create service menu sent
2026-05-22T11:34:34.601Z [INFO]: 🎁 Reward: User 7960158114 +2 Poin (29 hari)
2026-05-22T11:34:36.098Z [INFO]: Account create sukses user 7960158114, type: ssh
2026-05-22T11:43:48.306Z [INFO]: Main menu sent
2026-05-22T11:43:50.650Z [INFO]: create service menu sent
2026-05-22T11:47:26.094Z [INFO]: 🎁 Reward: User 7960158114 +1 Poin (7 hari)
2026-05-22T11:47:27.210Z [INFO]: Account create sukses user 7960158114, type: vmess
2026-05-22T11:47:34.863Z [INFO]: 🎁 Reward: User 7960158114 +1 Poin (7 hari)
2026-05-22T11:47:35.971Z [INFO]: Account create sukses user 7960158114, type: vmess
2026-05-22T11:49:37.515Z [INFO]: create service menu sent
2026-05-22T11:53:02.644Z [INFO]: Admin menu requested
2026-05-22T11:53:03.211Z [INFO]: Admin menu sent as new message
2026-05-22T11:53:05.194Z [INFO]: Add saldo user process started (manual input ID)
2026-05-22T11:53:13.006Z [INFO]: Admin 7768199065 menambah saldo Rp13920 ke user 8138423961 (Saldo akhir: Rp14240).
2026-05-22T11:54:03.494Z [INFO]: Main menu sent
2026-05-22T11:54:05.169Z [INFO]: create service menu sent
2026-05-22T11:54:13.944Z [INFO]: Main menu sent
2026-05-22T11:54:15.592Z [INFO]: create service menu sent
2026-05-22T11:55:01.931Z [INFO]: Main menu sent
2026-05-22T11:55:09.031Z [INFO]: Account create sukses user 8138423961, type: ssh
2026-05-22T12:08:35.676Z [INFO]: 🧹 Membersihkan 1 akun yang sudah expired > 24 jam.
2026-05-22T12:24:27.537Z [INFO]: Main menu sent
2026-05-22T12:35:03.284Z [INFO]: Main menu sent
2026-05-22T12:35:17.670Z [INFO]: create service menu sent
2026-05-22T12:35:44.354Z [INFO]: Main menu sent
2026-05-22T12:35:53.142Z [INFO]: Main menu sent
2026-05-22T12:36:37.799Z [INFO]: Main menu sent
2026-05-22T12:36:43.009Z [INFO]: 🔍 User 6151503774 memulai proses top-up saldo.
2026-05-22T13:00:35.726Z [INFO]: ⏰ Waktunya kirim notifikasi expired (20:00 WIB)
2026-05-22T13:00:40.912Z [INFO]: ✅ Sukses mengirim notifikasi expired ke 8 user.
2026-05-22T13:08:35.676Z [INFO]: 🧹 Membersihkan 1 akun yang sudah expired > 24 jam.
2026-05-22T13:16:25.284Z [INFO]: create service menu sent
2026-05-22T13:16:49.643Z [INFO]: Main menu sent
2026-05-22T13:17:17.714Z [INFO]: Main menu sent
2026-05-22T13:17:23.192Z [INFO]: create service menu sent
2026-05-22T13:17:51.321Z [INFO]: Main menu sent
2026-05-22T13:17:53.719Z [INFO]: create service menu sent
2026-05-22T13:18:00.179Z [INFO]: Main menu sent
2026-05-22T13:18:40.034Z [INFO]: Main menu sent
2026-05-22T13:19:07.580Z [INFO]: Main menu sent
2026-05-22T14:08:35.687Z [INFO]: 🧹 Membersihkan 2 akun yang sudah expired > 24 jam.
2026-05-22T14:36:18.815Z [INFO]: Main menu sent
2026-05-22T14:36:20.314Z [INFO]: create service menu sent
2026-05-22T14:36:31.024Z [INFO]: Main menu sent
2026-05-22T14:36:33.658Z [INFO]: create service menu sent
2026-05-22T14:36:39.019Z [INFO]: Main menu sent
2026-05-22T15:08:35.675Z [INFO]: 🧹 Tidak ada akun yang perlu dihapus malam ini.
2026-05-22T15:15:26.062Z [INFO]: Main menu sent
2026-05-22T15:15:32.864Z [INFO]: create service menu sent
2026-05-22T15:16:02.093Z [INFO]: Main menu sent
2026-05-22T15:16:18.219Z [INFO]: Main menu sent
2026-05-22T15:17:30.513Z [INFO]: Main menu sent
2026-05-22T15:17:32.363Z [INFO]: create service menu sent
2026-05-22T15:30:31.328Z [INFO]: Main menu sent
2026-05-22T15:31:49.965Z [INFO]: Main menu sent
2026-05-22T15:31:57.308Z [INFO]: create service menu sent
2026-05-22T15:32:53.760Z [INFO]: Account renew sukses user 8169707317, type: ssh
2026-05-22T15:34:00.662Z [INFO]: Account create sukses user 5206432153, type: ssh
2026-05-22T15:49:49.006Z [INFO]: Main menu sent
2026-05-22T15:49:50.740Z [INFO]: create service menu sent
2026-05-22T15:49:53.665Z [INFO]: Main menu sent
2026-05-22T16:08:35.677Z [INFO]: 🧹 Membersihkan 2 akun yang sudah expired > 24 jam.
2026-05-22T16:16:02.859Z [INFO]: Main menu sent
2026-05-22T16:16:05.577Z [INFO]: create service menu sent
2026-05-22T16:16:22.968Z [INFO]: Main menu sent
2026-05-22T16:17:09.037Z [INFO]: Main menu sent
2026-05-22T17:08:35.678Z [INFO]: 🧹 Membersihkan 2 akun yang sudah expired > 24 jam.
2026-05-22T17:29:25.338Z [INFO]: Main menu sent
2026-05-22T17:29:30.242Z [INFO]: create service menu sent
2026-05-22T17:55:58.415Z [INFO]: Main menu sent
2026-05-22T18:08:35.677Z [INFO]: 🧹 Tidak ada akun yang perlu dihapus malam ini.
2026-05-22T18:16:24.589Z [INFO]: Main menu sent
2026-05-22T18:16:29.434Z [INFO]: create service menu sent
2026-05-22T18:33:33.315Z [INFO]: Main menu sent
2026-05-22T18:33:35.459Z [INFO]: create service menu sent
2026-05-22T18:41:30.434Z [INFO]: Account create sukses user 5822437857, type: zivpn
2026-05-22T19:08:35.677Z [INFO]: 🧹 Tidak ada akun yang perlu dihapus malam ini.
2026-05-22T20:08:35.678Z [INFO]: 🧹 Tidak ada akun yang perlu dihapus malam ini.
2026-05-22T21:08:35.685Z [INFO]: 🧹 Tidak ada akun yang perlu dihapus malam ini.
2026-05-22T22:08:35.685Z [INFO]: 🧹 Tidak ada akun yang perlu dihapus malam ini.
2026-05-22T22:13:50.541Z [INFO]: Main menu sent
2026-05-22T22:25:43.049Z [INFO]: create service menu sent
2026-05-22T22:25:50.784Z [INFO]: Main menu sent
2026-05-22T22:25:52.395Z [INFO]: create service menu sent
2026-05-22T22:25:57.772Z [INFO]: Main menu sent
2026-05-22T22:51:34.135Z [INFO]: Main menu sent
2026-05-22T22:51:36.008Z [INFO]: create service menu sent
2026-05-22T22:59:53.513Z [INFO]: Main menu sent
2026-05-22T23:00:16.652Z [INFO]: Main menu sent
2026-05-22T23:00:19.078Z [INFO]: create service menu sent
2026-05-22T23:00:41.345Z [INFO]: Main menu sent
2026-05-22T23:00:44.522Z [INFO]: create service menu sent
2026-05-22T23:02:24.569Z [INFO]: Main menu sent
2026-05-22T23:02:51.089Z [INFO]: 🔍 User 8629869896 memulai proses top-up saldo.
2026-05-22T23:02:51.442Z [INFO]: 🔍 Reseller 8629869896 diminta untuk memasukkan jumlah nominal saldo (keypad).
2026-05-22T23:08:35.684Z [INFO]: 🧹 Tidak ada akun yang perlu dihapus malam ini.
2026-05-22T23:43:26.778Z [INFO]: Main menu sent
2026-05-23T00:08:35.685Z [INFO]: 🧹 Membersihkan 2 akun yang sudah expired > 24 jam.
2026-05-23T00:51:50.396Z [INFO]: Main menu sent
2026-05-23T00:51:54.005Z [INFO]: trial service menu sent
2026-05-23T00:52:15.129Z [INFO]: ✅ Trial ssh dibuat oleh 328922489
2026-05-23T00:57:20.375Z [INFO]: Main menu sent
2026-05-23T00:57:25.522Z [INFO]: 🔍 User 6380781342 memulai proses top-up saldo.
2026-05-23T00:57:37.272Z [INFO]: [QRIS][user-6380781342-1779497850940] expected=5144 | transaksi(9)=15000@22/05/2026 18:35:22,24000@22/05/2026 18:29:42,10286@22/05/2026 18:17:45,10027@22/05/2026 17:49:39,2159@22/05/2026 13:36:27
2026-05-23T00:58:07.194Z [INFO]: [QRIS][user-6380781342-1779497850940] expected=5144 | transaksi(9)=5144@23/05/2026 07:58:03,15000@22/05/2026 18:35:22,24000@22/05/2026 18:29:42,10286@22/05/2026 18:17:45,10027@22/05/2026 17:49:39
2026-05-23T00:58:07.904Z [INFO]: Payment processed successfully for user-6380781342-1779497850940
2026-05-23T00:58:13.713Z [INFO]: Main menu sent
2026-05-23T00:58:18.656Z [INFO]: renew service menu sent
2026-05-23T00:58:36.471Z [ERROR]: Transaksi gagal user 6380781342 (renew): ❌ respons error:
client yuyu not exists, try another name
2026-05-23T00:58:47.679Z [INFO]: Main menu sent
2026-05-23T00:58:50.558Z [INFO]: create service menu sent
2026-05-23T00:59:20.694Z [INFO]: Account create sukses user 6380781342, type: ssh
2026-05-23T01:08:35.684Z [INFO]: 🧹 Tidak ada akun yang perlu dihapus malam ini.
2026-05-23T01:21:56.819Z [INFO]: Main menu sent
2026-05-23T01:43:03.657Z [INFO]: create service menu sent
2026-05-23T01:56:14.936Z [INFO]: create service menu sent
2026-05-23T01:57:43.588Z [INFO]: Main menu sent
2026-05-23T01:57:45.365Z [INFO]: create service menu sent
2026-05-23T01:59:36.490Z [INFO]: Main menu sent
2026-05-23T01:59:38.201Z [INFO]: create service menu sent
2026-05-23T02:01:32.054Z [INFO]: Account create sukses user 7568909025, type: vmess
2026-05-23T02:08:35.684Z [INFO]: 🧹 Tidak ada akun yang perlu dihapus malam ini.
2026-05-23T02:22:40.531Z [INFO]: Main menu sent
2026-05-23T03:08:35.686Z [INFO]: 🧹 Tidak ada akun yang perlu dihapus malam ini.
2026-05-23T03:19:01.908Z [INFO]: Main menu sent
2026-05-23T03:19:05.583Z [INFO]: create service menu sent
2026-05-23T03:19:20.462Z [INFO]: Main menu sent
2026-05-23T03:19:21.903Z [INFO]: 🔍 User 6741034021 memulai proses top-up saldo.
2026-05-23T03:19:37.537Z [INFO]: [QRIS][user-6741034021-1779506366825] expected=3178 | transaksi(9)=5144@23/05/2026 07:58:03,15000@22/05/2026 18:35:22,24000@22/05/2026 18:29:42,10286@22/05/2026 18:17:45,10027@22/05/2026 17:49:39
2026-05-23T03:20:17.475Z [INFO]: [QRIS][user-6741034021-1779506366825] expected=3178 | transaksi(9)=3178@23/05/2026 10:20:10,5144@23/05/2026 07:58:03,15000@22/05/2026 18:35:22,24000@22/05/2026 18:29:42,10286@22/05/2026 18:17:45
2026-05-23T03:20:18.251Z [INFO]: Payment processed successfully for user-6741034021-1779506366825
2026-05-23T03:20:21.666Z [INFO]: Main menu sent
2026-05-23T03:20:26.843Z [INFO]: create service menu sent
2026-05-23T03:21:48.130Z [ERROR]: Transaksi gagal user 6741034021 (create): ❌  response server tidak valid
2026-05-23T03:22:35.405Z [INFO]: Account create sukses user 6741034021, type: zivpn
2026-05-23T03:26:38.475Z [INFO]: Main menu sent
2026-05-23T03:26:40.512Z [INFO]: create service menu sent
2026-05-23T03:31:09.251Z [INFO]: Main menu sent
2026-05-23T03:31:19.856Z [INFO]: create service menu sent
2026-05-23T03:31:23.685Z [INFO]: Main menu sent
2026-05-23T04:08:35.686Z [INFO]: 🧹 Tidak ada akun yang perlu dihapus malam ini.
2026-05-23T04:11:59.639Z [INFO]: Main menu sent
2026-05-23T04:12:01.394Z [INFO]: create service menu sent
2026-05-23T04:12:39.754Z [INFO]: 🎁 Reward: User 7960158114 +1 Poin (7 hari)
2026-05-23T04:12:40.945Z [INFO]: Account create sukses user 7960158114, type: vmess
2026-05-23T04:40:31.622Z [INFO]: Main menu sent
2026-05-23T04:53:54.895Z [INFO]: Main menu sent
2026-05-23T04:54:09.448Z [INFO]: Main menu sent
2026-05-23T04:56:46.678Z [INFO]: Main menu sent
2026-05-23T04:56:54.659Z [INFO]: Main menu sent
2026-05-23T05:00:46.891Z [INFO]: trial service menu sent
2026-05-23T05:01:21.471Z [INFO]: ✅ Trial ssh dibuat oleh 7089793571
2026-05-23T05:08:35.689Z [INFO]: 🧹 Membersihkan 1 akun yang sudah expired > 24 jam.
2026-05-23T05:21:45.674Z [INFO]: Main menu sent
2026-05-23T05:21:47.683Z [INFO]: create service menu sent
2026-05-23T05:22:20.495Z [INFO]: 🎁 Reward: User 7570184058 +1 Poin (8 hari)
2026-05-23T05:22:21.586Z [INFO]: Account create sukses user 7570184058, type: ssh
2026-05-23T05:26:24.714Z [INFO]: Main menu sent
2026-05-23T05:26:27.793Z [INFO]: create service menu sent
2026-05-23T05:26:36.826Z [INFO]: Main menu sent
2026-05-23T05:26:38.605Z [INFO]: create service menu sent
2026-05-23T05:27:10.647Z [ERROR]: Transaksi gagal user 5448438414 (create): ❌  respons error:
username akun sudah di gunakan
masukan username baru!
2026-05-23T05:27:59.227Z [INFO]: Account create sukses user 5448438414, type: ssh
2026-05-23T05:28:49.133Z [INFO]: Main menu sent
2026-05-23T05:46:43.061Z [INFO]: Main menu sent
2026-05-23T05:47:14.451Z [INFO]: Main menu sent
2026-05-23T05:47:21.025Z [INFO]: create service menu sent
2026-05-23T05:49:37.390Z [INFO]: Account create sukses user 7089793571, type: ssh
2026-05-23T05:59:03.005Z [INFO]: Main menu sent
2026-05-23T05:59:10.293Z [INFO]: create service menu sent
2026-05-23T05:59:46.035Z [INFO]: Main menu sent
2026-05-23T06:08:35.686Z [INFO]: 🧹 Tidak ada akun yang perlu dihapus malam ini.
2026-05-23T06:14:22.892Z [INFO]: create service menu sent
2026-05-23T06:51:58.375Z [INFO]: Main menu sent
2026-05-23T07:08:35.688Z [INFO]: 🧹 Tidak ada akun yang perlu dihapus malam ini.
2026-05-23T07:13:19.760Z [INFO]: create service menu sent
2026-05-23T07:17:00.350Z [INFO]: Main menu sent
2026-05-23T07:30:34.290Z [INFO]: Main menu sent
2026-05-23T07:30:35.568Z [INFO]: create service menu sent
2026-05-23T07:30:38.201Z [INFO]: Main menu sent
2026-05-23T07:30:40.001Z [INFO]: create service menu sent
2026-05-23T07:31:03.201Z [INFO]: 🎁 Reward: User 7960158114 +1 Poin (7 hari)
2026-05-23T07:31:04.447Z [INFO]: Account create sukses user 7960158114, type: ssh
2026-05-23T07:31:41.386Z [INFO]: Main menu sent
2026-05-23T07:31:47.761Z [INFO]: create service menu sent
2026-05-23T07:32:25.164Z [INFO]: Main menu sent
2026-05-23T07:32:27.115Z [INFO]: create service menu sent
2026-05-23T07:32:39.914Z [INFO]: Main menu sent
2026-05-23T07:34:10.903Z [INFO]: Main menu sent
2026-05-23T07:34:12.637Z [INFO]: trial service menu sent
2026-05-23T07:34:38.797Z [INFO]: ✅ Trial vmess dibuat oleh 7768199065
2026-05-23T07:40:18.293Z [INFO]: Main menu sent
2026-05-23T07:48:29.095Z [INFO]: Main menu sent
2026-05-23T07:48:31.191Z [INFO]: trial service menu sent
2026-05-23T07:48:35.485Z [INFO]: ✅ Trial trojan dibuat oleh 7960158114
2026-05-23T07:52:35.228Z [INFO]: Main menu sent
2026-05-23T07:52:44.308Z [INFO]: create service menu sent
2026-05-23T07:53:50.181Z [INFO]: Account create sukses user 328922489, type: ssh
2026-05-23T08:08:35.689Z [INFO]: 🧹 Tidak ada akun yang perlu dihapus malam ini.
2026-05-23T08:08:38.880Z [WARN]: [BACKUP] Skip database.db karena file kosong (0 byte).
2026-05-23T08:08:38.881Z [INFO]: [BACKUP][Auto 24h] sent=3 missing=1 errors=0
2026-05-23T08:09:34.206Z [INFO]: Main menu sent
2026-05-23T08:10:21.671Z [INFO]: create service menu sent
2026-05-23T08:10:29.732Z [INFO]: Main menu sent
2026-05-23T08:13:17.316Z [INFO]: Main menu sent
2026-05-23T08:13:26.667Z [INFO]: create service menu sent
2026-05-23T08:13:30.655Z [INFO]: Main menu sent
2026-05-23T08:16:45.399Z [INFO]: Main menu sent
2026-05-23T09:08:35.690Z [INFO]: 🧹 Tidak ada akun yang perlu dihapus malam ini.
2026-05-23T09:33:31.244Z [INFO]: Main menu sent
2026-05-23T09:49:05.020Z [INFO]: Main menu sent
2026-05-23T09:49:14.395Z [INFO]: Main menu sent
2026-05-23T09:49:16.295Z [INFO]: create service menu sent
2026-05-23T09:50:18.449Z [INFO]: Account create sukses user 5822437857, type: zivpn
2026-05-23T10:08:03.316Z [INFO]: create service menu sent
2026-05-23T10:08:11.623Z [INFO]: Main menu sent
2026-05-23T10:08:20.827Z [INFO]: Main menu sent
2026-05-23T10:08:22.642Z [INFO]: 🔍 User 5813099616 memulai proses top-up saldo.
2026-05-23T10:08:35.690Z [INFO]: 🧹 Tidak ada akun yang perlu dihapus malam ini.
2026-05-23T10:08:48.165Z [INFO]: [QRIS][user-5813099616-1779530925276] expected=13145 | transaksi(9)=14000@23/05/2026 17:02:29,15000@23/05/2026 11:08:23,3178@23/05/2026 10:20:10,5144@23/05/2026 07:58:03,15000@22/05/2026 18:35:22
2026-05-23T10:09:18.091Z [INFO]: [QRIS][user-5813099616-1779530925276] expected=13145 | transaksi(9)=13145@23/05/2026 17:09:13,14000@23/05/2026 17:02:29,15000@23/05/2026 11:08:23,3178@23/05/2026 10:20:10,5144@23/05/2026 07:58:03
2026-05-23T10:09:18.800Z [INFO]: Payment processed successfully for user-5813099616-1779530925276
2026-05-23T10:09:27.761Z [INFO]: Main menu sent
2026-05-23T10:09:29.333Z [INFO]: trial service menu sent
2026-05-23T10:09:39.208Z [INFO]: ✅ Trial vmess dibuat oleh 5813099616
2026-05-23T10:10:59.499Z [INFO]: Main menu sent
2026-05-23T10:31:13.479Z [INFO]: Main menu sent
2026-05-23T10:31:24.018Z [INFO]: create service menu sent
2026-05-23T10:32:34.954Z [INFO]: Account create sukses user 7612399455, type: ssh
2026-05-23T10:33:26.767Z [INFO]: Main menu sent
2026-05-23T10:34:58.390Z [INFO]: Admin menu requested
2026-05-23T10:34:58.937Z [INFO]: Admin menu sent as new message
2026-05-23T10:35:03.120Z [INFO]: Admin 7768199065 mengecek saldo user 7612399455: Rp7900
2026-05-23T10:46:16.375Z [INFO]: Main menu sent
2026-05-23T10:46:19.791Z [INFO]: create service menu sent
2026-05-23T11:08:35.689Z [INFO]: 🧹 Tidak ada akun yang perlu dihapus malam ini.
2026-05-23T11:52:50.337Z [INFO]: Main menu sent
2026-05-23T11:52:59.866Z [INFO]: Main menu sent
2026-05-23T11:53:27.084Z [INFO]: Main menu sent
2026-05-23T11:56:42.957Z [INFO]: Main menu sent
2026-05-23T11:56:44.471Z [INFO]: create service menu sent
2026-05-23T11:57:00.464Z [INFO]: 🎁 Reward: User 7960158114 +1 Poin (7 hari)
2026-05-23T11:57:01.587Z [INFO]: Account create sukses user 7960158114, type: ssh
2026-05-23T12:08:35.689Z [INFO]: 🧹 Tidak ada akun yang perlu dihapus malam ini.
2026-05-23T12:22:06.999Z [INFO]: Main menu sent
2026-05-23T12:22:17.002Z [INFO]: create service menu sent
2026-05-23T12:23:03.958Z [INFO]: Account create sukses user 7612399455, type: ssh
2026-05-23T12:26:34.779Z [INFO]: Main menu sent
2026-05-23T12:39:07.644Z [INFO]: Main menu sent
2026-05-23T12:39:21.785Z [INFO]: Main menu sent
2026-05-23T12:40:37.993Z [INFO]: Main menu sent
2026-05-23T12:40:42.048Z [INFO]: create service menu sent
2026-05-23T12:40:45.461Z [INFO]: Main menu sent
2026-05-23T13:00:36.107Z [INFO]: ⏰ Waktunya kirim notifikasi expired (20:00 WIB)
2026-05-23T13:00:41.408Z [INFO]: ✅ Sukses mengirim notifikasi expired ke 9 user.
2026-05-23T13:01:45.922Z [INFO]: Main menu sent
2026-05-23T13:01:50.037Z [INFO]: trial service menu sent
2026-05-23T13:02:06.402Z [INFO]: ✅ Trial vless dibuat oleh 5822437857
2026-05-23T13:08:30.461Z [INFO]: Main menu sent
2026-05-23T13:08:32.068Z [INFO]: create service menu sent
2026-05-23T13:08:35.691Z [INFO]: 🧹 Membersihkan 2 akun yang sudah expired > 24 jam.
2026-05-23T13:10:54.254Z [INFO]: Main menu sent
2026-05-23T13:11:14.931Z [ERROR]: Transaksi gagal user 7309962231 (create): ❌  response server tidak valid
2026-05-23T13:11:29.844Z [INFO]: Main menu sent
2026-05-23T13:11:41.695Z [INFO]: renew service menu sent
2026-05-23T13:12:17.434Z [INFO]: Main menu sent
2026-05-23T13:12:28.672Z [INFO]: create service menu sent
2026-05-23T13:12:38.136Z [INFO]: Main menu sent
2026-05-23T13:12:40.192Z [INFO]: create service menu sent
2026-05-23T13:15:08.538Z [ERROR]: Transaksi gagal user 7309962231 (create): ❌  response server tidak valid
2026-05-23T13:20:52.224Z [INFO]: Main menu sent
2026-05-23T13:20:54.726Z [INFO]: trial service menu sent
2026-05-23T13:41:16.467Z [INFO]: Main menu sent
2026-05-23T13:41:18.839Z [INFO]: trial service menu sent
2026-05-23T13:41:25.155Z [INFO]: Main menu sent
2026-05-23T13:43:37.979Z [INFO]: create service menu sent
2026-05-23T13:43:44.295Z [INFO]: Main menu sent
2026-05-23T13:43:48.403Z [INFO]: create service menu sent
2026-05-23T14:02:28.737Z [INFO]: Main menu sent
2026-05-23T14:05:16.138Z [INFO]: 🔍 User 8944021154 memulai proses top-up saldo.
2026-05-23T14:07:36.363Z [INFO]: Main menu sent
2026-05-23T14:07:44.099Z [INFO]: create service menu sent
2026-05-23T14:08:07.370Z [INFO]: Main menu sent
2026-05-23T14:08:25.416Z [INFO]: create service menu sent
2026-05-23T14:08:35.691Z [INFO]: 🧹 Tidak ada akun yang perlu dihapus malam ini.
2026-05-23T14:08:41.421Z [INFO]: Main menu sent
2026-05-23T14:30:33.525Z [INFO]: Main menu sent
2026-05-23T14:30:35.448Z [INFO]: create service menu sent
2026-05-23T14:35:18.847Z [INFO]: [QRIS][user-8944021154-1779546914583] expected=10252 | transaksi(10)=13000@23/05/2026 18:50:33,13145@23/05/2026 17:09:13,14000@23/05/2026 17:02:29,15000@23/05/2026 11:08:23,3178@23/05/2026 10:20:10
2026-05-23T14:37:48.602Z [INFO]: [QRIS][user-8944021154-1779546914583] expected=10252 | transaksi(10)=10252@23/05/2026 21:37:41,13000@23/05/2026 18:50:33,13145@23/05/2026 17:09:13,14000@23/05/2026 17:02:29,15000@23/05/2026 11:08:23
2026-05-23T14:37:49.329Z [INFO]: Payment processed successfully for user-8944021154-1779546914583
2026-05-23T14:38:06.870Z [INFO]: Main menu sent
2026-05-23T14:38:09.202Z [INFO]: create service menu sent
2026-05-23T14:39:15.988Z [INFO]: Account create sukses user 8944021154, type: ssh
2026-05-23T14:47:21.089Z [INFO]: Main menu sent
2026-05-23T15:08:35.692Z [INFO]: 🧹 Membersihkan 1 akun yang sudah expired > 24 jam.
2026-05-23T15:41:29.451Z [INFO]: Main menu sent
2026-05-23T15:41:30.806Z [INFO]: create service menu sent
2026-05-23T15:41:33.908Z [INFO]: Main menu sent
2026-05-23T15:41:35.352Z [INFO]: create service menu sent
2026-05-23T15:41:54.759Z [INFO]: 🎁 Reward: User 7960158114 +2 Poin (29 hari)
2026-05-23T15:41:56.441Z [INFO]: Account create sukses user 7960158114, type: ssh
2026-05-23T16:08:35.693Z [INFO]: 🧹 Membersihkan 1 akun yang sudah expired > 24 jam.
2026-05-23T17:08:35.693Z [INFO]: 🧹 Membersihkan 2 akun yang sudah expired > 24 jam.
2026-05-23T17:23:00.531Z [INFO]: Main menu sent
2026-05-23T17:23:17.467Z [INFO]: create service menu sent
2026-05-23T18:08:35.692Z [INFO]: 🧹 Tidak ada akun yang perlu dihapus malam ini.
2026-05-23T18:12:00.791Z [INFO]: Main menu sent
2026-05-23T18:12:15.168Z [INFO]: create service menu sent
2026-05-23T18:12:22.251Z [INFO]: Main menu sent
2026-05-23T18:12:24.977Z [INFO]: create service menu sent
2026-05-23T18:12:33.043Z [INFO]: Main menu sent
2026-05-23T18:12:43.572Z [INFO]: Main menu sent
2026-05-23T18:12:45.291Z [INFO]: trial service menu sent
2026-05-23T18:12:56.695Z [INFO]: Main menu sent
2026-05-23T18:13:00.943Z [INFO]: create service menu sent
2026-05-23T18:17:26.902Z [ERROR]: Transaksi gagal user 5320480935 (create): ❌  username akun sudah di gunakan
masukan username baru!
2026-05-23T18:17:53.116Z [INFO]: Account create sukses user 5320480935, type: trojan
2026-05-23T18:19:48.969Z [INFO]: [QRIS][upgrade-8344192986-1779560383989] expected=50413 | transaksi(10)=10252@23/05/2026 21:37:41,13000@23/05/2026 18:50:33,13145@23/05/2026 17:09:13,14000@23/05/2026 17:02:29,15000@23/05/2026 11:08:23
2026-05-23T18:23:33.375Z [INFO]: Main menu sent
2026-05-23T18:23:49.091Z [INFO]: create service menu sent
2026-05-23T18:23:51.290Z [INFO]: Main menu sent
2026-05-23T18:24:39.377Z [INFO]: Main menu sent
2026-05-23T18:24:42.162Z [INFO]: create service menu sent
2026-05-23T18:24:49.911Z [INFO]: Main menu sent
2026-05-23T18:24:51.914Z [INFO]: Main menu sent
2026-05-23T18:26:38.979Z [INFO]: [QRIS][upgrade-5320480935-1779560787711] expected=50273 | transaksi(10)=10252@23/05/2026 21:37:41,13000@23/05/2026 18:50:33,13145@23/05/2026 17:09:13,14000@23/05/2026 17:02:29,15000@23/05/2026 11:08:23
2026-05-23T18:26:47.302Z [INFO]: Main menu sent
2026-05-23T18:26:59.406Z [INFO]: create service menu sent
2026-05-23T18:57:42.202Z [INFO]: Main menu sent
2026-05-23T18:57:47.394Z [INFO]: create service menu sent
2026-05-23T18:58:27.316Z [INFO]: Main menu sent
2026-05-23T18:58:38.921Z [INFO]: Main menu sent
2026-05-23T18:58:57.940Z [INFO]: create service menu sent
2026-05-23T18:59:12.078Z [INFO]: Main menu sent
2026-05-23T18:59:14.252Z [INFO]: trial service menu sent
2026-05-23T19:08:35.692Z [INFO]: 🧹 Tidak ada akun yang perlu dihapus malam ini.
2026-05-23T20:08:35.692Z [INFO]: 🧹 Tidak ada akun yang perlu dihapus malam ini.
2026-05-23T21:08:35.693Z [INFO]: 🧹 Tidak ada akun yang perlu dihapus malam ini.
2026-05-23T21:48:10.560Z [INFO]: Main menu sent
2026-05-23T21:48:20.028Z [INFO]: create service menu sent
2026-05-23T21:48:22.815Z [INFO]: Main menu sent
2026-05-23T22:08:35.692Z [INFO]: 🧹 Tidak ada akun yang perlu dihapus malam ini.
2026-05-23T23:08:35.693Z [INFO]: 🧹 Tidak ada akun yang perlu dihapus malam ini.
2026-05-23T23:35:58.458Z [INFO]: Main menu sent
2026-05-23T23:36:05.607Z [INFO]: create service menu sent
2026-05-23T23:37:34.131Z [INFO]: Main menu sent
2026-05-23T23:37:38.687Z [INFO]: 🔍 User 6155760369 memulai proses top-up saldo.
2026-05-23T23:37:49.532Z [INFO]: [QRIS][user-6155760369-1779579465313] expected=10183 | transaksi(10)=10252@23/05/2026 21:37:41,13000@23/05/2026 18:50:33,13145@23/05/2026 17:09:13,14000@23/05/2026 17:02:29,15000@23/05/2026 11:08:23
2026-05-23T23:38:29.424Z [INFO]: [QRIS][user-6155760369-1779579465313] expected=10183 | transaksi(10)=10183@24/05/2026 06:38:25,10252@23/05/2026 21:37:41,13000@23/05/2026 18:50:33,13145@23/05/2026 17:09:13,14000@23/05/2026 17:02:29
2026-05-23T23:38:30.135Z [INFO]: Payment processed successfully for user-6155760369-1779579465313
2026-05-23T23:38:36.139Z [INFO]: Main menu sent
2026-05-23T23:38:41.762Z [INFO]: create service menu sent
2026-05-23T23:39:20.423Z [INFO]: Account create sukses user 6155760369, type: vmess
2026-05-23T23:41:53.357Z [INFO]: Main menu sent
2026-05-24T00:08:35.693Z [INFO]: 🧹 Tidak ada akun yang perlu dihapus malam ini.
2026-05-24T01:08:35.692Z [INFO]: 🧹 Tidak ada akun yang perlu dihapus malam ini.
2026-05-24T01:37:09.948Z [INFO]: Main menu sent
2026-05-24T01:37:18.507Z [INFO]: create service menu sent
2026-05-24T01:43:08.672Z [INFO]: Account create sukses user 7612399455, type: ssh
2026-05-24T02:08:35.694Z [INFO]: 🧹 Membersihkan 2 akun yang sudah expired > 24 jam.
2026-05-24T02:19:16.920Z [INFO]: Main menu sent
2026-05-24T02:19:19.493Z [INFO]: create service menu sent
2026-05-24T02:20:04.880Z [INFO]: 🎁 Reward: User 7570184058 +1 Poin (7 hari)
2026-05-24T02:20:05.992Z [INFO]: Account create sukses user 7570184058, type: ssh
2026-05-24T03:08:35.694Z [INFO]: 🧹 Membersihkan 1 akun yang sudah expired > 24 jam.
2026-05-24T03:19:46.579Z [INFO]: Main menu sent
2026-05-24T03:19:49.698Z [INFO]: create service menu sent
2026-05-24T04:08:35.693Z [INFO]: 🧹 Tidak ada akun yang perlu dihapus malam ini.
2026-05-24T05:08:35.693Z [INFO]: 🧹 Tidak ada akun yang perlu dihapus malam ini.
2026-05-24T05:23:28.987Z [INFO]: Main menu sent
2026-05-24T05:23:31.043Z [INFO]: trial service menu sent
2026-05-24T05:23:43.371Z [INFO]: ✅ Trial ssh dibuat oleh 983263475
2026-05-24T06:00:21.770Z [INFO]: Main menu sent
2026-05-24T06:02:17.416Z [INFO]: Main menu sent
2026-05-24T06:02:19.758Z [INFO]: create service menu sent
2026-05-24T06:03:04.651Z [INFO]: Account create sukses user 983263475, type: ssh
2026-05-24T06:08:35.695Z [INFO]: 🧹 Membersihkan 1 akun yang sudah expired > 24 jam.
2026-05-24T06:41:37.118Z [INFO]: Main menu sent
2026-05-24T07:08:35.695Z [INFO]: 🧹 Membersihkan 3 akun yang sudah expired > 24 jam.
2026-05-24T07:29:20.806Z [INFO]: Main menu sent
2026-05-24T07:29:51.729Z [INFO]: Main menu sent
2026-05-24T07:29:53.951Z [INFO]: create service menu sent
2026-05-24T07:31:52.845Z [INFO]: Account create sukses user 7570184058, type: ssh
2026-05-24T07:32:11.088Z [INFO]: Main menu sent
2026-05-24T07:32:23.475Z [INFO]: create service menu sent
2026-05-24T07:33:01.021Z [INFO]: Main menu sent
2026-05-24T07:33:56.730Z [INFO]: Main menu sent
2026-05-24T07:34:01.372Z [INFO]: create service menu sent
2026-05-24T08:08:35.694Z [INFO]: 🧹 Tidak ada akun yang perlu dihapus malam ini.
2026-05-24T08:08:39.513Z [WARN]: [BACKUP] Skip database.db karena file kosong (0 byte).
2026-05-24T08:08:39.514Z [INFO]: [BACKUP][Auto 24h] sent=3 missing=1 errors=0
2026-05-24T09:08:35.694Z [INFO]: 🧹 Tidak ada akun yang perlu dihapus malam ini.
2026-05-24T09:38:11.370Z [INFO]: Main menu sent
2026-05-24T09:38:14.717Z [INFO]: create service menu sent
2026-05-24T09:55:40.222Z [INFO]: Main menu sent
2026-05-24T09:55:42.717Z [INFO]: create service menu sent
2026-05-24T09:56:31.960Z [INFO]: Account create sukses user 7568909025, type: vmess
2026-05-24T09:57:34.777Z [INFO]: Admin menu requested
2026-05-24T09:57:35.337Z [INFO]: Admin menu sent as new message
2026-05-24T09:57:38.520Z [INFO]: Admin 7768199065 mengecek saldo user 7568909025: Rp1547
2026-05-24T10:08:35.695Z [INFO]: 🧹 Membersihkan 1 akun yang sudah expired > 24 jam.
2026-05-24T10:10:45.033Z [INFO]: Main menu sent
2026-05-24T10:23:24.421Z [INFO]: Main menu sent
2026-05-24T11:08:35.694Z [INFO]: 🧹 Tidak ada akun yang perlu dihapus malam ini.
2026-05-24T11:15:17.742Z [INFO]: Main menu sent
2026-05-24T11:47:39.527Z [INFO]: Main menu sent
2026-05-24T11:58:02.844Z [INFO]: create service menu sent
2026-05-24T11:59:19.656Z [INFO]: Main menu sent
2026-05-24T11:59:21.881Z [INFO]: create service menu sent
2026-05-24T11:59:31.144Z [INFO]: Main menu sent
2026-05-24T12:00:53.445Z [INFO]: create service menu sent
2026-05-24T12:03:15.661Z [INFO]: Main menu sent
2026-05-24T12:03:19.231Z [INFO]: 🔍 User 8301512823 memulai proses top-up saldo.
2026-05-24T12:08:35.695Z [INFO]: 🧹 Tidak ada akun yang perlu dihapus malam ini.
2026-05-24T12:33:45.568Z [INFO]: Main menu sent
2026-05-24T12:33:49.464Z [INFO]: renew service menu sent
2026-05-24T12:34:45.273Z [INFO]: Main menu sent
2026-05-24T12:34:49.697Z [INFO]: Main menu sent
2026-05-24T13:00:36.497Z [INFO]: ⏰ Waktunya kirim notifikasi expired (20:00 WIB)
2026-05-24T13:00:39.370Z [INFO]: ✅ Sukses mengirim notifikasi expired ke 4 user.
2026-05-24T13:06:43.101Z [INFO]: Main menu sent
2026-05-24T13:08:14.456Z [INFO]: renew service menu sent
2026-05-24T13:08:35.696Z [INFO]: 🧹 Tidak ada akun yang perlu dihapus malam ini.
2026-05-24T13:09:30.059Z [INFO]: Main menu sent
2026-05-24T13:11:18.371Z [INFO]: Main menu sent
2026-05-24T13:13:50.604Z [INFO]: Admin menu requested
2026-05-24T13:13:51.148Z [INFO]: Admin menu sent as new message
2026-05-24T13:14:26.665Z [INFO]: Admin 7768199065 mengecek saldo user 1803465648: Rp38366
2026-05-24T13:17:17.580Z [INFO]: create service menu sent
2026-05-24T13:17:21.666Z [INFO]: Main menu sent
2026-05-24T13:17:25.232Z [INFO]: trial service menu sent
2026-05-24T13:17:28.950Z [INFO]: Main menu sent
2026-05-24T13:46:23.983Z [INFO]: Main menu sent
2026-05-24T13:46:32.295Z [INFO]: create service menu sent
2026-05-24T13:54:04.704Z [INFO]: Main menu sent
2026-05-24T13:54:17.030Z [INFO]: create service menu sent
2026-05-24T13:55:57.203Z [INFO]: create service menu sent
2026-05-24T14:08:35.697Z [INFO]: 🧹 Membersihkan 1 akun yang sudah expired > 24 jam.
2026-05-24T14:16:51.684Z [INFO]: Main menu sent
2026-05-24T14:17:00.602Z [INFO]: create service menu sent
2026-05-24T14:21:13.799Z [INFO]: Main menu sent
2026-05-24T14:21:15.044Z [INFO]: create service menu sent
2026-05-24T14:21:41.614Z [INFO]: 🎁 Reward: User 7960158114 +2 Poin (29 hari)
2026-05-24T14:21:43.146Z [INFO]: Account create sukses user 7960158114, type: ssh
2026-05-24T14:30:35.889Z [INFO]: Main menu sent
2026-05-24T14:30:37.444Z [INFO]: trial service menu sent
2026-05-24T14:30:42.106Z [INFO]: ✅ Trial ssh dibuat oleh 7768199065
2026-05-24T14:55:44.666Z [INFO]: Main menu sent
2026-05-24T14:55:50.585Z [INFO]: create service menu sent
2026-05-24T14:55:52.264Z [INFO]: Main menu sent
2026-05-24T14:57:35.134Z [INFO]: Main menu sent
2026-05-24T14:57:36.378Z [INFO]: create service menu sent
2026-05-24T14:58:03.888Z [INFO]: 🎁 Reward: User 7960158114 +1 Poin (7 hari)
2026-05-24T14:58:05.016Z [INFO]: Account create sukses user 7960158114, type: ssh
2026-05-24T15:08:35.698Z [INFO]: 🧹 Membersihkan 1 akun yang sudah expired > 24 jam.
2026-05-24T15:20:42.838Z [INFO]: Main menu sent
2026-05-24T15:23:20.664Z [INFO]: Main menu sent
2026-05-24T15:25:27.714Z [INFO]: Main menu sent
2026-05-24T16:08:35.696Z [INFO]: 🧹 Tidak ada akun yang perlu dihapus malam ini.
2026-05-24T16:48:28.774Z [INFO]: Main menu sent
2026-05-24T16:48:31.151Z [INFO]: trial service menu sent
2026-05-24T16:48:34.649Z [INFO]: ✅ Trial ssh dibuat oleh 7960158114
2026-05-24T16:56:47.465Z [INFO]: create service menu sent
2026-05-24T17:08:35.696Z [INFO]: 🧹 Tidak ada akun yang perlu dihapus malam ini.
2026-05-24T17:23:47.018Z [INFO]: Main menu sent
2026-05-24T17:23:50.198Z [INFO]: create service menu sent
2026-05-24T18:08:35.697Z [INFO]: 🧹 Tidak ada akun yang perlu dihapus malam ini.
2026-05-24T18:44:36.396Z [INFO]: Main menu sent
2026-05-24T18:58:22.104Z [INFO]: 🔍 User 7617239589 memulai proses top-up saldo.
2026-05-24T18:59:01.270Z [INFO]: [QRIS][user-7617239589-1779649138791] expected=2094 | transaksi(10)=10000@24/05/2026 21:08:10,10183@24/05/2026 06:38:25,10252@23/05/2026 21:37:41,13000@23/05/2026 18:50:33,13145@23/05/2026 17:09:13
2026-05-24T18:59:31.251Z [INFO]: [QRIS][user-7617239589-1779649138791] expected=2094 | transaksi(10)=2094@25/05/2026 01:59:21,10000@24/05/2026 21:08:10,10183@24/05/2026 06:38:25,10252@23/05/2026 21:37:41,13000@23/05/2026 18:50:33
2026-05-24T18:59:32.333Z [INFO]: Payment processed successfully for user-7617239589-1779649138791
2026-05-24T18:59:40.349Z [INFO]: Main menu sent
2026-05-24T18:59:42.466Z [INFO]: trial service menu sent
2026-05-24T19:00:13.818Z [INFO]: ✅ Trial vmess dibuat oleh 7617239589
2026-05-24T19:03:21.185Z [INFO]: Main menu sent
2026-05-24T19:07:17.014Z [INFO]: Main menu sent
2026-05-24T19:07:23.435Z [INFO]: renew service menu sent
2026-05-24T19:07:37.090Z [ERROR]: Transaksi gagal user 1206617986 (renew): ❌ respons error:
client orion12 not exists, try another name
2026-05-24T19:07:44.030Z [INFO]: Main menu sent
2026-05-24T19:07:45.559Z [INFO]: create service menu sent
2026-05-24T19:08:15.696Z [INFO]: Account create sukses user 1206617986, type: ssh
2026-05-24T19:08:35.698Z [INFO]: 🧹 Membersihkan 1 akun yang sudah expired > 24 jam.
2026-05-24T19:37:07.673Z [INFO]: trial service menu sent
2026-05-24T19:37:54.115Z [INFO]: Main menu sent
2026-05-24T19:37:58.326Z [INFO]: trial service menu sent
2026-05-24T19:38:26.362Z [INFO]: Main menu sent
2026-05-24T19:38:28.390Z [INFO]: create service menu sent
2026-05-24T19:38:41.222Z [INFO]: Main menu sent
2026-05-24T19:38:46.895Z [INFO]: create service menu sent
2026-05-24T19:38:56.321Z [INFO]: Main menu sent
2026-05-24T19:38:58.261Z [INFO]: create service menu sent
2026-05-24T19:41:07.747Z [ERROR]: Transaksi gagal user 7617239589 (create): ❌  response server tidak valid
2026-05-24T19:42:01.702Z [INFO]: Main menu sent
2026-05-24T19:42:06.247Z [INFO]: create service menu sent
2026-05-24T19:42:53.122Z [INFO]: Account create sukses user 7617239589, type: vless
2026-05-24T20:00:45.053Z [INFO]: Main menu sent
2026-05-24T20:00:47.156Z [INFO]: create service menu sent
2026-05-24T20:02:17.004Z [ERROR]: Transaksi gagal user 7617239589 (create): ❌  response server tidak valid
2026-05-24T20:08:35.696Z [INFO]: 🧹 Tidak ada akun yang perlu dihapus malam ini.
2026-05-24T21:08:35.697Z [INFO]: 🧹 Tidak ada akun yang perlu dihapus malam ini.
2026-05-24T22:08:35.697Z [INFO]: 🧹 Tidak ada akun yang perlu dihapus malam ini.
2026-05-24T23:08:35.697Z [INFO]: 🧹 Tidak ada akun yang perlu dihapus malam ini.
2026-05-24T23:13:48.402Z [INFO]: Main menu sent
2026-05-25T00:08:35.698Z [INFO]: 🧹 Tidak ada akun yang perlu dihapus malam ini.
2026-05-25T00:19:51.406Z [INFO]: renew service menu sent
2026-05-25T00:20:45.823Z [ERROR]: Transaksi gagal user 328922489 (renew): ❌ respons error:
client adyp123 not exists, try another name
2026-05-25T00:21:02.212Z [INFO]: Main menu sent
2026-05-25T00:21:05.840Z [INFO]: create service menu sent
2026-05-25T00:21:58.149Z [ERROR]: Transaksi gagal user 328922489 (create): ❌  respons error:
username akun sudah di gunakan
masukan username baru!
2026-05-25T00:22:22.598Z [ERROR]: Transaksi gagal user 328922489 (create): ❌  respons error:
username akun sudah di gunakan
masukan username baru!
2026-05-25T00:22:33.117Z [INFO]: Main menu sent
2026-05-25T00:22:35.367Z [INFO]: create service menu sent
2026-05-25T00:22:43.351Z [ERROR]: Transaksi gagal user 328922489 (create): ❌  respons error:
username akun sudah di gunakan
masukan username baru!
2026-05-25T00:23:04.846Z [ERROR]: Transaksi gagal user 328922489 (create): ❌  respons error:
username akun sudah di gunakan
masukan username baru!
2026-05-25T00:23:21.486Z [ERROR]: Transaksi gagal user 328922489 (create): ❌  respons error:
username akun sudah di gunakan
masukan username baru!
2026-05-25T00:23:42.174Z [ERROR]: Transaksi gagal user 328922489 (create): ❌  respons error:
username akun sudah di gunakan
masukan username baru!
2026-05-25T00:24:02.580Z [INFO]: Main menu sent
2026-05-25T00:24:12.134Z [INFO]: create service menu sent
2026-05-25T00:24:54.886Z [INFO]: Account create sukses user 328922489, type: ssh
2026-05-25T00:33:35.831Z [INFO]: Main menu sent
2026-05-25T00:33:38.080Z [INFO]: create service menu sent
2026-05-25T00:33:40.598Z [INFO]: Main menu sent
2026-05-25T00:33:42.318Z [INFO]: trial service menu sent
2026-05-25T00:33:55.983Z [INFO]: ✅ Trial zivpn dibuat oleh 328922489
2026-05-25T00:35:25.453Z [ERROR]: Error saat memulai bot:
2026-05-25T00:35:25.457Z [INFO]: 🔄 Mencoba menyalakan ulang koneksi Telegram dalam 10 detik...
2026-05-25T00:42:09.821Z [INFO]: Main menu sent
2026-05-25T00:42:15.753Z [INFO]: trial service menu sent
2026-05-25T01:08:35.698Z [INFO]: 🧹 Tidak ada akun yang perlu dihapus malam ini.
2026-05-25T02:08:35.698Z [INFO]: 🧹 Membersihkan 1 akun yang sudah expired > 24 jam.
2026-05-25T03:08:35.697Z [INFO]: 🧹 Tidak ada akun yang perlu dihapus malam ini.
2026-05-25T04:00:01.498Z [INFO]: Main menu sent
2026-05-25T04:08:35.698Z [INFO]: 🧹 Tidak ada akun yang perlu dihapus malam ini.
2026-05-25T04:56:43.672Z [INFO]: Main menu sent
2026-05-25T04:56:46.279Z [INFO]: create service menu sent
2026-05-25T04:57:16.600Z [INFO]: Main menu sent
2026-05-25T05:08:35.698Z [INFO]: 🧹 Tidak ada akun yang perlu dihapus malam ini.
2026-05-25T06:08:35.700Z [INFO]: 🧹 Membersihkan 4 akun yang sudah expired > 24 jam.
2026-05-25T06:53:13.330Z [INFO]: Main menu sent
2026-05-25T07:08:35.698Z [INFO]: 🧹 Tidak ada akun yang perlu dihapus malam ini.
2026-05-25T07:45:50.457Z [INFO]: Main menu sent
2026-05-25T07:50:05.018Z [INFO]: Main menu sent
2026-05-25T07:50:25.500Z [INFO]: Main menu sent
2026-05-25T07:50:28.012Z [INFO]: Main menu sent
2026-05-25T07:50:30.111Z [INFO]: 🔍 User 5448438414 memulai proses top-up saldo.
2026-05-25T07:50:52.535Z [INFO]: [QRIS][user-5448438414-1779695444067] expected=2016 | transaksi(10)=2094@25/05/2026 01:59:21,10000@24/05/2026 21:08:10,10183@24/05/2026 06:38:25,10252@23/05/2026 21:37:41,13000@23/05/2026 18:50:33
2026-05-25T07:50:54.028Z [INFO]: create service menu sent
2026-05-25T07:51:11.364Z [INFO]: Main menu sent
2026-05-25T07:51:17.910Z [INFO]: create service menu sent
2026-05-25T07:51:53.409Z [INFO]: Main menu sent
2026-05-25T07:52:22.538Z [INFO]: [QRIS][user-5448438414-1779695444067] expected=2016 | transaksi(10)=2016@25/05/2026 14:52:17,2094@25/05/2026 01:59:21,10000@24/05/2026 21:08:10,10183@24/05/2026 06:38:25,10252@23/05/2026 21:37:41
2026-05-25T07:52:23.247Z [INFO]: Payment processed successfully for user-5448438414-1779695444067
2026-05-25T07:52:34.707Z [INFO]: Main menu sent
2026-05-25T07:52:37.331Z [INFO]: create service menu sent
2026-05-25T07:55:10.867Z [INFO]: Main menu sent
2026-05-25T07:55:21.980Z [ERROR]: Transaksi gagal user 5448438414 (create): ❌  format respon dari server tidak valid.
2026-05-25T07:56:25.607Z [INFO]: Main menu sent
2026-05-25T07:56:29.277Z [INFO]: create service menu sent
2026-05-25T07:59:02.392Z [ERROR]: Transaksi gagal user 5448438414 (create): ❌  format respon dari server tidak valid.
2026-05-25T08:08:35.700Z [INFO]: 🧹 Membersihkan 1 akun yang sudah expired > 24 jam.
2026-05-25T08:08:39.229Z [WARN]: [BACKUP] Skip database.db karena file kosong (0 byte).
2026-05-25T08:08:39.230Z [INFO]: [BACKUP][Auto 24h] sent=3 missing=1 errors=0
2026-05-25T08:10:39.786Z [INFO]: create service menu sent
2026-05-25T08:12:58.150Z [INFO]: Main menu sent
2026-05-25T09:04:24.640Z [INFO]: Account create sukses user 5448438414, type: ssh
2026-05-25T09:08:35.699Z [INFO]: 🧹 Tidak ada akun yang perlu dihapus malam ini.
2026-05-25T10:08:35.700Z [INFO]: 🧹 Membersihkan 1 akun yang sudah expired > 24 jam.
2026-05-25T10:43:05.179Z [INFO]: Main menu sent
2026-05-25T11:08:35.703Z [INFO]: 🧹 Membersihkan 2 akun yang sudah expired > 24 jam.
2026-05-25T11:10:20.228Z [INFO]: create service menu sent
2026-05-25T11:13:05.777Z [ERROR]: Transaksi gagal user 7960158114 (create): ❌  format respon dari server tidak valid.
2026-05-25T11:18:32.567Z [INFO]: Main menu sent
2026-05-25T11:18:52.547Z [INFO]: renew service menu sent
2026-05-25T11:22:29.369Z [ERROR]: Transaksi gagal user 7404167575 (renew): ❌ format respon dari server tidak valid.
2026-05-25T12:03:47.354Z [INFO]: Main menu sent
2026-05-25T12:03:51.913Z [INFO]: Main menu sent
2026-05-25T12:03:54.508Z [INFO]: create service menu sent
2026-05-25T12:06:36.701Z [INFO]: Main menu sent
2026-05-25T12:06:39.317Z [INFO]: 🔍 User 7404167575 memulai proses top-up saldo.
2026-05-25T12:07:13.012Z [INFO]: [QRIS][user-7404167575-1779710826973] expected=2920 | transaksi(9)=2016@25/05/2026 14:52:17,2094@25/05/2026 01:59:21,10000@24/05/2026 21:08:10,10183@24/05/2026 06:38:25,10252@23/05/2026 21:37:41
2026-05-25T12:08:08.123Z [INFO]: Main menu sent
2026-05-25T12:08:10.379Z [INFO]: 🔍 User 7404167575 memulai proses top-up saldo.
2026-05-25T12:08:12.905Z [WARN]: [QRIS] Tidak ada transaksi terbaca dari API. Preview: 📤 Output: 0 dari 0 (filter: masuk) Tidak ada data mutasi.
2026-05-25T12:08:35.699Z [INFO]: 🧹 Tidak ada akun yang perlu dihapus malam ini.
2026-05-25T12:09:28.831Z [INFO]: Main menu sent
2026-05-25T12:09:31.251Z [INFO]: create service menu sent
2026-05-25T12:09:40.428Z [INFO]: Main menu sent
2026-05-25T12:10:23.274Z [INFO]: Main menu sent
2026-05-25T12:10:31.383Z [INFO]: Main menu sent
2026-05-25T12:11:06.693Z [INFO]: Main menu sent
2026-05-25T12:11:13.098Z [INFO]: [QRIS][user-7404167575-1779710826973] expected=2920 | transaksi(9)=2443@25/05/2026 19:09:00,2016@25/05/2026 14:52:17,2094@25/05/2026 01:59:21,10000@24/05/2026 21:08:10,10183@24/05/2026 06:38:25
2026-05-25T12:11:13.181Z [INFO]: [QRIS][user-7404167575-1779710901942] expected=2443 | transaksi(9)=2443@25/05/2026 19:09:00,2016@25/05/2026 14:52:17,2094@25/05/2026 01:59:21,10000@24/05/2026 21:08:10,10183@24/05/2026 06:38:25
2026-05-25T12:11:14.260Z [INFO]: Payment processed successfully for user-7404167575-1779710901942
2026-05-25T12:13:43.384Z [INFO]: Main menu sent
2026-05-25T12:13:46.830Z [INFO]: create service menu sent
2026-05-25T12:16:18.669Z [ERROR]: Transaksi gagal user 7404167575 (create): ❌  format respon dari server tidak valid.
2026-05-25T12:19:07.801Z [ERROR]: Transaksi gagal user 7404167575 (create): ❌  format respon dari server tidak valid.
2026-05-25T12:45:30.694Z [INFO]: Admin menu requested
2026-05-25T12:45:31.260Z [INFO]: Admin menu sent as new message
2026-05-25T12:46:37.818Z [INFO]: Main menu sent
2026-05-25T12:46:40.634Z [INFO]: create service menu sent
2026-05-25T12:46:52.092Z [INFO]: Main menu sent
2026-05-25T12:46:53.771Z [INFO]: trial service menu sent
2026-05-25T12:46:57.998Z [INFO]: ✅ Trial ssh dibuat oleh 7768199065
2026-05-25T12:47:11.032Z [INFO]: Account create sukses user 7404167575, type: ssh
2026-05-25T12:53:50.849Z [INFO]: 🎁 Reward: User 7960158114 +2 Poin (22 hari)
2026-05-25T12:53:52.389Z [INFO]: Account create sukses user 7960158114, type: ssh
2026-05-25T13:00:36.855Z [INFO]: ⏰ Waktunya kirim notifikasi expired (20:00 WIB)
2026-05-25T13:00:39.313Z [INFO]: ✅ Sukses mengirim notifikasi expired ke 4 user.
2026-05-25T13:08:35.702Z [INFO]: 🧹 Membersihkan 1 akun yang sudah expired > 24 jam.
2026-05-25T13:58:57.766Z [INFO]: Main menu sent
2026-05-25T13:59:10.623Z [INFO]: create service menu sent
2026-05-25T13:59:25.567Z [INFO]: Main menu sent
2026-05-25T13:59:27.201Z [INFO]: trial service menu sent
2026-05-25T13:59:33.531Z [INFO]: ✅ Trial vmess dibuat oleh 5813099616
2026-05-25T14:08:03.355Z [INFO]: Main menu sent
2026-05-25T14:08:04.677Z [INFO]: create service menu sent
2026-05-25T14:08:20.891Z [INFO]: 🎁 Reward: User 7960158114 +1 Poin (7 hari)
2026-05-25T14:08:21.993Z [INFO]: Account create sukses user 7960158114, type: ssh
2026-05-25T14:08:35.700Z [INFO]: 🧹 Tidak ada akun yang perlu dihapus malam ini.
2026-05-25T14:34:40.482Z [INFO]: Main menu sent
2026-05-25T14:35:09.467Z [INFO]: create service menu sent
2026-05-25T14:35:40.008Z [INFO]: Main menu sent
2026-05-25T14:35:46.112Z [INFO]: create service menu sent
2026-05-25T15:08:35.701Z [INFO]: 🧹 Membersihkan 1 akun yang sudah expired > 24 jam.
2026-05-25T15:16:16.353Z [INFO]: Main menu sent
2026-05-25T15:16:19.277Z [INFO]: create service menu sent
2026-05-25T15:48:52.358Z [INFO]: Main menu sent
2026-05-25T15:48:53.673Z [INFO]: create service menu sent
2026-05-25T15:49:11.799Z [INFO]: 🎁 Reward: User 7960158114 +2 Poin (29 hari)
2026-05-25T15:49:13.275Z [INFO]: Account create sukses user 7960158114, type: ssh
2026-05-25T16:08:23.290Z [INFO]: Main menu sent
2026-05-25T16:08:24.643Z [INFO]: create service menu sent
2026-05-25T16:08:35.701Z [INFO]: 🧹 Membersihkan 1 akun yang sudah expired > 24 jam.
2026-05-25T16:08:39.576Z [INFO]: 🎁 Reward: User 7960158114 +1 Poin (7 hari)
2026-05-25T16:08:40.854Z [INFO]: Account create sukses user 7960158114, type: ssh
2026-05-25T17:08:35.701Z [INFO]: 🧹 Membersihkan 2 akun yang sudah expired > 24 jam.
2026-05-25T17:43:18.868Z [INFO]: Main menu sent
2026-05-25T17:43:24.355Z [INFO]: Main menu sent
2026-05-25T18:08:35.700Z [INFO]: 🧹 Tidak ada akun yang perlu dihapus malam ini.
2026-05-25T19:08:35.699Z [INFO]: 🧹 Tidak ada akun yang perlu dihapus malam ini.
2026-05-25T20:08:35.700Z [INFO]: 🧹 Tidak ada akun yang perlu dihapus malam ini.
2026-05-25T20:56:06.722Z [INFO]: Main menu sent
2026-05-25T20:56:18.659Z [INFO]: create service menu sent
2026-05-25T20:57:37.826Z [INFO]: Main menu sent
2026-05-25T20:57:48.016Z [INFO]: create service menu sent
2026-05-25T21:00:16.199Z [INFO]: Account create sukses user 5822437857, type: zivpn
2026-05-25T21:07:51.156Z [INFO]: Main menu sent
2026-05-25T21:08:35.699Z [INFO]: 🧹 Tidak ada akun yang perlu dihapus malam ini.
2026-05-25T22:07:57.568Z [INFO]: Main menu sent
2026-05-25T22:07:59.513Z [INFO]: create service menu sent
2026-05-25T22:08:10.170Z [INFO]: Main menu sent
2026-05-25T22:08:35.700Z [INFO]: 🧹 Tidak ada akun yang perlu dihapus malam ini.
2026-05-25T22:08:35.926Z [INFO]: Main menu sent
2026-05-25T22:08:37.555Z [INFO]: create service menu sent
2026-05-25T23:08:35.700Z [INFO]: 🧹 Tidak ada akun yang perlu dihapus malam ini.
2026-05-25T23:39:50.330Z [INFO]: Main menu sent
2026-05-26T00:08:35.701Z [INFO]: 🧹 Membersihkan 1 akun yang sudah expired > 24 jam.
2026-05-26T00:23:35.572Z [INFO]: create service menu sent
2026-05-26T01:08:35.703Z [INFO]: 🧹 Membersihkan 1 akun yang sudah expired > 24 jam.
2026-05-26T02:08:35.702Z [INFO]: 🧹 Tidak ada akun yang perlu dihapus malam ini.
2026-05-26T02:33:51.578Z [INFO]: Main menu sent
2026-05-26T02:58:56.053Z [INFO]: Main menu sent
2026-05-26T02:59:00.865Z [INFO]: create service menu sent
2026-05-26T03:08:35.703Z [INFO]: 🧹 Tidak ada akun yang perlu dihapus malam ini.
2026-05-26T03:08:38.111Z [INFO]: Main menu sent
2026-05-26T03:08:43.935Z [INFO]: create service menu sent
2026-05-26T03:09:18.056Z [INFO]: Account create sukses user 810564575, type: zivpn
2026-05-26T04:08:35.703Z [INFO]: 🧹 Tidak ada akun yang perlu dihapus malam ini.
2026-05-26T04:12:40.081Z [INFO]: Main menu sent
2026-05-26T04:58:17.403Z [INFO]: Main menu sent
2026-05-26T04:58:21.306Z [INFO]: create service menu sent
2026-05-26T05:02:48.066Z [INFO]: Main menu sent
2026-05-26T05:02:57.226Z [INFO]: Main menu sent
2026-05-26T05:05:40.199Z [INFO]: create service menu sent
2026-05-26T05:07:02.227Z [INFO]: Main menu sent
2026-05-26T05:07:38.927Z [INFO]: create service menu sent
2026-05-26T05:07:39.814Z [INFO]: trial service menu sent
2026-05-26T05:07:55.143Z [INFO]: ✅ Trial zivpn dibuat oleh 810564575
2026-05-26T05:08:18.555Z [ERROR]: Transaksi gagal user 810564575 (create): ❌  response server tidak valid
2026-05-26T05:08:35.704Z [INFO]: 🧹 Tidak ada akun yang perlu dihapus malam ini.
2026-05-26T05:09:24.553Z [ERROR]: Error saat memulai bot:
2026-05-26T05:09:24.554Z [INFO]: 🔄 Mencoba menyalakan ulang koneksi Telegram dalam 10 detik...
2026-05-26T05:10:15.891Z [INFO]: Main menu sent
2026-05-26T05:10:18.274Z [INFO]: create service menu sent
2026-05-26T05:12:08.960Z [INFO]: Main menu sent
2026-05-26T05:12:14.621Z [INFO]: trial service menu sent
2026-05-26T05:12:47.216Z [ERROR]: Transaksi gagal user 810564575 (create): ❌  response server tidak valid
2026-05-26T05:33:29.266Z [INFO]: Main menu sent
2026-05-26T05:33:34.493Z [INFO]: trial service menu sent
2026-05-26T06:08:35.704Z [INFO]: 🧹 Tidak ada akun yang perlu dihapus malam ini.
2026-05-26T06:11:26.565Z [INFO]: Main menu sent
2026-05-26T06:11:31.895Z [INFO]: renew service menu sent
2026-05-26T06:12:05.490Z [INFO]: Account renew sukses user 5448438414, type: ssh
2026-05-26T07:08:35.705Z [INFO]: 🧹 Tidak ada akun yang perlu dihapus malam ini.
2026-05-26T07:37:12.903Z [INFO]: Main menu sent
2026-05-26T08:08:35.705Z [INFO]: 🧹 Tidak ada akun yang perlu dihapus malam ini.
2026-05-26T08:08:39.154Z [WARN]: [BACKUP] Skip database.db karena file kosong (0 byte).
2026-05-26T08:08:39.154Z [INFO]: [BACKUP][Auto 24h] sent=3 missing=1 errors=0
2026-05-26T08:17:39.099Z [INFO]: Main menu sent
2026-05-26T08:17:40.963Z [INFO]: create service menu sent
2026-05-26T09:08:35.705Z [INFO]: 🧹 Tidak ada akun yang perlu dihapus malam ini.
2026-05-26T10:08:35.706Z [INFO]: 🧹 Membersihkan 1 akun yang sudah expired > 24 jam.
2026-05-26T10:48:31.535Z [INFO]: Main menu sent
2026-05-26T11:08:35.704Z [INFO]: 🧹 Tidak ada akun yang perlu dihapus malam ini.
2026-05-26T11:58:37.557Z [INFO]: Main menu sent
2026-05-26T11:59:06.494Z [INFO]: 🔍 User 7800481265 memulai proses top-up saldo.
2026-05-26T11:59:35.274Z [INFO]: [QRIS][user-7800481265-1779796764823] expected=10015 | transaksi(9)=10000@26/05/2026 06:24:21,10000@25/05/2026 19:57:03,2443@25/05/2026 19:09:00,2016@25/05/2026 14:52:17,2094@25/05/2026 01:59:21
2026-05-26T12:00:55.242Z [INFO]: [QRIS][user-7800481265-1779796764823] expected=10015 | transaksi(9)=10015@26/05/2026 19:00:52,10000@26/05/2026 06:24:21,10000@25/05/2026 19:57:03,2443@25/05/2026 19:09:00,2016@25/05/2026 14:52:17
2026-05-26T12:00:56.339Z [INFO]: Payment processed successfully for user-7800481265-1779796764823
2026-05-26T12:01:05.509Z [INFO]: Main menu sent
2026-05-26T12:01:07.810Z [INFO]: trial service menu sent
2026-05-26T12:01:25.795Z [INFO]: ✅ Trial ssh dibuat oleh 7800481265
2026-05-26T12:05:48.624Z [INFO]: Main menu sent
2026-05-26T12:05:51.575Z [INFO]: create service menu sent
2026-05-26T12:07:08.490Z [INFO]: Account create sukses user 7800481265, type: ssh
2026-05-26T12:08:35.705Z [INFO]: 🧹 Tidak ada akun yang perlu dihapus malam ini.
2026-05-26T12:26:39.622Z [INFO]: Main menu sent
2026-05-26T12:44:36.305Z [INFO]: Main menu sent
2026-05-26T12:44:39.111Z [INFO]: create service menu sent
2026-05-26T12:45:23.424Z [INFO]: Main menu sent
2026-05-26T12:45:24.441Z [INFO]: Account create sukses user 7960158114, type: ssh
2026-05-26T13:00:28.609Z [INFO]: Main menu sent
2026-05-26T13:00:33.956Z [INFO]: create service menu sent
2026-05-26T13:00:36.800Z [INFO]: Main menu sent
2026-05-26T13:00:37.239Z [INFO]: ⏰ Waktunya kirim notifikasi expired (20:00 WIB)
2026-05-26T13:00:40.799Z [INFO]: ✅ Sukses mengirim notifikasi expired ke 6 user.
2026-05-26T13:08:35.706Z [INFO]: 🧹 Membersihkan 1 akun yang sudah expired > 24 jam.
2026-05-26T14:08:35.705Z [INFO]: 🧹 Tidak ada akun yang perlu dihapus malam ini.
