info: create service menu sent {"timestamp":"2026-01-14T05:19:31.889Z"}
info: Main menu sent {"timestamp":"2026-01-14T05:19:38.846Z"}
info: Main menu sent {"timestamp":"2026-01-14T05:38:36.084Z"}
info: Main menu sent {"timestamp":"2026-01-14T06:13:59.215Z"}
info: create service menu sent {"timestamp":"2026-01-14T06:14:04.139Z"}
✅ total_create_akun ZIVPN++ untuk serverId 102 (exp=29)
info: Account create sukses untuk user 8461801575, type: zivpn {"timestamp":"2026-01-14T06:24:33.088Z"}
info: Main menu sent {"timestamp":"2026-01-14T06:24:59.231Z"}
info: Main menu sent {"timestamp":"2026-01-14T07:17:36.701Z"}
info: Main menu sent {"timestamp":"2026-01-14T09:30:00.435Z"}
info: create service menu sent {"timestamp":"2026-01-14T09:30:04.782Z"}
info: Main menu sent {"timestamp":"2026-01-14T09:31:14.325Z"}
info: 🔍 User 810564575 memulai proses top-up saldo. {"timestamp":"2026-01-14T09:31:17.455Z"}
info: Main menu sent {"timestamp":"2026-01-14T09:32:26.713Z"}
info: Payment processed successfully for user-810564575-1768383085766 {"timestamp":"2026-01-14T09:32:46.507Z"}
info: Main menu sent {"timestamp":"2026-01-14T09:32:55.550Z"}
info: create service menu sent {"timestamp":"2026-01-14T09:32:58.584Z"}
✅ total_create_akun ZIVPN++ untuk serverId 98 (exp=31)
info: Account create sukses untuk user 810564575, type: zivpn {"timestamp":"2026-01-14T09:33:23.856Z"}
info: Main menu sent {"timestamp":"2026-01-14T09:46:37.754Z"}
info: create service menu sent {"timestamp":"2026-01-14T09:46:43.972Z"}
info: Main menu sent {"timestamp":"2026-01-14T09:46:49.992Z"}
info: Main menu sent {"timestamp":"2026-01-14T09:46:55.908Z"}
info: 🔍 User 7570184058 memulai proses top-up saldo. {"timestamp":"2026-01-14T10:00:56.983Z"}
info: 🔍 Reseller 7570184058 diminta untuk memasukkan jumlah nominal saldo (keypad). {"timestamp":"2026-01-14T10:00:57.341Z"}
info: Main menu sent {"timestamp":"2026-01-14T10:06:07.488Z"}
info: 🔍 User 810564575 memulai proses top-up saldo. {"timestamp":"2026-01-14T10:06:34.115Z"}
info: Main menu sent {"timestamp":"2026-01-14T10:06:52.624Z"}
info: Main menu sent {"timestamp":"2026-01-14T10:06:54.567Z"}
info: Main menu sent {"timestamp":"2026-01-14T10:07:03.100Z"}
info: Main menu sent {"timestamp":"2026-01-14T10:07:24.439Z"}
info: Main menu sent {"timestamp":"2026-01-14T11:39:16.757Z"}
info: 🔍 User 6202490359 memulai proses top-up saldo. {"timestamp":"2026-01-14T11:39:19.520Z"}
info: 🔍 Reseller 6202490359 diminta untuk memasukkan jumlah nominal saldo (keypad). {"timestamp":"2026-01-14T11:39:19.863Z"}
info: Main menu sent {"timestamp":"2026-01-14T12:36:38.759Z"}
info: create service menu sent {"timestamp":"2026-01-14T12:36:44.088Z"}
info: Main menu sent {"timestamp":"2026-01-14T12:37:15.505Z"}
info: 🔍 User 8097240333 memulai proses top-up saldo. {"timestamp":"2026-01-14T12:37:18.882Z"}
info: Main menu sent {"timestamp":"2026-01-14T12:52:24.742Z"}
info: Main menu sent {"timestamp":"2026-01-14T12:52:29.306Z"}
info: 🔍 User 8097240333 memulai proses top-up saldo. {"timestamp":"2026-01-14T12:52:31.904Z"}
error: Error checking payment status for user-8097240333-1768395156148: User not found after update {"stack":"Error: User not found after update\n    at Statement.<anonymous> (/root/BotVPN/app.js:6776:49)\n    at Statement.replacement (/root/BotVPN/node_modules/sqlite3/lib/trace.js:25:27)\n    at Statement.replacement (/root/BotVPN/node_modules/sqlite3/lib/trace.js:25:27)","timestamp":"2026-01-14T12:53:05.898Z"}
info: Main menu sent {"timestamp":"2026-01-14T12:53:22.639Z"}
info: Main menu sent {"timestamp":"2026-01-14T12:54:22.106Z"}
info: Main menu sent {"timestamp":"2026-01-14T12:55:35.843Z"}
info: Main menu sent {"timestamp":"2026-01-14T12:55:49.213Z"}
info: 🔍 User 7768199065 memulai proses top-up saldo. {"timestamp":"2026-01-14T12:56:30.446Z"}
info: Main menu sent {"timestamp":"2026-01-14T12:56:43.438Z"}
info: Main menu sent {"timestamp":"2026-01-14T12:59:17.661Z"}
info: Payment processed successfully for user-7768199065-1768395394733 {"timestamp":"2026-01-14T13:00:07.018Z"}
info: create service menu sent {"timestamp":"2026-01-14T13:00:16.284Z"}
info: Main menu sent {"timestamp":"2026-01-14T13:00:24.700Z"}
info: Main menu sent {"timestamp":"2026-01-14T13:00:31.002Z"}
info: Admin menu requested {"timestamp":"2026-01-14T13:00:37.784Z"}
info: Admin menu sent as new message {"timestamp":"2026-01-14T13:00:38.331Z"}
info: Main menu sent {"timestamp":"2026-01-14T13:01:53.803Z"}
info: Main menu sent {"timestamp":"2026-01-14T13:02:54.528Z"}
info: Main menu sent {"timestamp":"2026-01-14T13:04:33.438Z"}
info: Admin 7768199065 mengecek saldo user 8097240333: Rp0 {"timestamp":"2026-01-14T13:05:21.071Z"}
info: Admin 7768199065 mengecek saldo user 8097240333: Rp10000 {"timestamp":"2026-01-14T13:05:42.038Z"}
info: Main menu sent {"timestamp":"2026-01-14T13:06:08.913Z"}
info: create service menu sent {"timestamp":"2026-01-14T13:06:33.095Z"}
Creating SSH account for xinyix with expiry 30 days, IP limit 2
✅ total_create_akun++ untuk serverId 80 (exp=30)
info: Account create sukses untuk user 8097240333, type: ssh {"timestamp":"2026-01-14T13:07:13.065Z"}
info: Main menu sent {"timestamp":"2026-01-14T13:26:19.174Z"}
info: Main menu sent {"timestamp":"2026-01-14T13:57:44.422Z"}
info: Main menu sent {"timestamp":"2026-01-14T14:10:43.010Z"}
info: Main menu sent {"timestamp":"2026-01-14T14:15:35.801Z"}
info: create service menu sent {"timestamp":"2026-01-14T14:15:37.439Z"}
info: Main menu sent {"timestamp":"2026-01-14T14:16:17.405Z"}
info: create service menu sent {"timestamp":"2026-01-14T14:16:18.669Z"}
info: Main menu sent {"timestamp":"2026-01-14T15:34:33.951Z"}
info: Main menu sent {"timestamp":"2026-01-14T15:41:47.508Z"}
info: create service menu sent {"timestamp":"2026-01-14T15:41:49.177Z"}
info: Main menu sent {"timestamp":"2026-01-14T15:41:50.414Z"}
info: trial service menu sent {"timestamp":"2026-01-14T15:41:51.772Z"}
info: ✅ Trial zivpn dibuat oleh 7768199065 {"timestamp":"2026-01-14T15:41:55.665Z"}
info: Main menu sent {"timestamp":"2026-01-14T15:59:17.574Z"}
info: create service menu sent {"timestamp":"2026-01-14T15:59:18.924Z"}
✅ total_create_akun ZIVPN++ untuk serverId 99 (exp=30)
info: Account create sukses untuk user 7768199065, type: zivpn {"timestamp":"2026-01-14T15:59:30.338Z"}
info: Main menu sent {"timestamp":"2026-01-14T16:36:42.685Z"}
info: Main menu sent {"timestamp":"2026-01-14T18:03:25.444Z"}
info: Main menu sent {"timestamp":"2026-01-14T21:44:15.169Z"}
info: Main menu sent {"timestamp":"2026-01-14T23:19:21.721Z"}
info: create service menu sent {"timestamp":"2026-01-14T23:19:24.168Z"}
info: Main menu sent {"timestamp":"2026-01-14T23:20:04.584Z"}
info: Main menu sent {"timestamp":"2026-01-14T23:20:15.962Z"}
info: Main menu sent {"timestamp":"2026-01-14T23:20:31.557Z"}
info: renew service menu sent {"timestamp":"2026-01-14T23:20:35.968Z"}
Renewing SSH account for fsat with expiry 5 days, limit IP 2 on server 78
❌ Respons error: {
  meta: {
    code: 401,
    status: 'error',
    ip_address: '64.120.94.55',
    message: 'Client fsat not exists, Try another name'
  },
  data: {}
}
error: Rollback saldo user 1734416542 (renew gagal), respon: ❌ respons error:
client fsat not exists, try another name {"timestamp":"2026-01-14T23:21:15.072Z"}
info: Main menu sent {"timestamp":"2026-01-14T23:21:25.392Z"}
info: create service menu sent {"timestamp":"2026-01-14T23:21:27.411Z"}
Creating SSH account for fsat with expiry 6 days, IP limit 2
error: Rollback saldo user 1734416542 (create gagal), respon: ❌  respons error:
username akun sudah di gunakan
masukan username baru! {"timestamp":"2026-01-14T23:21:56.158Z"}
info: Main menu sent {"timestamp":"2026-01-14T23:22:34.037Z"}
info: create service menu sent {"timestamp":"2026-01-14T23:22:37.158Z"}
Creating SSH account for takq with expiry 7 days, IP limit 2
✅ total_create_akun++ untuk serverId 78 (exp=7)
info: Account create sukses untuk user 1734416542, type: ssh {"timestamp":"2026-01-14T23:24:01.889Z"}
info: Main menu sent {"timestamp":"2026-01-15T01:09:23.203Z"}
info: create service menu sent {"timestamp":"2026-01-15T01:09:30.150Z"}
info: Main menu sent {"timestamp":"2026-01-15T01:39:29.865Z"}
info: create service menu sent {"timestamp":"2026-01-15T01:39:37.116Z"}
info: Main menu sent {"timestamp":"2026-01-15T01:41:10.625Z"}
info: Main menu sent {"timestamp":"2026-01-15T02:08:33.264Z"}
info: create service menu sent {"timestamp":"2026-01-15T02:08:50.508Z"}
info: Main menu sent {"timestamp":"2026-01-15T02:08:54.890Z"}
info: 🔍 User 6544156764 memulai proses top-up saldo. {"timestamp":"2026-01-15T02:08:59.855Z"}
info: Main menu sent {"timestamp":"2026-01-15T02:09:08.973Z"}
info: create service menu sent {"timestamp":"2026-01-15T02:09:30.512Z"}
info: Main menu sent {"timestamp":"2026-01-15T02:11:01.318Z"}
info: 🔍 User 6544156764 memulai proses top-up saldo. {"timestamp":"2026-01-15T02:11:08.172Z"}
info: Main menu sent {"timestamp":"2026-01-15T02:12:55.864Z"}
info: Main menu sent {"timestamp":"2026-01-15T02:13:06.615Z"}
info: Main menu sent {"timestamp":"2026-01-15T02:13:51.441Z"}
info: Main menu sent {"timestamp":"2026-01-15T02:14:32.208Z"}
info: create service menu sent {"timestamp":"2026-01-15T02:14:37.788Z"}
info: Main menu sent {"timestamp":"2026-01-15T02:14:51.084Z"}
info: Main menu sent {"timestamp":"2026-01-15T02:15:07.224Z"}
info: 🔍 User 5221229787 memulai proses top-up saldo. {"timestamp":"2026-01-15T02:15:08.905Z"}
error: Error checking payment status for user-6544156764-1768443109330: User not found after update {"stack":"Error: User not found after update\n    at Statement.<anonymous> (/root/BotVPN/app.js:6776:49)\n    at Statement.replacement (/root/BotVPN/node_modules/sqlite3/lib/trace.js:25:27)\n    at Statement.replacement (/root/BotVPN/node_modules/sqlite3/lib/trace.js:25:27)","timestamp":"2026-01-15T02:15:27.926Z"}
info: Main menu sent {"timestamp":"2026-01-15T02:15:35.342Z"}
info: Payment processed successfully for user-5221229787-1768443315463 {"timestamp":"2026-01-15T02:15:49.056Z"}
info: Main menu sent {"timestamp":"2026-01-15T02:15:55.026Z"}
info: create service menu sent {"timestamp":"2026-01-15T02:15:57.050Z"}
info: Main menu sent {"timestamp":"2026-01-15T02:17:03.282Z"}
info: Main menu sent {"timestamp":"2026-01-15T02:17:09.494Z"}
info: create service menu sent {"timestamp":"2026-01-15T02:18:03.857Z"}
info: Main menu sent {"timestamp":"2026-01-15T02:18:35.872Z"}
info: Main menu sent {"timestamp":"2026-01-15T02:21:13.990Z"}
info: Main menu sent {"timestamp":"2026-01-15T02:22:29.388Z"}
info: Main menu sent {"timestamp":"2026-01-15T02:22:44.344Z"}
info: Main menu sent {"timestamp":"2026-01-15T02:25:13.024Z"}
info: Main menu sent {"timestamp":"2026-01-15T02:32:23.143Z"}
info: Main menu sent {"timestamp":"2026-01-15T02:39:21.876Z"}
info: 🔍 User 6202490359 memulai proses top-up saldo. {"timestamp":"2026-01-15T02:39:27.840Z"}
info: 🔍 Reseller 6202490359 diminta untuk memasukkan jumlah nominal saldo (keypad). {"timestamp":"2026-01-15T02:39:28.186Z"}
info: Payment processed successfully for user-6202490359-1768444779401 {"timestamp":"2026-01-15T02:41:09.483Z"}
info: Main menu sent {"timestamp":"2026-01-15T02:45:16.122Z"}
info: create service menu sent {"timestamp":"2026-01-15T02:45:23.508Z"}
info: Main menu sent {"timestamp":"2026-01-15T02:45:28.490Z"}
info: create service menu sent {"timestamp":"2026-01-15T02:45:35.211Z"}
Creating VMESS account for intan with expiry 7 days
✅ total_create_akun++ untuk serverId 90 (exp=7)
info: Account create sukses untuk user 6202490359, type: vmess {"timestamp":"2026-01-15T02:46:02.647Z"}
info: Main menu sent {"timestamp":"2026-01-15T02:53:25.827Z"}
info: Bot initialized {"timestamp":"2026-01-15T02:58:35.743Z"}
info: User state initialized {"timestamp":"2026-01-15T02:58:35.756Z"}
info: Server berjalan di port 6961 {"timestamp":"2026-01-15T02:58:35.770Z"}
info: Terhubung ke SQLite3 {"timestamp":"2026-01-15T02:58:35.875Z"}
info: Server table ready {"timestamp":"2026-01-15T02:58:35.890Z"}
info: Users table ready {"timestamp":"2026-01-15T02:58:35.892Z"}
info: Transactions table ready {"timestamp":"2026-01-15T02:58:35.893Z"}
info: Table user_accounts ready {"timestamp":"2026-01-15T02:58:35.895Z"}
info: Add IP price loaded from DB: 2000 {"timestamp":"2026-01-15T02:58:35.896Z"}
info: Pending deposit loaded: {"timestamp":"2026-01-15T02:58:35.898Z"}
info: Admin username detected: @xyztunnn {"timestamp":"2026-01-15T02:58:36.411Z"}
info: Main menu sent {"timestamp":"2026-01-15T03:00:01.613Z"}
info: create service menu sent {"timestamp":"2026-01-15T03:00:04.414Z"}
Creating VMESS account for firmangarara with expiry 7 days
✅ total_create_akun++ untuk serverId 92 (exp=7)
info: Account create sukses untuk user 6202490359, type: vmess {"timestamp":"2026-01-15T03:00:38.492Z"}
info: Main menu sent {"timestamp":"2026-01-15T03:04:59.023Z"}
info: create service menu sent {"timestamp":"2026-01-15T03:06:12.853Z"}
Creating VMESS account for zakimastur with expiry 7 days
✅ total_create_akun++ untuk serverId 90 (exp=7)
info: Account create sukses untuk user 6202490359, type: vmess {"timestamp":"2026-01-15T03:06:58.290Z"}
info: Main menu sent {"timestamp":"2026-01-15T03:07:28.386Z"}
info: Main menu sent {"timestamp":"2026-01-15T03:12:31.905Z"}
info: create service menu sent {"timestamp":"2026-01-15T03:12:33.393Z"}
info: Admin menu requested {"timestamp":"2026-01-15T03:12:45.023Z"}
info: Admin menu sent as new message {"timestamp":"2026-01-15T03:12:45.556Z"}
info: Edit server total create akun process started {"timestamp":"2026-01-15T03:12:47.617Z"}
info: User 7768199065 memilih untuk mengedit total create akun server dengan ID: 98 {"timestamp":"2026-01-15T03:12:51.946Z"}
info: User 7768199065 memilih untuk mengedit total create akun server dengan ID: 102 {"timestamp":"2026-01-15T03:13:02.264Z"}
info: Main menu sent {"timestamp":"2026-01-15T03:13:10.934Z"}
info: create service menu sent {"timestamp":"2026-01-15T03:13:12.138Z"}
info: User 7768199065 memilih untuk mengedit total create akun server dengan ID: 99 {"timestamp":"2026-01-15T03:13:26.309Z"}
info: Main menu sent {"timestamp":"2026-01-15T03:13:34.322Z"}
info: create service menu sent {"timestamp":"2026-01-15T03:13:35.550Z"}
TelegramError: 400: Bad Request: can't parse entities: Character '!' is reserved and must be escaped with the preceding '\'
    at Telegram.callApi (/root/BotVPN/node_modules/telegraf/lib/core/network/client.js:315:19)
    at process.processTicksAndRejections (node:internal/process/task_queues:95:5) {
  response: {
    ok: false,
    error_code: 400,
    description: "Bad Request: can't parse entities: Character '!' is reserved and must be escaped with the preceding '\\'"
  },
  on: {
    method: 'sendMessage',
    payload: {
      chat_id: 7768199065,
      message_thread_id: undefined,
      parse_mode: 'MarkdownV2',
      text: '*Broadcast Selesai!*\n' +
        '\n' +
        'Berhasil  : `287`\n' +
        'Gagal     : `2`\n' +
        'Dihapus   : `2`\n' +
        'Sisa user : `287`'
    }
  }
}
info: Main menu sent {"timestamp":"2026-01-15T03:20:25.616Z"}
info: Main menu sent {"timestamp":"2026-01-15T03:24:09.586Z"}
info: Main menu sent {"timestamp":"2026-01-15T03:24:17.812Z"}
info: Main menu sent {"timestamp":"2026-01-15T03:58:06.936Z"}
info: Main menu sent {"timestamp":"2026-01-15T04:03:11.509Z"}
info: Main menu sent {"timestamp":"2026-01-15T04:04:46.145Z"}
info: create service menu sent {"timestamp":"2026-01-15T04:04:48.348Z"}
Creating VMESS account for tegar with expiry 8 days
✅ total_create_akun++ untuk serverId 90 (exp=8)
info: Account create sukses untuk user 6202490359, type: vmess {"timestamp":"2026-01-15T04:05:18.949Z"}
info: Bot initialized {"timestamp":"2026-01-15T04:17:55.836Z"}
info: User state initialized {"timestamp":"2026-01-15T04:17:55.848Z"}
info: Server berjalan di port 6961 {"timestamp":"2026-01-15T04:17:55.860Z"}
info: Terhubung ke SQLite3 {"timestamp":"2026-01-15T04:17:55.954Z"}
info: Server table ready {"timestamp":"2026-01-15T04:17:55.969Z"}
info: Users table ready {"timestamp":"2026-01-15T04:17:55.970Z"}
info: Transactions table ready {"timestamp":"2026-01-15T04:17:55.971Z"}
info: Table user_accounts ready {"timestamp":"2026-01-15T04:17:55.971Z"}
info: Add IP price loaded from DB: 2000 {"timestamp":"2026-01-15T04:17:55.972Z"}
info: Pending deposit loaded: {"timestamp":"2026-01-15T04:17:55.973Z"}
info: Admin username detected: @xyztunnn {"timestamp":"2026-01-15T04:17:56.671Z"}
info: Main menu sent {"timestamp":"2026-01-15T04:20:17.139Z"}
info: create service menu sent {"timestamp":"2026-01-15T04:20:44.015Z"}
info: Main menu sent {"timestamp":"2026-01-15T04:22:08.719Z"}
info: 🔍 User 7924940990 memulai proses top-up saldo. {"timestamp":"2026-01-15T04:22:15.578Z"}
info: Bot initialized {"timestamp":"2026-01-15T04:24:02.519Z"}
info: User state initialized {"timestamp":"2026-01-15T04:24:02.527Z"}
info: Server berjalan di port 6961 {"timestamp":"2026-01-15T04:24:02.534Z"}
info: Terhubung ke SQLite3 {"timestamp":"2026-01-15T04:24:02.602Z"}
info: Server table ready {"timestamp":"2026-01-15T04:24:02.611Z"}
info: Users table ready {"timestamp":"2026-01-15T04:24:02.612Z"}
info: Transactions table ready {"timestamp":"2026-01-15T04:24:02.613Z"}
info: Table user_accounts ready {"timestamp":"2026-01-15T04:24:02.614Z"}
info: Add IP price loaded from DB: 2000 {"timestamp":"2026-01-15T04:24:02.614Z"}
info: Pending deposit loaded: {"timestamp":"2026-01-15T04:24:02.615Z"}
info: Admin username detected: @xyztunnn {"timestamp":"2026-01-15T04:24:03.317Z"}
info: Main menu sent {"timestamp":"2026-01-15T04:24:10.378Z"}
info: Main menu sent {"timestamp":"2026-01-15T04:24:37.503Z"}
info: Main menu sent {"timestamp":"2026-01-15T04:25:18.164Z"}
info: Main menu sent {"timestamp":"2026-01-15T04:25:24.480Z"}
info: Main menu sent {"timestamp":"2026-01-15T04:26:34.772Z"}
info: Admin menu requested {"timestamp":"2026-01-15T04:27:03.679Z"}
info: Admin menu sent as new message {"timestamp":"2026-01-15T04:27:04.246Z"}
info: Main menu sent {"timestamp":"2026-01-15T04:28:07.306Z"}
info: Admin 7768199065 mengecek saldo user 5221229787: Rp0 {"timestamp":"2026-01-15T04:28:17.903Z"}
info: Admin 7768199065 mengecek saldo user 6544156764: Rp0 {"timestamp":"2026-01-15T04:29:37.285Z"}
info: Main menu sent {"timestamp":"2026-01-15T04:30:02.178Z"}
info: Admin menu requested {"timestamp":"2026-01-15T04:30:06.667Z"}
info: Admin menu sent as new message {"timestamp":"2026-01-15T04:30:07.209Z"}
info: Add saldo user process started {"timestamp":"2026-01-15T04:30:09.052Z"}
info: Add saldo user process started {"timestamp":"2026-01-15T04:30:17.521Z"}
info: Bot initialized {"timestamp":"2026-01-15T04:38:53.234Z"}
info: User state initialized {"timestamp":"2026-01-15T04:38:53.243Z"}
info: Server berjalan di port 6961 {"timestamp":"2026-01-15T04:38:53.251Z"}
info: Terhubung ke SQLite3 {"timestamp":"2026-01-15T04:38:53.324Z"}
info: Server table ready {"timestamp":"2026-01-15T04:38:53.338Z"}
info: Users table ready {"timestamp":"2026-01-15T04:38:53.340Z"}
info: Transactions table ready {"timestamp":"2026-01-15T04:38:53.341Z"}
info: Table user_accounts ready {"timestamp":"2026-01-15T04:38:53.346Z"}
info: Add IP price loaded from DB: 2000 {"timestamp":"2026-01-15T04:38:53.348Z"}
info: Pending deposit loaded: {"timestamp":"2026-01-15T04:38:53.349Z"}
info: Admin username detected: @xyztunnn {"timestamp":"2026-01-15T04:38:54.069Z"}
info: Bot initialized {"timestamp":"2026-01-15T04:48:53.770Z"}
info: User state initialized {"timestamp":"2026-01-15T04:48:53.783Z"}
info: Server berjalan di port 6961 {"timestamp":"2026-01-15T04:48:53.795Z"}
info: Terhubung ke SQLite3 {"timestamp":"2026-01-15T04:48:53.901Z"}
info: Server table ready {"timestamp":"2026-01-15T04:48:53.914Z"}
info: Users table ready {"timestamp":"2026-01-15T04:48:53.915Z"}
info: Transactions table ready {"timestamp":"2026-01-15T04:48:53.916Z"}
info: Table user_accounts ready {"timestamp":"2026-01-15T04:48:53.918Z"}
info: Add IP price loaded from DB: 2000 {"timestamp":"2026-01-15T04:48:53.919Z"}
info: Pending deposit loaded: {"timestamp":"2026-01-15T04:48:53.922Z"}
info: Admin username detected: @xyztunnn {"timestamp":"2026-01-15T04:48:54.716Z"}
info: Main menu sent {"timestamp":"2026-01-15T04:48:57.748Z"}
info: Admin menu requested {"timestamp":"2026-01-15T04:49:02.674Z"}
info: Admin menu sent as new message {"timestamp":"2026-01-15T04:49:03.234Z"}
info: Add saldo user process started (manual input ID) {"timestamp":"2026-01-15T04:49:04.765Z"}
info: Admin 7768199065 menambah saldo Rp1000 ke user 7768199065 (Saldo akhir: Rp14004632). {"timestamp":"2026-01-15T04:49:15.360Z"}
info: Main menu sent {"timestamp":"2026-01-15T04:49:26.024Z"}
info: Main menu sent {"timestamp":"2026-01-15T05:00:50.389Z"}
info: Main menu sent {"timestamp":"2026-01-15T05:43:19.031Z"}
info: create service menu sent {"timestamp":"2026-01-15T05:47:07.057Z"}
Creating VMESS account for test1 with expiry 2 days
⚠️ Exp 2 hari tidak dicatat ke total_create_akun
info: Account create sukses untuk user 6544156764, type: vmess {"timestamp":"2026-01-15T05:47:46.053Z"}
Creating VMESS account for test2 with expiry 2 days
⚠️ Exp 2 hari tidak dicatat ke total_create_akun
info: Account create sukses untuk user 6544156764, type: vmess {"timestamp":"2026-01-15T05:49:15.864Z"}
info: Main menu sent {"timestamp":"2026-01-15T06:06:57.531Z"}
info: create service menu sent {"timestamp":"2026-01-15T06:07:00.139Z"}
Creating VMESS account for matogarara with expiry 1 days
⚠️ Exp 1 hari tidak dicatat ke total_create_akun
info: Account create sukses untuk user 6202490359, type: vmess {"timestamp":"2026-01-15T06:07:26.565Z"}
info: Main menu sent {"timestamp":"2026-01-15T06:16:21.372Z"}
info: Main menu sent {"timestamp":"2026-01-15T06:49:15.093Z"}
info: create service menu sent {"timestamp":"2026-01-15T06:49:17.329Z"}
Creating VMESS account for tisha with expiry 8 days
✅ total_create_akun++ untuk serverId 90 (exp=8)
info: Account create sukses untuk user 6202490359, type: vmess {"timestamp":"2026-01-15T06:49:49.023Z"}
info: Main menu sent {"timestamp":"2026-01-15T07:26:17.841Z"}
info: create service menu sent {"timestamp":"2026-01-15T07:26:29.212Z"}
info: Main menu sent {"timestamp":"2026-01-15T08:03:08.966Z"}
info: create service menu sent {"timestamp":"2026-01-15T08:03:19.306Z"}
info: Main menu sent {"timestamp":"2026-01-15T08:47:17.830Z"}
info: Main menu sent {"timestamp":"2026-01-15T08:58:14.055Z"}
info: create service menu sent {"timestamp":"2026-01-15T08:59:09.795Z"}
info: Main menu sent {"timestamp":"2026-01-15T09:39:06.255Z"}
info: create service menu sent {"timestamp":"2026-01-15T09:39:11.922Z"}
info: Main menu sent {"timestamp":"2026-01-15T10:22:02.219Z"}
info: create service menu sent {"timestamp":"2026-01-15T10:22:05.480Z"}
Creating VMESS account for amiramastur with expiry 7 days
✅ total_create_akun++ untuk serverId 92 (exp=7)
info: Account create sukses untuk user 6202490359, type: vmess {"timestamp":"2026-01-15T10:22:49.338Z"}
info: Main menu sent {"timestamp":"2026-01-15T11:06:28.421Z"}
info: create service menu sent {"timestamp":"2026-01-15T11:06:33.452Z"}
info: Main menu sent {"timestamp":"2026-01-15T11:06:41.139Z"}
info: trial service menu sent {"timestamp":"2026-01-15T11:06:42.712Z"}
info: ✅ Trial vmess dibuat oleh 7734149407 {"timestamp":"2026-01-15T11:07:01.021Z"}
Creating VMess account for trial-d6l32 with expiry none days, quota 1 GB, IP limit 1
info: Main menu sent {"timestamp":"2026-01-15T13:10:23.610Z"}
info: create service menu sent {"timestamp":"2026-01-15T13:10:27.482Z"}
Creating VMESS account for ancagarara with expiry 7 days
✅ total_create_akun++ untuk serverId 90 (exp=7)
info: Account create sukses untuk user 6202490359, type: vmess {"timestamp":"2026-01-15T13:11:13.105Z"}
info: Main menu sent {"timestamp":"2026-01-15T14:18:35.334Z"}
info: Main menu sent {"timestamp":"2026-01-15T14:18:35.928Z"}
info: create service menu sent {"timestamp":"2026-01-15T14:18:40.845Z"}
⚠️ Exp ZIVPN 2 hari tidak dicatat ke total_create_akun
info: Account create sukses untuk user 689357426, type: zivpn {"timestamp":"2026-01-15T14:19:06.026Z"}
info: Main menu sent {"timestamp":"2026-01-15T14:54:17.206Z"}
info: create service menu sent {"timestamp":"2026-01-15T17:15:36.868Z"}
info: Main menu sent {"timestamp":"2026-01-15T17:15:50.211Z"}
info: create service menu sent {"timestamp":"2026-01-15T20:07:03.663Z"}
info: Main menu sent {"timestamp":"2026-01-15T20:17:33.077Z"}
info: Main menu sent {"timestamp":"2026-01-15T20:18:13.394Z"}
info: Main menu sent {"timestamp":"2026-01-15T22:21:12.483Z"}
info: 🔍 User 6736483291 memulai proses top-up saldo. {"timestamp":"2026-01-15T22:21:17.784Z"}
info: Payment processed successfully for user-6736483291-1768515682494 {"timestamp":"2026-01-15T22:22:29.004Z"}
info: Main menu sent {"timestamp":"2026-01-15T22:24:26.146Z"}
info: create service menu sent {"timestamp":"2026-01-15T22:24:28.079Z"}
Creating VMESS account for termul with expiry 6 days
✅ total_create_akun++ untuk serverId 80 (exp=6)
info: Account create sukses untuk user 6736483291, type: vmess {"timestamp":"2026-01-15T22:25:02.873Z"}
info: Main menu sent {"timestamp":"2026-01-15T22:25:11.639Z"}
info: Main menu sent {"timestamp":"2026-01-16T00:30:14.177Z"}
info: create service menu sent {"timestamp":"2026-01-16T00:30:32.178Z"}
info: Main menu sent {"timestamp":"2026-01-16T00:36:08.168Z"}
info: Main menu sent {"timestamp":"2026-01-16T00:36:25.167Z"}
info: Main menu sent {"timestamp":"2026-01-16T00:36:40.171Z"}
info: renew service menu sent {"timestamp":"2026-01-16T00:36:46.169Z"}
Renewing VMess account for 09jan with expiry 7 days, quota 300 GB, limit IP 3
❌ Respons error: {
  meta: {
    code: 401,
    status: 'error',
    ip_address: '64.120.94.55',
    message: 'Client 09jan not exists, Try another name'
  },
  data: {}
}
error: Rollback saldo user 7768199065 (renew gagal), respon: ❌ respons error:
client 09jan not exists, try another name {"timestamp":"2026-01-16T00:37:06.172Z"}
info: Main menu sent {"timestamp":"2026-01-16T00:37:23.165Z"}
info: renew service menu sent {"timestamp":"2026-01-16T00:37:29.166Z"}
Renewing VMess account for 09jan with expiry 7 days, quota 200 GB, limit IP 2
✅ total_create_akun diperbarui untuk serverId 80 dengan exp 7
info: Account renew sukses untuk user 7768199065, type: vmess {"timestamp":"2026-01-16T00:37:40.295Z"}
info: Main menu sent {"timestamp":"2026-01-16T00:38:19.165Z"}
info: create service menu sent {"timestamp":"2026-01-16T00:38:35.171Z"}
info: Main menu sent {"timestamp":"2026-01-16T00:39:04.163Z"}
info: Main menu sent {"timestamp":"2026-01-16T00:39:35.163Z"}
info: Main menu sent {"timestamp":"2026-01-16T00:39:48.161Z"}
info: create service menu sent {"timestamp":"2026-01-16T00:39:54.163Z"}
info: Main menu sent {"timestamp":"2026-01-16T00:48:34.150Z"}
info: trial service menu sent {"timestamp":"2026-01-16T00:48:36.147Z"}
info: ✅ Trial vmess dibuat oleh 7768199065 {"timestamp":"2026-01-16T00:48:48.148Z"}
Creating VMess account for trial-p8nfm with expiry none days, quota 1 GB, IP limit 1
info: Main menu sent {"timestamp":"2026-01-16T01:13:29.107Z"}
info: 🔍 User 7768199065 memulai proses top-up saldo. {"timestamp":"2026-01-16T01:13:32.108Z"}
info: Main menu sent {"timestamp":"2026-01-16T01:16:11.105Z"}
info: Main menu sent {"timestamp":"2026-01-16T01:49:21.046Z"}
info: create service menu sent {"timestamp":"2026-01-16T01:49:24.051Z"}
Creating SSH account for awatnerew with expiry 5 days, IP limit 2
✅ total_create_akun++ untuk serverId 90 (exp=5)
info: Account create sukses untuk user 6202490359, type: ssh {"timestamp":"2026-01-16T01:49:59.136Z"}
info: Main menu sent {"timestamp":"2026-01-16T03:45:03.861Z"}
info: Main menu sent {"timestamp":"2026-01-16T03:50:36.853Z"}
info: create service menu sent {"timestamp":"2026-01-16T03:50:40.842Z"}
Creating SSH account for 16jan with expiry 7 days, IP limit 2
✅ total_create_akun++ untuk serverId 90 (exp=7)
info: Account create sukses untuk user 8461801575, type: ssh {"timestamp":"2026-01-16T03:51:20.921Z"}
info: Main menu sent {"timestamp":"2026-01-16T04:02:01.831Z"}
info: renew service menu sent {"timestamp":"2026-01-16T04:02:25.830Z"}
Renewing VMess account for 12jannn with expiry 7 days, quota 300 GB, limit IP 3
❌ Respons error: {
  meta: {
    code: 401,
    status: 'error',
    ip_address: '64.120.94.55',
    message: 'Client 12jannn not exists, Try another name'
  },
  data: {}
}
error: Rollback saldo user 7768199065 (renew gagal), respon: ❌ respons error:
client 12jannn not exists, try another name {"timestamp":"2026-01-16T04:02:37.829Z"}
info: Main menu sent {"timestamp":"2026-01-16T04:43:43.758Z"}
info: Main menu sent {"timestamp":"2026-01-16T04:44:12.758Z"}
info: create service menu sent {"timestamp":"2026-01-16T04:44:15.757Z"}
⚠️ Exp ZIVPN 1 hari tidak dicatat ke total_create_akun
info: Account create sukses untuk user 983263475, type: zivpn {"timestamp":"2026-01-16T04:44:51.845Z"}
info: Log file dihapus oleh admin. {"timestamp":"2026-01-16T04:47:51.769Z"}
info: Main menu sent {"timestamp":"2026-01-16T05:08:06.720Z"}
info: create service menu sent {"timestamp":"2026-01-16T05:08:15.725Z"}
Creating VLESS account for huihui with expiry 1 days
⚠️ Exp 1 hari tidak dicatat ke total_create_akun
info: Account create sukses untuk user 6544156764, type: vless {"timestamp":"2026-01-16T05:09:00.799Z"}
info: Main menu sent {"timestamp":"2026-01-16T05:33:45.698Z"}
info: create service menu sent {"timestamp":"2026-01-16T05:33:48.676Z"}
Creating VMESS account for farima with expiry 7 days
✅ total_create_akun++ untuk serverId 90 (exp=7)
info: Account create sukses untuk user 6202490359, type: vmess {"timestamp":"2026-01-16T05:34:16.772Z"}
info: Main menu sent {"timestamp":"2026-01-16T05:53:47.645Z"}
info: create service menu sent {"timestamp":"2026-01-16T05:53:54.643Z"}
info: Main menu sent {"timestamp":"2026-01-16T05:55:50.639Z"}
info: create service menu sent {"timestamp":"2026-01-16T05:55:52.640Z"}
info: Main menu sent {"timestamp":"2026-01-16T05:59:38.635Z"}
info: 🔍 User 7082484465 memulai proses top-up saldo. {"timestamp":"2026-01-16T05:59:41.633Z"}
info: Main menu sent {"timestamp":"2026-01-16T06:00:20.633Z"}
info: 🔍 User 7082484465 memulai proses top-up saldo. {"timestamp":"2026-01-16T06:00:22.638Z"}
info: Payment processed successfully for user-7082484465-1768543229708 {"timestamp":"2026-01-16T06:02:07.756Z"}
info: Main menu sent {"timestamp":"2026-01-16T06:02:17.630Z"}
info: renew service menu sent {"timestamp":"2026-01-16T06:03:44.647Z"}
info: Main menu sent {"timestamp":"2026-01-16T06:03:52.625Z"}
info: create service menu sent {"timestamp":"2026-01-16T06:03:55.631Z"}
✅ total_create_akun ZIVPN++ untuk serverId 98 (exp=30)
info: Account create sukses untuk user 7082484465, type: zivpn {"timestamp":"2026-01-16T06:04:24.698Z"}
info: Main menu sent {"timestamp":"2026-01-16T06:05:27.628Z"}
info: Main menu sent {"timestamp":"2026-01-16T06:22:07.596Z"}
info: create service menu sent {"timestamp":"2026-01-16T06:23:16.590Z"}
info: Main menu sent {"timestamp":"2026-01-16T07:02:33.530Z"}
info: Main menu sent {"timestamp":"2026-01-16T07:12:16.513Z"}
info: create service menu sent {"timestamp":"2026-01-16T07:12:22.514Z"}
info: create service menu sent {"timestamp":"2026-01-16T08:08:11.420Z"}
info: Main menu sent {"timestamp":"2026-01-16T08:08:13.418Z"}
info: create service menu sent {"timestamp":"2026-01-16T08:08:22.440Z"}
Creating SSH account for wann with expiry 1 days, IP limit 2
⚠️ Exp 1 hari tidak dicatat ke total_create_akun
info: Account create sukses untuk user 7082484465, type: ssh {"timestamp":"2026-01-16T08:08:58.461Z"}
info: Main menu sent {"timestamp":"2026-01-16T08:34:22.390Z"}
info: create service menu sent {"timestamp":"2026-01-16T08:34:25.375Z"}
Creating SSH account for nema with expiry 7 days, IP limit 2
✅ total_create_akun++ untuk serverId 92 (exp=7)
info: Account create sukses untuk user 6202490359, type: ssh {"timestamp":"2026-01-16T08:35:06.452Z"}
info: Main menu sent {"timestamp":"2026-01-16T08:49:54.353Z"}
info: renew service menu sent {"timestamp":"2026-01-16T08:50:02.354Z"}
Renewing VMess account for ramsii with expiry 7 days, quota 200 GB, limit IP 2
❌ Respons error: {
  meta: {
    code: 401,
    status: 'error',
    ip_address: '103.175.219.124',
    message: 'Client ramsii not exists, Try another name'
  },
  data: {}
}
error: Rollback saldo user 7768199065 (renew gagal), respon: ❌ respons error:
client ramsii not exists, try another name {"timestamp":"2026-01-16T08:50:29.356Z"}
info: Main menu sent {"timestamp":"2026-01-16T08:50:36.347Z"}
info: create service menu sent {"timestamp":"2026-01-16T08:50:38.353Z"}
Creating VMESS account for ramsiii with expiry 7 days
✅ total_create_akun++ untuk serverId 79 (exp=7)
info: Account create sukses untuk user 7768199065, type: vmess {"timestamp":"2026-01-16T08:50:53.402Z"}
info: Main menu sent {"timestamp":"2026-01-16T10:10:46.218Z"}
info: create service menu sent {"timestamp":"2026-01-16T10:10:48.238Z"}
info: Main menu sent {"timestamp":"2026-01-16T10:18:30.204Z"}
info: 🔍 User 8169707317 memulai proses top-up saldo. {"timestamp":"2026-01-16T10:18:42.205Z"}
info: Main menu sent {"timestamp":"2026-01-16T10:19:40.201Z"}
info: trial service menu sent {"timestamp":"2026-01-16T10:19:51.202Z"}
info: Main menu sent {"timestamp":"2026-01-16T10:19:54.208Z"}
info: create service menu sent {"timestamp":"2026-01-16T10:19:56.211Z"}
info: Main menu sent {"timestamp":"2026-01-16T10:20:22.201Z"}
info: renew service menu sent {"timestamp":"2026-01-16T10:20:32.206Z"}
info: Main menu sent {"timestamp":"2026-01-16T10:20:36.201Z"}
info: Main menu sent {"timestamp":"2026-01-16T10:20:51.202Z"}
info: create service menu sent {"timestamp":"2026-01-16T10:20:53.199Z"}
info: Main menu sent {"timestamp":"2026-01-16T10:20:55.201Z"}
info: renew service menu sent {"timestamp":"2026-01-16T10:21:01.207Z"}
Renewing SSH account for celengg with expiry 3 days, limit IP 2 on server 80
✅ total_create_akun diperbarui untuk serverId 80 dengan exp 3
info: Account renew sukses untuk user 8169707317, type: ssh {"timestamp":"2026-01-16T10:21:48.303Z"}
info: Main menu sent {"timestamp":"2026-01-16T10:22:40.197Z"}
info: Main menu sent {"timestamp":"2026-01-16T10:45:58.157Z"}
info: create service menu sent {"timestamp":"2026-01-16T10:46:03.160Z"}
Creating VMESS account for efiibra with expiry 8 days
✅ total_create_akun++ untuk serverId 92 (exp=8)
info: Account create sukses untuk user 6202490359, type: vmess {"timestamp":"2026-01-16T10:46:41.230Z"}
info: Main menu sent {"timestamp":"2026-01-16T11:45:15.068Z"}
info: create service menu sent {"timestamp":"2026-01-16T11:46:48.060Z"}
info: Main menu sent {"timestamp":"2026-01-16T11:46:51.060Z"}
info: Main menu sent {"timestamp":"2026-01-16T11:47:09.057Z"}
info: Main menu sent {"timestamp":"2026-01-16T11:47:23.063Z"}
info: Main menu sent {"timestamp":"2026-01-16T12:08:44.024Z"}
info: create service menu sent {"timestamp":"2026-01-16T12:08:50.025Z"}
info: Main menu sent {"timestamp":"2026-01-16T12:15:24.012Z"}
info: 🔍 User 7967777464 memulai proses top-up saldo. {"timestamp":"2026-01-16T12:15:28.013Z"}
info: Main menu sent {"timestamp":"2026-01-16T12:16:41.011Z"}
info: 🔍 User 7967777464 memulai proses top-up saldo. {"timestamp":"2026-01-16T12:16:44.011Z"}
info: Payment processed successfully for user-7967777464-1768565817084 {"timestamp":"2026-01-16T12:20:14.083Z"}
info: Main menu sent {"timestamp":"2026-01-16T12:20:44.002Z"}
info: create service menu sent {"timestamp":"2026-01-16T12:20:50.001Z"}
Creating VLESS account for ilpedtelkomsel with expiry 15 days
✅ total_create_akun++ untuk serverId 78 (exp=15)
info: Account create sukses untuk user 7967777464, type: vless {"timestamp":"2026-01-16T12:22:42.115Z"}
info: Bot initialized {"timestamp":"2026-01-16T12:33:23.187Z"}
info: User state initialized {"timestamp":"2026-01-16T12:33:23.984Z"}
info: Server berjalan di port 6961 {"timestamp":"2026-01-16T12:33:24.011Z"}
info: Terhubung ke SQLite3 {"timestamp":"2026-01-16T12:33:25.035Z"}
info: Server table ready {"timestamp":"2026-01-16T12:33:25.055Z"}
info: Users table ready {"timestamp":"2026-01-16T12:33:25.056Z"}
info: Transactions table ready {"timestamp":"2026-01-16T12:33:25.057Z"}
info: Table user_accounts ready {"timestamp":"2026-01-16T12:33:25.058Z"}
info: Add IP price loaded from DB: 2000 {"timestamp":"2026-01-16T12:33:25.065Z"}
info: Pending deposit loaded: {"timestamp":"2026-01-16T12:33:25.068Z"}
info: Admin username detected: @xyztunnn {"timestamp":"2026-01-16T12:33:28.999Z"}
info: Main menu sent {"timestamp":"2026-01-16T13:07:32.661Z"}
info: create service menu sent {"timestamp":"2026-01-16T13:07:34.782Z"}
Creating VMESS account for zawawi with expiry 30 days
✅ total_create_akun++ untuk serverId 92 (exp=30)
info: Account create sukses untuk user 6202490359, type: vmess {"timestamp":"2026-01-16T13:08:10.885Z"}
info: Main menu sent {"timestamp":"2026-01-16T13:27:43.491Z"}
info: Main menu sent {"timestamp":"2026-01-16T13:37:40.795Z"}
info: create service menu sent {"timestamp":"2026-01-16T13:37:43.378Z"}
Creating SSH account for abgisa with expiry 6 days, IP limit 2
✅ total_create_akun++ untuk serverId 92 (exp=6)
info: Account create sukses untuk user 6202490359, type: ssh {"timestamp":"2026-01-16T13:38:13.113Z"}
info: Main menu sent {"timestamp":"2026-01-16T13:41:55.361Z"}
info: Main menu sent {"timestamp":"2026-01-16T13:58:19.508Z"}
info: create service menu sent {"timestamp":"2026-01-16T13:58:22.380Z"}
Creating VMESS account for itharengiwur with expiry 1 days
⚠️ Exp 1 hari tidak dicatat ke total_create_akun
info: Account create sukses untuk user 6202490359, type: vmess {"timestamp":"2026-01-16T13:58:48.921Z"}
info: Main menu sent {"timestamp":"2026-01-16T14:07:08.881Z"}
info: Main menu sent {"timestamp":"2026-01-16T14:30:08.802Z"}
info: create service menu sent {"timestamp":"2026-01-16T14:30:14.025Z"}
⚠️ Exp ZIVPN 1 hari tidak dicatat ke total_create_akun
info: Account create sukses untuk user 6964730304, type: zivpn {"timestamp":"2026-01-16T14:30:46.707Z"}
info: Main menu sent {"timestamp":"2026-01-16T15:03:47.197Z"}
info: trial service menu sent {"timestamp":"2026-01-16T15:03:51.207Z"}
TelegramError: 400: Bad Request: message is not modified: specified new message content and reply markup are exactly the same as a current content and reply markup of the message
    at Telegram.callApi (/root/BotVPN/node_modules/telegraf/lib/core/network/client.js:315:19)
    at process.processTicksAndRejections (node:internal/process/task_queues:95:5) {
  response: {
    ok: false,
    error_code: 400,
    description: 'Bad Request: message is not modified: specified new message content and reply markup are exactly the same as a current content and reply markup of the message'
  },
  on: {
    method: 'editMessageText',
    payload: {
      chat_id: 7800481265,
      message_id: 36190,
      inline_message_id: undefined,
      reply_markup: [Object],
      parse_mode: 'Markdown',
      text: '📋 *List Server (Halaman 1 dari 1)*\n' +
        '\n' +
        '*1. 🇸🇬 SG LEASEWEB 2 IP*\n' +
        'ㅤ💰 *Harga/Hari:* Rp300\n' +
        'ㅤ📆 *Harga/Bulan:* Rp9,000\n' +
        'ㅤ📡 *Limit Quota:* 200 GB\n' +
        'ㅤ🔐 *IP Limit:* 2 IP\n' +
        'ㅤ👥 *Total Create:* 2/100\n' +
        'ㅤ📌 *Status:* ✓ Tersedia\n' +
        '\n' +
        '*2. 🇸🇬 SG LEASEWEB 3 IP*\n' +
        'ㅤ💰 *Harga/Hari:* Rp365\n' +
        'ㅤ📆 *Harga/Bulan:* Rp10,950\n' +
        'ㅤ📡 *Limit Quota:* 300 GB\n' +
        'ㅤ🔐 *IP Limit:* 3 IP\n' +
        'ㅤ👥 *Total Create:* 1/50\n' +
        'ㅤ📌 *Status:* ✓ Tersedia\n' +
        '\n' +
        '*3. 🇮🇩 ID BIZNET 2 IP*\n' +
        'ㅤ💰 *Harga/Hari:* Rp333\n' +
        'ㅤ📆 *Harga/Bulan:* Rp9,990\n' +
        'ㅤ📡 *Limit Quota:* 200 GB\n' +
        'ㅤ🔐 *IP Limit:* 2 IP\n' +
        'ㅤ👥 *Total Create:* 6/100\n' +
        'ㅤ📌 *Status:* ✓ Tersedia\n' +
        '\n' +
        '*4. 🇮🇩 ID BIZNET 3 IP*\n' +
        'ㅤ💰 *Harga/Hari:* Rp399\n' +
        'ㅤ📆 *Harga/Bulan:* Rp11,970\n' +
        'ㅤ📡 *Limit Quota:* 300 GB\n' +
        'ㅤ🔐 *IP Limit:* 3 IP\n' +
        'ㅤ👥 *Total Create:* 0/50\n' +
        'ㅤ📌 *Status:* ✓ Tersedia\n'
    }
  }
}
info: ✅ Trial ssh dibuat oleh 7800481265 {"timestamp":"2026-01-16T15:04:26.510Z"}
Creating SSH account for trial-m6m3s with expiry 1 days, IP limit 1, and password none
info: Main menu sent {"timestamp":"2026-01-16T15:05:25.907Z"}
info: create service menu sent {"timestamp":"2026-01-16T15:05:31.833Z"}
Creating SSH account for haymax with expiry 5 days, IP limit 2
error: Rollback saldo user 7800481265 (create gagal), respon: ❌  respons error:
username akun sudah di gunakan
masukan username baru! {"timestamp":"2026-01-16T15:06:21.392Z"}
Creating SSH account for haymax with expiry 5 days, IP limit 2
error: Rollback saldo user 7800481265 (create gagal), respon: ❌  respons error:
username akun sudah di gunakan
masukan username baru! {"timestamp":"2026-01-16T15:06:52.701Z"}
info: Main menu sent {"timestamp":"2026-01-16T15:07:00.021Z"}
info: create service menu sent {"timestamp":"2026-01-16T15:07:05.832Z"}
Creating SSH account for haybiznet with expiry 5 days, IP limit 2
✅ total_create_akun++ untuk serverId 80 (exp=5)
info: Account create sukses untuk user 7800481265, type: ssh {"timestamp":"2026-01-16T15:07:43.029Z"}
info: Main menu sent {"timestamp":"2026-01-16T15:14:02.598Z"}
info: 🔍 User 6869306122 memulai proses top-up saldo. {"timestamp":"2026-01-16T15:14:13.274Z"}
info: Main menu sent {"timestamp":"2026-01-16T15:45:37.873Z"}
info: Main menu sent {"timestamp":"2026-01-16T16:23:57.915Z"}
info: create service menu sent {"timestamp":"2026-01-16T16:23:59.369Z"}
Creating VMESS account for ryan with expiry 30 days
✅ total_create_akun++ untuk serverId 80 (exp=30)
info: Account create sukses untuk user 7768199065, type: vmess {"timestamp":"2026-01-16T16:24:21.422Z"}
info: Main menu sent {"timestamp":"2026-01-16T17:13:47.111Z"}
info: create service menu sent {"timestamp":"2026-01-16T17:13:49.927Z"}
info: Main menu sent {"timestamp":"2026-01-16T17:14:38.425Z"}
info: create service menu sent {"timestamp":"2026-01-16T17:14:39.773Z"}
info: Main menu sent {"timestamp":"2026-01-16T17:14:47.146Z"}
info: create service menu sent {"timestamp":"2026-01-16T17:14:48.590Z"}
Creating VMESS account for naufal with expiry 60 days
error: Rollback saldo user 7768199065 (create gagal), respon: ❌  username akun sudah di gunakan
masukan username baru! {"timestamp":"2026-01-16T17:15:07.863Z"}
info: Main menu sent {"timestamp":"2026-01-16T17:15:13.631Z"}
info: Main menu sent {"timestamp":"2026-01-16T17:15:29.947Z"}
info: renew service menu sent {"timestamp":"2026-01-16T17:15:33.633Z"}
Renewing VMess account for naufal with expiry 60 days, quota 300 GB, limit IP 3
❌ Respons error: {
  meta: {
    code: 401,
    status: 'error',
    ip_address: '64.120.94.55',
    message: 'Client naufal not exists, Try another name'
  },
  data: {}
}
error: Rollback saldo user 7768199065 (renew gagal), respon: ❌ respons error:
client naufal not exists, try another name {"timestamp":"2026-01-16T17:15:45.438Z"}
info: Main menu sent {"timestamp":"2026-01-16T17:15:57.809Z"}
info: Main menu sent {"timestamp":"2026-01-16T17:16:01.913Z"}
info: create service menu sent {"timestamp":"2026-01-16T17:16:03.113Z"}
Creating VMESS account for naufall with expiry 60 days
✅ total_create_akun++ untuk serverId 79 (exp=60)
info: Account create sukses untuk user 7768199065, type: vmess {"timestamp":"2026-01-16T17:16:17.113Z"}
info: Main menu sent {"timestamp":"2026-01-16T21:40:38.074Z"}
Renewing VMess account for matogarara with expiry 7 days, quota 200 GB, limit IP 2
❌ Respons error: {
  meta: {
    code: 401,
    status: 'error',
    ip_address: '103.175.219.124',
    message: 'Client matogarara not exists, Try another name'
  },
  data: {}
}
error: Rollback saldo user 6202490359 (renew gagal), respon: ❌ respons error:
client matogarara not exists, try another name {"timestamp":"2026-01-16T21:41:20.359Z"}
info: Main menu sent {"timestamp":"2026-01-16T22:46:21.966Z"}
info: create service menu sent {"timestamp":"2026-01-16T22:46:25.829Z"}
info: Main menu sent {"timestamp":"2026-01-17T01:44:00.065Z"}
info: create service menu sent {"timestamp":"2026-01-17T01:44:02.703Z"}
info: Main menu sent {"timestamp":"2026-01-17T01:44:22.607Z"}
info: 🔍 User 6122761758 memulai proses top-up saldo. {"timestamp":"2026-01-17T01:44:25.732Z"}
info: Main menu sent {"timestamp":"2026-01-17T03:26:20.059Z"}
info: Main menu sent {"timestamp":"2026-01-17T03:41:58.269Z"}
info: Main menu sent {"timestamp":"2026-01-17T04:00:55.766Z"}
info: create service menu sent {"timestamp":"2026-01-17T04:00:58.507Z"}
Creating VMESS account for dhadi with expiry 7 days
✅ total_create_akun++ untuk serverId 92 (exp=7)
info: Account create sukses untuk user 6202490359, type: vmess {"timestamp":"2026-01-17T04:01:48.484Z"}
info: Main menu sent {"timestamp":"2026-01-17T04:05:42.722Z"}
info: Main menu sent {"timestamp":"2026-01-17T04:45:48.515Z"}
info: Main menu sent {"timestamp":"2026-01-17T05:43:04.250Z"}
info: create service menu sent {"timestamp":"2026-01-17T05:43:11.478Z"}
info: Main menu sent {"timestamp":"2026-01-17T05:43:20.537Z"}
info: 🔍 User 6264228118 memulai proses top-up saldo. {"timestamp":"2026-01-17T05:43:22.608Z"}
info: Payment processed successfully for user-6264228118-1768628610997 {"timestamp":"2026-01-17T05:44:18.808Z"}
info: Main menu sent {"timestamp":"2026-01-17T05:44:40.523Z"}
info: trial service menu sent {"timestamp":"2026-01-17T05:44:42.897Z"}
info: ✅ Trial vmess dibuat oleh 6264228118 {"timestamp":"2026-01-17T05:44:56.911Z"}
Creating VMess account for trial-bx51i with expiry none days, quota 1 GB, IP limit 1
info: Main menu sent {"timestamp":"2026-01-17T06:05:07.513Z"}
info: create service menu sent {"timestamp":"2026-01-17T06:05:09.745Z"}
Creating VMESS account for leselese with expiry 7 days
✅ total_create_akun++ untuk serverId 78 (exp=7)
info: Account create sukses untuk user 6264228118, type: vmess {"timestamp":"2026-01-17T06:05:52.962Z"}
info: Main menu sent {"timestamp":"2026-01-17T06:32:41.405Z"}
info: create service menu sent {"timestamp":"2026-01-17T06:32:43.895Z"}
Creating VMESS account for hamudnur with expiry 28 days
✅ total_create_akun++ untuk serverId 92 (exp=28)
info: Account create sukses untuk user 6202490359, type: vmess {"timestamp":"2026-01-17T06:33:15.806Z"}
info: create service menu sent {"timestamp":"2026-01-17T07:53:26.761Z"}
✅ total_create_akun ZIVPN++ untuk serverId 98 (exp=6)
info: Account create sukses untuk user 8192409872, type: zivpn {"timestamp":"2026-01-17T07:53:59.461Z"}
info: Main menu sent {"timestamp":"2026-01-17T07:59:58.724Z"}
info: Main menu sent {"timestamp":"2026-01-17T08:03:11.092Z"}
info: create service menu sent {"timestamp":"2026-01-17T08:03:13.046Z"}
info: Main menu sent {"timestamp":"2026-01-17T09:30:29.495Z"}
info: trial service menu sent {"timestamp":"2026-01-17T09:30:32.779Z"}
info: ✅ Trial zivpn dibuat oleh 7768199065 {"timestamp":"2026-01-17T09:30:36.078Z"}
info: Main menu sent {"timestamp":"2026-01-17T09:55:41.716Z"}
info: create service menu sent {"timestamp":"2026-01-17T09:55:42.897Z"}
✅ total_create_akun ZIVPN++ untuk serverId 99 (exp=30)
info: Account create sukses untuk user 7768199065, type: zivpn {"timestamp":"2026-01-17T09:55:55.844Z"}
info: Main menu sent {"timestamp":"2026-01-17T10:05:52.346Z"}
info: create service menu sent {"timestamp":"2026-01-17T10:33:13.818Z"}
Creating VMESS account for epew with expiry 1 days
⚠️ Exp 1 hari tidak dicatat ke total_create_akun
info: Account create sukses untuk user 6294105375, type: vmess {"timestamp":"2026-01-17T10:33:56.265Z"}
info: Main menu sent {"timestamp":"2026-01-17T10:48:00.317Z"}
info: create service menu sent {"timestamp":"2026-01-17T10:48:07.813Z"}
Creating SSH account for yoga1 with expiry 30 days, IP limit 2
✅ total_create_akun++ untuk serverId 78 (exp=30)
info: Account create sukses untuk user 490797659, type: ssh {"timestamp":"2026-01-17T10:48:47.731Z"}
info: Main menu sent {"timestamp":"2026-01-17T11:01:51.083Z"}
info: create service menu sent {"timestamp":"2026-01-17T11:01:57.530Z"}
info: Main menu sent {"timestamp":"2026-01-17T11:09:19.903Z"}
info: create service menu sent {"timestamp":"2026-01-17T11:09:25.830Z"}
error: Rollback saldo user 983263475 (create gagal), respon: ❌  gagal membuat akun zivpn:
username akun sudah di gunakan
masukan username baru! {"timestamp":"2026-01-17T11:09:45.732Z"}
info: Main menu sent {"timestamp":"2026-01-17T11:10:10.646Z"}
info: create service menu sent {"timestamp":"2026-01-17T11:10:12.463Z"}
⚠️ Exp ZIVPN 1 hari tidak dicatat ke total_create_akun
info: Account create sukses untuk user 983263475, type: zivpn {"timestamp":"2026-01-17T11:10:34.835Z"}
info: Main menu sent {"timestamp":"2026-01-17T11:48:04.395Z"}
info: Main menu sent {"timestamp":"2026-01-17T11:48:53.953Z"}
info: create service menu sent {"timestamp":"2026-01-17T11:48:56.466Z"}
Creating VMESS account for ramadanmastur with expiry 7 days
✅ total_create_akun++ untuk serverId 92 (exp=7)
info: Account create sukses untuk user 6202490359, type: vmess {"timestamp":"2026-01-17T11:49:24.722Z"}
info: Main menu sent {"timestamp":"2026-01-17T13:14:53.002Z"}
info: Main menu sent {"timestamp":"2026-01-17T13:15:33.483Z"}
info: renew service menu sent {"timestamp":"2026-01-17T13:15:38.238Z"}
Renewing SSH account for 12jan with expiry 7 days, limit IP 2 on server 80
✅ total_create_akun diperbarui untuk serverId 80 dengan exp 7
info: Account renew sukses untuk user 7768199065, type: ssh {"timestamp":"2026-01-17T13:15:54.525Z"}
info: Main menu sent {"timestamp":"2026-01-17T13:36:04.988Z"}
info: Main menu sent {"timestamp":"2026-01-17T14:26:46.602Z"}
info: create service menu sent {"timestamp":"2026-01-17T14:27:07.626Z"}
✅ total_create_akun ZIVPN++ untuk serverId 98 (exp=3)
info: Account create sukses untuk user 8192409872, type: zivpn {"timestamp":"2026-01-17T14:28:29.102Z"}
info: Main menu sent {"timestamp":"2026-01-17T15:43:36.598Z"}
info: Main menu sent {"timestamp":"2026-01-17T15:43:44.027Z"}
info: Main menu sent {"timestamp":"2026-01-17T17:20:24.579Z"}
info: Main menu sent {"timestamp":"2026-01-17T17:24:48.467Z"}
info: create service menu sent {"timestamp":"2026-01-17T17:25:10.072Z"}
⚠️ Exp ZIVPN 1 hari tidak dicatat ke total_create_akun
info: Account create sukses untuk user 7082484465, type: zivpn {"timestamp":"2026-01-17T17:26:01.337Z"}
info: Main menu sent {"timestamp":"2026-01-17T17:29:48.638Z"}
info: Main menu sent {"timestamp":"2026-01-17T17:43:36.530Z"}
info: Main menu sent {"timestamp":"2026-01-17T18:02:30.275Z"}
info: create service menu sent {"timestamp":"2026-01-17T18:02:33.938Z"}
info: Main menu sent {"timestamp":"2026-01-17T18:03:04.156Z"}
info: create service menu sent {"timestamp":"2026-01-17T18:03:07.472Z"}
info: Main menu sent {"timestamp":"2026-01-17T18:03:28.727Z"}
info: create service menu sent {"timestamp":"2026-01-17T18:03:30.412Z"}
info: Main menu sent {"timestamp":"2026-01-17T18:03:57.677Z"}
Creating SSH account for prabowo with expiry 7 days, IP limit 2
✅ total_create_akun++ untuk serverId 78 (exp=7)
info: Account create sukses untuk user 6380781342, type: ssh {"timestamp":"2026-01-17T18:04:09.815Z"}
info: Main menu sent {"timestamp":"2026-01-17T18:04:21.023Z"}
info: create service menu sent {"timestamp":"2026-01-17T18:04:25.269Z"}
info: Main menu sent {"timestamp":"2026-01-17T18:04:53.012Z"}
info: create service menu sent {"timestamp":"2026-01-17T18:05:02.001Z"}
info: Main menu sent {"timestamp":"2026-01-17T18:05:27.683Z"}
error: ❌ Kesalahan saat memproses upgrade reseller: Request failed with status code 401 {"code":"ERR_BAD_REQUEST","config":{"adapter":["xhr","http","fetch"],"allowAbsoluteUrls":true,"env":{},"headers":{"Accept":"application/json, text/plain, */*","Accept-Encoding":"gzip, compress, deflate, br","User-Agent":"axios/1.13.2"},"maxBodyLength":-1,"maxContentLength":-1,"method":"get","timeout":0,"transformRequest":[null],"transformResponse":[null],"transitional":{"clarifyTimeoutError":false,"forcedJSONParsing":true,"silentJSONParsing":true},"url":"https://api.rajaserverpremium.web.id/orderkuota/createpayment?apikey=AriApiPaymetGetwayMod&amount=50091&codeqr=00020101021126670016COM.NOBUBANK.WWW01189360050300000879140214139599269048920303UMI51440014ID.CO.QRIS.WWW0215ID20253948025940303UMI5204541153033605802ID5919XYUZSTORE OK23960556004BONE61059167162070703A01630489F4","xsrfCookieName":"XSRF-TOKEN","xsrfHeaderName":"X-XSRF-TOKEN"},"name":"AxiosError","request":{"_closed":true,"_contentLength":0,"_defaultKeepAlive":true,"_ended":true,"_events":{},"_eventsCount":7,"_hasBody":true,"_header":"GET /orderkuota/createpayment?apikey=AriApiPaymetGetwayMod&amount=50091&codeqr=00020101021126670016COM.NOBUBANK.WWW01189360050300000879140214139599269048920303UMI51440014ID.CO.QRIS.WWW0215ID20253948025940303UMI5204541153033605802ID5919XYUZSTORE%20OK23960556004BONE61059167162070703A01630489F4 HTTP/1.1\r\nAccept: application/json, text/plain, */*\r\nUser-Agent: axios/1.13.2\r\nAccept-Encoding: gzip, compress, deflate, br\r\nHost: api.rajaserverpremium.web.id\r\nConnection: keep-alive\r\n\r\n","_headerSent":true,"_keepAliveTimeout":0,"_last":true,"_redirectable":{"_currentRequest":"[Circular]","_currentUrl":"https://api.rajaserverpremium.web.id/orderkuota/createpayment?apikey=AriApiPaymetGetwayMod&amount=50091&codeqr=00020101021126670016COM.NOBUBANK.WWW01189360050300000879140214139599269048920303UMI51440014ID.CO.QRIS.WWW0215ID20253948025940303UMI5204541153033605802ID5919XYUZSTORE%20OK23960556004BONE61059167162070703A01630489F4","_ended":true,"_ending":true,"_events":{"socket":[null,null]},"_eventsCount":3,"_options":{"agents":{},"beforeRedirects":{},"headers":{"Accept":"application/json, text/plain, */*","Accept-Encoding":"gzip, compress, deflate, br","User-Agent":"axios/1.13.2"},"hostname":"api.rajaserverpremium.web.id","maxBodyLength":null,"maxRedirects":21,"method":"GET","nativeProtocols":{"http:":{"METHODS":["ACL","BIND","CHECKOUT","CONNECT","COPY","DELETE","GET","HEAD","LINK","LOCK","M-SEARCH","MERGE","MKACTIVITY","MKCALENDAR","MKCOL","MOVE","NOTIFY","OPTIONS","PATCH","POST","PROPFIND","PROPPATCH","PURGE","PUT","QUERY","REBIND","REPORT","SEARCH","SOURCE","SUBSCRIBE","TRACE","UNBIND","UNLINK","UNLOCK","UNSUBSCRIBE"],"STATUS_CODES":{"100":"Continue","101":"Switching Protocols","102":"Processing","103":"Early Hints","200":"OK","201":"Created","202":"Accepted","203":"Non-Authoritative Information","204":"No Content","205":"Reset Content","206":"Partial Content","207":"Multi-Status","208":"Already Reported","226":"IM Used","300":"Multiple Choices","301":"Moved Permanently","302":"Found","303":"See Other","304":"Not Modified","305":"Use Proxy","307":"Temporary Redirect","308":"Permanent Redirect","400":"Bad Request","401":"Unauthorized","402":"Payment Required","403":"Forbidden","404":"Not Found","405":"Method Not Allowed","406":"Not Acceptable","407":"Proxy Authentication Required","408":"Request Timeout","409":"Conflict","410":"Gone","411":"Length Required","412":"Precondition Failed","413":"Payload Too Large","414":"URI Too Long","415":"Unsupported Media Type","416":"Range Not Satisfiable","417":"Expectation Failed","418":"I'm a Teapot","421":"Misdirected Request","422":"Unprocessable Entity","423":"Locked","424":"Failed Dependency","425":"Too Early","426":"Upgrade Required","428":"Precondition Required","429":"Too Many Requests","431":"Request Header Fields Too Large","451":"Unavailable For Legal Reasons","500":"Internal Server Error","501":"Not Implemented","502":"Bad Gateway","503":"Service Unavailable","504":"Gateway Timeout","505":"HTTP Version Not Supported","506":"Variant Also Negotiates","507":"Insufficient Storage","508":"Loop Detected","509":"Bandwidth Limit Exceeded","510":"Not Extended","511":"Network Authentication Required"},"globalAgent":{"_events":{},"_eventsCount":2,"defaultPort":80,"freeSockets":{},"keepAlive":true,"keepAliveMsecs":1000,"maxFreeSockets":256,"maxSockets":null,"maxTotalSockets":null,"options":{"keepAlive":true,"noDelay":true,"path":null,"scheduling":"lifo","timeout":5000},"protocol":"http:","requests":{},"scheduling":"lifo","sockets":{},"totalSocketCount":0},"maxHeaderSize":16384},"https:":{"globalAgent":{"_events":{},"_eventsCount":2,"_sessionCache":{"list":["orkutapi.andyyuda41.workers.dev:443:::::::::::::::::::::","api.rajaserverpremium.web.id:443:::::::::::::::::::::"],"map":{"api.rajaserverpremium.web.id:443:::::::::::::::::::::":{"data":[48,130,5,64,2,1,1,2,2,3,4,4,2,19,2,4,32,71,198,54,14,148,58,43,134,118,142,127,159,132,189,226,249,38,93,146,173,151,175,87,109,122,155,132,47,203,124,47,91,4,48,66,198,251,37,15,194,48,124,58,124,213,156,116,34,107,177,54,248,131,159,2,125,154,248,159,217,116,38,107,177,178,31,209,237,44,162,235,3,41,112,82,207,134,255,205,130,45,42,161,6,2,4,105,107,207,133,162,4,2,2,28,32,163,130,3,209,48,130,3,205,48,130,3,114,160,3,2,1,2,2,16,83,100,82,125,214,58,243,187,14,11,131,211,98,161,77,124,48,10,6,8,42,134,72,206,61,4,3,2,48,59,49,11,48,9,6,3,85,4,6,19,2,85,83,49,30,48,28,6,3,85,4,10,19,21,71,111,111,103,108,101,32,84,114,117,115,116,32,83,101,114,118,105,99,101,115,49,12,48,10,6,3,85,4,3,19,3,87,69,49,48,30,23,13,50,53,49,50,49,53,48,51,53,49,51,53,90,23,13,50,54,48,51,49,53,48,52,52,57,48,54,90,48,35,49,33,48,31,6,3,85,4,3,19,24,114,97,106,97,115,101,114,118,101,114,112,114,101,109,105,117,109,46,119,101,98,46,105,100,48,89,48,19,6,7,42,134,72,206,61,2,1,6,8,42,134,72,206,61,3,1,7,3,66,0,4,209,65,248,198,152,178,80,43,76,156,21,181,92,1,237,118,53,13,210,42,15,124,212,102,245,214,179,237,66,78,179,128,178,124,71,4,150,143,103,173,213,93,32,127,178,132,49,155,107,84,200,182,247,77,43,187,116,4,84,48,228,78,239,92,163,130,2,110,48,130,2,106,48,14,6,3,85,29,15,1,1,255,4,4,3,2,7,128,48,19,6,3,85,29,37,4,12,48,10,6,8,43,6,1,5,5,7,3,1,48,12,6,3,85,29,19,1,1,255,4,2,48,0,48,29,6,3,85,29,14,4,22,4,20,139,247,2,230,192,10,215,58,117,122,101,186,168,30,149,38,246,33,63,110,48,31,6,3,85,29,35,4,24,48,22,128,20,144,119,146,53,103,196,255,168,204,169,230,123,217,128,121,123,204,147,249,56,48,94,6,8,43,6,1,5,5,7,1,1,4,82,48,80,48,39,6,8,43,6,1,5,5,7,48,1,134,27,104,116,116,112,58,47,47,111,46,112,107,105,46,103,111,111,103,47,115,47,119,101,49,47,85,50,81,48,37,6,8,43,6,1,5,5,7,48,2,134,25,104,116,116,112,58,47,47,105,46,112,107,105,46,103,111,111,103,47,119,101,49,46,99,114,116,48,63,6,3,85,29,17,4,56,48,54,130,24,114,97,106,97,115,101,114,118,101,114,112,114,101,109,105,117,109,46,119,101,98,46,105,100,130,26,42,46,114,97,106,97,115,101,114,118,101,114,112,114,101,109,105,117,109,46,119,101,98,46,105,100,48,19,6,3,85,29,32,4,12,48,10,48,8,6,6,103,129,12,1,2,1,48,54,6,3,85,29,31,4,47,48,45,48,43,160,41,160,39,134,37,104,116,116,112,58,47,47,99,46,112,107,105,46,103,111,111,103,47,119,101,49,47,66,119,89,107,100,53,88,107,89,56,99,46,99,114,108,48,130,1,5,6,10,43,6,1,4,1,214,121,2,4,2,4,129,246,4,129,243,0,241,0,119,0,100,17,196,108,164,18,236,167,137,28,162,2,46,0,188,171,79,40,7,212,30,53,39,171,234,254,213,3,201,125,205,240,0,0,1,155,32,89,131,239,0,0,4,3,0,72,48,70,2,33,0,200,14,101,120,225,210,194,22,149,176,32,104,187,40,61,59,152,52,162,76,181,1,107,107,34,138,194,10,152,31,67,210,2,33,0,187,47,172,38,105,252,86,88,70,255,204,206,105,116,55,85,230,209,241,104,206,164,37,105,241,129,67,198,103,185,225,129,0,118,0,14,87,148,188,243,174,169,62,51,27,44,153,7,179,247,144,223,155,194,61,113,50,37,221,33,169,37,172,97,197,78,33,0,0,1,155,32,89,132,33,0,0,4,3,0,71,48,69,2,32,124,23,13,124,214,207,104,188,163,13,194,132,106,215,65,63,181,238,171,124,183,6,105,127,159,198,231,84,52,82,168,184,2,33,0,194,221,136,115,191,240,84,86,177,105,57,180,237,26,177,2,186,192,62,120,143,46,7,211,68,212,223,238,47,195,204,255,48,10,6,8,42,134,72,206,61,4,3,2,3,73,0,48,70,2,33,0,196,136,149,225,67,116,128,137,116,100,48,36,4,77,73,93,122,88,9,34,194,24,83,222,208,76,104,232,239,68,178,179,2,33,0,137,111,135,125,148,246,200,35,101,217,140,190,214,214,4,129,43,40,18,114,232,92,81,91,68,7,68,27,45,45,173,126,164,2,4,0,166,30,4,28,97,112,105,46,114,97,106,97,115,101,114,118,101,114,112,114,101,109,105,117,109,46,119,101,98,46,105,100,169,5,2,3,0,253,32,170,129,195,4,129,192,161,94,111,107,150,216,214,252,142,252,177,187,110,191,46,149,108,107,4,211,5,22,11,124,185,243,44,223,12,132,98,164,207,235,2,1,147,230,172,58,198,177,99,195,66,5,195,107,70,234,72,40,91,29,251,12,9,18,133,57,205,21,92,2,94,11,151,125,122,222,72,155,60,124,2,85,60,180,102,144,137,63,231,161,223,7,111,184,118,44,201,197,76,110,88,106,238,233,203,101,208,43,119,149,151,186,101,121,86,20,40,245,14,202,7,245,60,80,135,222,111,40,119,35,246,77,113,57,203,111,19,71,242,249,251,149,5,228,12,14,142,147,74,26,39,158,107,70,32,123,162,245,203,211,5,58,237,109,164,145,120,53,47,10,100,118,57,49,112,213,93,204,108,140,33,229,40,185,43,248,17,182,229,194,44,219,219,248,200,188,65,7,174,6,2,4,57,147,46,193,179,3,2,1,29],"type":"Buffer"},"orkutapi.andyyuda41.workers.dev:443:::::::::::::::::::::":{"data":[48,130,5,62,2,1,1,2,2,3,4,4,2,19,2,4,32,219,178,222,80,108,138,164,14,217,120,195,48,74,46,43,1,234,100,35,21,138,208,146,6,56,178,218,9,73,181,82,65,4,48,226,31,228,89,33,212,68,19,155,61,117,179,68,61,140,123,156,215,252,236,195,26,58,102,183,10,9,224,208,189,66,56,30,151,85,123,24,173,156,39,159,141,3,206,199,20,71,6,161,6,2,4,105,107,33,177,162,4,2,2,28,32,163,130,3,203,48,130,3,199,48,130,3,108,160,3,2,1,2,2,17,0,204,255,46,58,156,121,84,100,13,62,140,70,172,31,126,52,48,10,6,8,42,134,72,206,61,4,3,2,48,59,49,11,48,9,6,3,85,4,6,19,2,85,83,49,30,48,28,6,3,85,4,10,19,21,71,111,111,103,108,101,32,84,114,117,115,116,32,83,101,114,118,105,99,101,115,49,12,48,10,6,3,85,4,3,19,3,87,69,49,48,30,23,13,50,53,49,50,48,52,49,56,50,48,53,50,90,23,13,50,54,48,51,48,52,49,57,49,57,51,50,90,48,33,49,31,48,29,6,3,85,4,3,19,22,97,110,100,121,121,117,100,97,52,49,46,119,111,114,107,101,114,115,46,100,101,118,48,89,48,19,6,7,42,134,72,206,61,2,1,6,8,42,134,72,206,61,3,1,7,3,66,0,4,143,66,205,64,233,163,172,79,175,145,203,123,1,180,32,225,158,217,144,242,164,126,11,42,26,20,106,185,120,30,206,167,216,87,152,236,15,236,154,28,107,179,148,156,208,133,140,63,169,69,247,233,155,67,23,42,162,132,17,0,146,126,252,37,163,130,2,105,48,130,2,101,48,14,6,3,85,29,15,1,1,255,4,4,3,2,7,128,48,19,6,3,85,29,37,4,12,48,10,6,8,43,6,1,5,5,7,3,1,48,12,6,3,85,29,19,1,1,255,4,2,48,0,48,29,6,3,85,29,14,4,22,4,20,110,54,156,13,119,209,90,201,235,196,105,100,202,96,8,6,172,118,133,207,48,31,6,3,85,29,35,4,24,48,22,128,20,144,119,146,53,103,196,255,168,204,169,230,123,217,128,121,123,204,147,249,56,48,94,6,8,43,6,1,5,5,7,1,1,4,82,48,80,48,39,6,8,43,6,1,5,5,7,48,1,134,27,104,116,116,112,58,47,47,111,46,112,107,105,46,103,111,111,103,47,115,47,119,101,49,47,122,80,56,48,37,6,8,43,6,1,5,5,7,48,2,134,25,104,116,116,112,58,47,47,105,46,112,107,105,46,103,111,111,103,47,119,101,49,46,99,114,116,48,59,6,3,85,29,17,4,52,48,50,130,22,97,110,100,121,121,117,100,97,52,49,46,119,111,114,107,101,114,115,46,100,101,118,130,24,42,46,97,110,100,121,121,117,100,97,52,49,46,119,111,114,107,101,114,115,46,100,101,118,48,19,6,3,85,29,32,4,12,48,10,48,8,6,6,103,129,12,1,2,1,48,54,6,3,85,29,31,4,47,48,45,48,43,160,41,160,39,134,37,104,116,116,112,58,47,47,99,46,112,107,105,46,103,111,111,103,47,119,101,49,47,89,76,108,83,49,76,95,90,107,75,107,46,99,114,108,48,130,1,4,6,10,43,6,1,4,1,214,121,2,4,2,4,129,245,4,129,242,0,240,0,118,0,14,87,148,188,243,174,169,62,51,27,44,153,7,179,247,144,223,155,194,61,113,50,37,221,33,169,37,172,97,197,78,33,0,0,1,154,234,207,106,200,0,0,4,3,0,71,48,69,2,33,0,199,64,129,103,221,11,190,255,174,92,213,57,140,143,205,242,98,81,48,190,53,224,167,59,195,13,18,82,114,30,187,100,2,32,91,69,71,217,1,218,9,180,131,89,58,149,249,155,135,21,117,5,84,117,87,28,129,126,163,151,119,85,249,124,205,151,0,118,0,203,56,247,21,137,124,132,161,68,95,91,193,221,251,201,110,242,154,89,205,71,10,105,5,133,176,203,20,195,20,88,231,0,0,1,154,234,207,107,23,0,0,4,3,0,71,48,69,2,32,121,92,174,90,157,196,125,12,255,92,91,250,195,239,115,117,184,95,2,245,15,156,83,77,79,127,116,146,46,43,59,127,2,33,0,193,249,157,152,211,188,237,137,249,209,227,162,144,96,70,93,31,156,155,223,23,153,91,142,153,101,224,3,176,24,172,75,48,10,6,8,42,134,72,206,61,4,3,2,3,73,0,48,70,2,33,0,222,119,163,114,212,246,50,73,29,115,93,88,238,191,242,219,47,173,227,198,110,134,163,157,233,53,37,212,205,26,134,187,2,33,0,153,246,211,233,20,114,232,230,111,106,250,29,152,168,134,50,169,32,247,39,233,250,195,52,217,45,140,76,77,100,151,104,164,2,4,0,166,33,4,31,111,114,107,117,116,97,112,105,46,97,110,100,121,121,117,100,97,52,49,46,119,111,114,107,101,114,115,46,100,101,118,169,5,2,3,0,253,32,170,129,195,4,129,192,143,231,53,249,41,239,174,181,79,151,5,2,67,231,224,121,232,243,244,59,128,230,203,36,137,68,41,213,39,17,16,88,244,105,5,49,190,178,162,248,142,25,251,244,91,164,128,102,222,72,108,137,194,255,71,64,94,165,193,51,178,102,145,185,112,22,247,3,39,121,2,178,24,143,185,123,183,55,142,236,91,233,119,147,246,76,169,128,22,158,47,174,181,164,138,211,214,222,158,35,185,247,250,104,43,191,207,220,181,115,229,205,227,41,252,30,219,158,54,193,121,66,54,43,185,2,51,37,53,123,198,242,223,189,182,148,203,111,122,44,199,147,211,13,94,147,147,39,117,46,254,151,183,182,58,13,80,167,24,122,203,218,5,163,186,223,94,231,59,171,43,211,139,166,41,201,225,163,162,7,225,7,246,223,113,137,227,76,72,84,119,208,174,7,2,5,0,254,32,167,172,179,3,2,1,29],"type":"Buffer"}}},"defaultPort":443,"freeSockets":{"api.rajaserverpremium.web.id:443:::::::::::::::::::::":[{"_SNICallback":null,"_closeAfterHandlingError":false,"_controlReleased":true,"_events":{"close":[null,null,null],"timeout":[null,null]},"_eventsCount":9,"_hadError":false,"_host":"api.rajaserverpremium.web.id","_httpMessage":null,"_newSessionPending":false,"_parent":null,"_pendingData":null,"_pendingEncoding":"","_readableState":{"awaitDrainWriters":null,"buffer":[],"bufferIndex":0,"highWaterMark":16384,"length":0,"pipes":[]},"_rejectUnauthorized":true,"_requestCert":true,"_secureEstablished":true,"_securePending":false,"_server":null,"_sockname":null,"_tlsOptions":{"isServer":false,"pipe":false,"rejectUnauthorized":true,"requestCert":true,"secureContext":{"context":{}}},"_writableState":{"bufferedIndex":0,"corked":0,"highWaterMark":16384,"length":0,"pendingcb":0,"writelen":0},"allowHalfOpen":false,"alpnProtocol":false,"authorizationError":null,"authorized":true,"autoSelectFamilyAttemptedAddresses":["172.67.170.182:443"],"connecting":false,"encrypted":true,"parser":null,"secureConnecting":false,"servername":"api.rajaserverpremium.web.id","ssl":{"_parent":{"onconnection":null,"reading":true},"_parentWrap":null,"_secureContext":{"context":{}},"reading":true},"timeout":5000}]},"keepAlive":true,"keepAliveMsecs":1000,"maxCachedSessions":100,"maxFreeSockets":256,"maxSockets":null,"maxTotalSockets":null,"options":{"keepAlive":true,"noDelay":true,"path":null,"scheduling":"lifo","timeout":5000},"protocol":"https:","requests":{},"scheduling":"lifo","sockets":{},"totalSocketCount":1}}},"path":"/orderkuota/createpayment?apikey=AriApiPaymetGetwayMod&amount=50091&codeqr=00020101021126670016COM.NOBUBANK.WWW01189360050300000879140214139599269048920303UMI51440014ID.CO.QRIS.WWW0215ID20253948025940303UMI5204541153033605802ID5919XYUZSTORE%20OK23960556004BONE61059167162070703A01630489F4","pathname":"/orderkuota/createpayment","port":"","protocol":"https:","search":"?apikey=AriApiPaymetGetwayMod&amount=50091&codeqr=00020101021126670016COM.NOBUBANK.WWW01189360050300000879140214139599269048920303UMI51440014ID.CO.QRIS.WWW0215ID20253948025940303UMI5204541153033605802ID5919XYUZSTORE%20OK23960556004BONE61059167162070703A01630489F4"},"_redirectCount":0,"_redirects":[],"_requestBodyBuffers":[],"_requestBodyLength":0,"_timeout":null,"_writableState":{"bufferedIndex":0,"corked":0,"highWaterMark":16384,"length":0,"pendingcb":0,"writelen":0}},"_removedConnection":false,"_removedContLen":false,"_removedTE":false,"_trailer":"","aborted":false,"agent":{"_events":{},"_eventsCount":2,"_sessionCache":{"list":["orkutapi.andyyuda41.workers.dev:443:::::::::::::::::::::","api.rajaserverpremium.web.id:443:::::::::::::::::::::"],"map":{"api.rajaserverpremium.web.id:443:::::::::::::::::::::":{"data":[48,130,5,64,2,1,1,2,2,3,4,4,2,19,2,4,32,71,198,54,14,148,58,43,134,118,142,127,159,132,189,226,249,38,93,146,173,151,175,87,109,122,155,132,47,203,124,47,91,4,48,66,198,251,37,15,194,48,124,58,124,213,156,116,34,107,177,54,248,131,159,2,125,154,248,159,217,116,38,107,177,178,31,209,237,44,162,235,3,41,112,82,207,134,255,205,130,45,42,161,6,2,4,105,107,207,133,162,4,2,2,28,32,163,130,3,209,48,130,3,205,48,130,3,114,160,3,2,1,2,2,16,83,100,82,125,214,58,243,187,14,11,131,211,98,161,77,124,48,10,6,8,42,134,72,206,61,4,3,2,48,59,49,11,48,9,6,3,85,4,6,19,2,85,83,49,30,48,28,6,3,85,4,10,19,21,71,111,111,103,108,101,32,84,114,117,115,116,32,83,101,114,118,105,99,101,115,49,12,48,10,6,3,85,4,3,19,3,87,69,49,48,30,23,13,50,53,49,50,49,53,48,51,53,49,51,53,90,23,13,50,54,48,51,49,53,48,52,52,57,48,54,90,48,35,49,33,48,31,6,3,85,4,3,19,24,114,97,106,97,115,101,114,118,101,114,112,114,101,109,105,117,109,46,119,101,98,46,105,100,48,89,48,19,6,7,42,134,72,206,61,2,1,6,8,42,134,72,206,61,3,1,7,3,66,0,4,209,65,248,198,152,178,80,43,76,156,21,181,92,1,237,118,53,13,210,42,15,124,212,102,245,214,179,237,66,78,179,128,178,124,71,4,150,143,103,173,213,93,32,127,178,132,49,155,107,84,200,182,247,77,43,187,116,4,84,48,228,78,239,92,163,130,2,110,48,130,2,106,48,14,6,3,85,29,15,1,1,255,4,4,3,2,7,128,48,19,6,3,85,29,37,4,12,48,10,6,8,43,6,1,5,5,7,3,1,48,12,6,3,85,29,19,1,1,255,4,2,48,0,48,29,6,3,85,29,14,4,22,4,20,139,247,2,230,192,10,215,58,117,122,101,186,168,30,149,38,246,33,63,110,48,31,6,3,85,29,35,4,24,48,22,128,20,144,119,146,53,103,196,255,168,204,169,230,123,217,128,121,123,204,147,249,56,48,94,6,8,43,6,1,5,5,7,1,1,4,82,48,80,48,39,6,8,43,6,1,5,5,7,48,1,134,27,104,116,116,112,58,47,47,111,46,112,107,105,46,103,111,111,103,47,115,47,119,101,49,47,85,50,81,48,37,6,8,43,6,1,5,5,7,48,2,134,25,104,116,116,112,58,47,47,105,46,112,107,105,46,103,111,111,103,47,119,101,49,46,99,114,116,48,63,6,3,85,29,17,4,56,48,54,130,24,114,97,106,97,115,101,114,118,101,114,112,114,101,109,105,117,109,46,119,101,98,46,105,100,130,26,42,46,114,97,106,97,115,101,114,118,101,114,112,114,101,109,105,117,109,46,119,101,98,46,105,100,48,19,6,3,85,29,32,4,12,48,10,48,8,6,6,103,129,12,1,2,1,48,54,6,3,85,29,31,4,47,48,45,48,43,160,41,160,39,134,37,104,116,116,112,58,47,47,99,46,112,107,105,46,103,111,111,103,47,119,101,49,47,66,119,89,107,100,53,88,107,89,56,99,46,99,114,108,48,130,1,5,6,10,43,6,1,4,1,214,121,2,4,2,4,129,246,4,129,243,0,241,0,119,0,100,17,196,108,164,18,236,167,137,28,162,2,46,0,188,171,79,40,7,212,30,53,39,171,234,254,213,3,201,125,205,240,0,0,1,155,32,89,131,239,0,0,4,3,0,72,48,70,2,33,0,200,14,101,120,225,210,194,22,149,176,32,104,187,40,61,59,152,52,162,76,181,1,107,107,34,138,194,10,152,31,67,210,2,33,0,187,47,172,38,105,252,86,88,70,255,204,206,105,116,55,85,230,209,241,104,206,164,37,105,241,129,67,198,103,185,225,129,0,118,0,14,87,148,188,243,174,169,62,51,27,44,153,7,179,247,144,223,155,194,61,113,50,37,221,33,169,37,172,97,197,78,33,0,0,1,155,32,89,132,33,0,0,4,3,0,71,48,69,2,32,124,23,13,124,214,207,104,188,163,13,194,132,106,215,65,63,181,238,171,124,183,6,105,127,159,198,231,84,52,82,168,184,2,33,0,194,221,136,115,191,240,84,86,177,105,57,180,237,26,177,2,186,192,62,120,143,46,7,211,68,212,223,238,47,195,204,255,48,10,6,8,42,134,72,206,61,4,3,2,3,73,0,48,70,2,33,0,196,136,149,225,67,116,128,137,116,100,48,36,4,77,73,93,122,88,9,34,194,24,83,222,208,76,104,232,239,68,178,179,2,33,0,137,111,135,125,148,246,200,35,101,217,140,190,214,214,4,129,43,40,18,114,232,92,81,91,68,7,68,27,45,45,173,126,164,2,4,0,166,30,4,28,97,112,105,46,114,97,106,97,115,101,114,118,101,114,112,114,101,109,105,117,109,46,119,101,98,46,105,100,169,5,2,3,0,253,32,170,129,195,4,129,192,161,94,111,107,150,216,214,252,142,252,177,187,110,191,46,149,108,107,4,211,5,22,11,124,185,243,44,223,12,132,98,164,207,235,2,1,147,230,172,58,198,177,99,195,66,5,195,107,70,234,72,40,91,29,251,12,9,18,133,57,205,21,92,2,94,11,151,125,122,222,72,155,60,124,2,85,60,180,102,144,137,63,231,161,223,7,111,184,118,44,201,197,76,110,88,106,238,233,203,101,208,43,119,149,151,186,101,121,86,20,40,245,14,202,7,245,60,80,135,222,111,40,119,35,246,77,113,57,203,111,19,71,242,249,251,149,5,228,12,14,142,147,74,26,39,158,107,70,32,123,162,245,203,211,5,58,237,109,164,145,120,53,47,10,100,118,57,49,112,213,93,204,108,140,33,229,40,185,43,248,17,182,229,194,44,219,219,248,200,188,65,7,174,6,2,4,57,147,46,193,179,3,2,1,29],"type":"Buffer"},"orkutapi.andyyuda41.workers.dev:443:::::::::::::::::::::":{"data":[48,130,5,62,2,1,1,2,2,3,4,4,2,19,2,4,32,219,178,222,80,108,138,164,14,217,120,195,48,74,46,43,1,234,100,35,21,138,208,146,6,56,178,218,9,73,181,82,65,4,48,226,31,228,89,33,212,68,19,155,61,117,179,68,61,140,123,156,215,252,236,195,26,58,102,183,10,9,224,208,189,66,56,30,151,85,123,24,173,156,39,159,141,3,206,199,20,71,6,161,6,2,4,105,107,33,177,162,4,2,2,28,32,163,130,3,203,48,130,3,199,48,130,3,108,160,3,2,1,2,2,17,0,204,255,46,58,156,121,84,100,13,62,140,70,172,31,126,52,48,10,6,8,42,134,72,206,61,4,3,2,48,59,49,11,48,9,6,3,85,4,6,19,2,85,83,49,30,48,28,6,3,85,4,10,19,21,71,111,111,103,108,101,32,84,114,117,115,116,32,83,101,114,118,105,99,101,115,49,12,48,10,6,3,85,4,3,19,3,87,69,49,48,30,23,13,50,53,49,50,48,52,49,56,50,48,53,50,90,23,13,50,54,48,51,48,52,49,57,49,57,51,50,90,48,33,49,31,48,29,6,3,85,4,3,19,22,97,110,100,121,121,117,100,97,52,49,46,119,111,114,107,101,114,115,46,100,101,118,48,89,48,19,6,7,42,134,72,206,61,2,1,6,8,42,134,72,206,61,3,1,7,3,66,0,4,143,66,205,64,233,163,172,79,175,145,203,123,1,180,32,225,158,217,144,242,164,126,11,42,26,20,106,185,120,30,206,167,216,87,152,236,15,236,154,28,107,179,148,156,208,133,140,63,169,69,247,233,155,67,23,42,162,132,17,0,146,126,252,37,163,130,2,105,48,130,2,101,48,14,6,3,85,29,15,1,1,255,4,4,3,2,7,128,48,19,6,3,85,29,37,4,12,48,10,6,8,43,6,1,5,5,7,3,1,48,12,6,3,85,29,19,1,1,255,4,2,48,0,48,29,6,3,85,29,14,4,22,4,20,110,54,156,13,119,209,90,201,235,196,105,100,202,96,8,6,172,118,133,207,48,31,6,3,85,29,35,4,24,48,22,128,20,144,119,146,53,103,196,255,168,204,169,230,123,217,128,121,123,204,147,249,56,48,94,6,8,43,6,1,5,5,7,1,1,4,82,48,80,48,39,6,8,43,6,1,5,5,7,48,1,134,27,104,116,116,112,58,47,47,111,46,112,107,105,46,103,111,111,103,47,115,47,119,101,49,47,122,80,56,48,37,6,8,43,6,1,5,5,7,48,2,134,25,104,116,116,112,58,47,47,105,46,112,107,105,46,103,111,111,103,47,119,101,49,46,99,114,116,48,59,6,3,85,29,17,4,52,48,50,130,22,97,110,100,121,121,117,100,97,52,49,46,119,111,114,107,101,114,115,46,100,101,118,130,24,42,46,97,110,100,121,121,117,100,97,52,49,46,119,111,114,107,101,114,115,46,100,101,118,48,19,6,3,85,29,32,4,12,48,10,48,8,6,6,103,129,12,1,2,1,48,54,6,3,85,29,31,4,47,48,45,48,43,160,41,160,39,134,37,104,116,116,112,58,47,47,99,46,112,107,105,46,103,111,111,103,47,119,101,49,47,89,76,108,83,49,76,95,90,107,75,107,46,99,114,108,48,130,1,4,6,10,43,6,1,4,1,214,121,2,4,2,4,129,245,4,129,242,0,240,0,118,0,14,87,148,188,243,174,169,62,51,27,44,153,7,179,247,144,223,155,194,61,113,50,37,221,33,169,37,172,97,197,78,33,0,0,1,154,234,207,106,200,0,0,4,3,0,71,48,69,2,33,0,199,64,129,103,221,11,190,255,174,92,213,57,140,143,205,242,98,81,48,190,53,224,167,59,195,13,18,82,114,30,187,100,2,32,91,69,71,217,1,218,9,180,131,89,58,149,249,155,135,21,117,5,84,117,87,28,129,126,163,151,119,85,249,124,205,151,0,118,0,203,56,247,21,137,124,132,161,68,95,91,193,221,251,201,110,242,154,89,205,71,10,105,5,133,176,203,20,195,20,88,231,0,0,1,154,234,207,107,23,0,0,4,3,0,71,48,69,2,32,121,92,174,90,157,196,125,12,255,92,91,250,195,239,115,117,184,95,2,245,15,156,83,77,79,127,116,146,46,43,59,127,2,33,0,193,249,157,152,211,188,237,137,249,209,227,162,144,96,70,93,31,156,155,223,23,153,91,142,153,101,224,3,176,24,172,75,48,10,6,8,42,134,72,206,61,4,3,2,3,73,0,48,70,2,33,0,222,119,163,114,212,246,50,73,29,115,93,88,238,191,242,219,47,173,227,198,110,134,163,157,233,53,37,212,205,26,134,187,2,33,0,153,246,211,233,20,114,232,230,111,106,250,29,152,168,134,50,169,32,247,39,233,250,195,52,217,45,140,76,77,100,151,104,164,2,4,0,166,33,4,31,111,114,107,117,116,97,112,105,46,97,110,100,121,121,117,100,97,52,49,46,119,111,114,107,101,114,115,46,100,101,118,169,5,2,3,0,253,32,170,129,195,4,129,192,143,231,53,249,41,239,174,181,79,151,5,2,67,231,224,121,232,243,244,59,128,230,203,36,137,68,41,213,39,17,16,88,244,105,5,49,190,178,162,248,142,25,251,244,91,164,128,102,222,72,108,137,194,255,71,64,94,165,193,51,178,102,145,185,112,22,247,3,39,121,2,178,24,143,185,123,183,55,142,236,91,233,119,147,246,76,169,128,22,158,47,174,181,164,138,211,214,222,158,35,185,247,250,104,43,191,207,220,181,115,229,205,227,41,252,30,219,158,54,193,121,66,54,43,185,2,51,37,53,123,198,242,223,189,182,148,203,111,122,44,199,147,211,13,94,147,147,39,117,46,254,151,183,182,58,13,80,167,24,122,203,218,5,163,186,223,94,231,59,171,43,211,139,166,41,201,225,163,162,7,225,7,246,223,113,137,227,76,72,84,119,208,174,7,2,5,0,254,32,167,172,179,3,2,1,29],"type":"Buffer"}}},"defaultPort":443,"freeSockets":{"api.rajaserverpremium.web.id:443:::::::::::::::::::::":[{"_SNICallback":null,"_closeAfterHandlingError":false,"_controlReleased":true,"_events":{"close":[null,null,null],"timeout":[null,null]},"_eventsCount":9,"_hadError":false,"_host":"api.rajaserverpremium.web.id","_httpMessage":null,"_newSessionPending":false,"_parent":null,"_pendingData":null,"_pendingEncoding":"","_readableState":{"awaitDrainWriters":null,"buffer":[],"bufferIndex":0,"highWaterMark":16384,"length":0,"pipes":[]},"_rejectUnauthorized":true,"_requestCert":true,"_secureEstablished":true,"_securePending":false,"_server":null,"_sockname":null,"_tlsOptions":{"isServer":false,"pipe":false,"rejectUnauthorized":true,"requestCert":true,"secureContext":{"context":{}}},"_writableState":{"bufferedIndex":0,"corked":0,"highWaterMark":16384,"length":0,"pendingcb":0,"writelen":0},"allowHalfOpen":false,"alpnProtocol":false,"authorizationError":null,"authorized":true,"autoSelectFamilyAttemptedAddresses":["172.67.170.182:443"],"connecting":false,"encrypted":true,"parser":null,"secureConnecting":false,"servername":"api.rajaserverpremium.web.id","ssl":{"_parent":{"onconnection":null,"reading":true},"_parentWrap":null,"_secureContext":{"context":{}},"reading":true},"timeout":5000}]},"keepAlive":true,"keepAliveMsecs":1000,"maxCachedSessions":100,"maxFreeSockets":256,"maxSockets":null,"maxTotalSockets":null,"options":{"keepAlive":true,"noDelay":true,"path":null,"scheduling":"lifo","timeout":5000},"protocol":"https:","requests":{},"scheduling":"lifo","sockets":{},"totalSocketCount":1},"chunkedEncoding":false,"destroyed":true,"finished":true,"host":"api.rajaserverpremium.web.id","maxHeadersCount":null,"maxRequestsOnConnectionReached":false,"method":"GET","outputData":[],"outputSize":0,"parser":null,"path":"/orderkuota/createpayment?apikey=AriApiPaymetGetwayMod&amount=50091&codeqr=00020101021126670016COM.NOBUBANK.WWW01189360050300000879140214139599269048920303UMI51440014ID.CO.QRIS.WWW0215ID20253948025940303UMI5204541153033605802ID5919XYUZSTORE%20OK23960556004BONE61059167162070703A01630489F4","protocol":"https:","res":{"_consuming":false,"_dumped":false,"_events":{"end":[null,null]},"_eventsCount":4,"_readableState":{"awaitDrainWriters":null,"buffer":[],"bufferIndex":0,"highWaterMark":16384,"length":0,"pipes":[]},"aborted":false,"client":{"_SNICallback":null,"_closeAfterHandlingError":false,"_controlReleased":true,"_events":{"close":[null,null,null],"timeout":[null,null]},"_eventsCount":9,"_hadError":false,"_host":"api.rajaserverpremium.web.id","_httpMessage":null,"_newSessionPending":false,"_parent":null,"_pendingData":null,"_pendingEncoding":"","_readableState":{"awaitDrainWriters":null,"buffer":[],"bufferIndex":0,"highWaterMark":16384,"length":0,"pipes":[]},"_rejectUnauthorized":true,"_requestCert":true,"_secureEstablished":true,"_securePending":false,"_server":null,"_sockname":null,"_tlsOptions":{"isServer":false,"pipe":false,"rejectUnauthorized":true,"requestCert":true,"secureContext":{"context":{}}},"_writableState":{"bufferedIndex":0,"corked":0,"highWaterMark":16384,"length":0,"pendingcb":0,"writelen":0},"allowHalfOpen":false,"alpnProtocol":false,"authorizationError":null,"authorized":true,"autoSelectFamilyAttemptedAddresses":["172.67.170.182:443"],"connecting":false,"encrypted":true,"parser":null,"secureConnecting":false,"servername":"api.rajaserverpremium.web.id","ssl":{"_parent":{"onconnection":null,"reading":true},"_parentWrap":null,"_secureContext":{"context":{}},"reading":true},"timeout":5000},"complete":true,"httpVersion":"1.1","httpVersionMajor":1,"httpVersionMinor":1,"method":null,"rawHeaders":["Date","Sat, 17 Jan 2026 18:06:34 GMT","Content-Type","application/json; charset=utf-8","Content-Length","45","Connection","keep-alive","access-control-allow-headers","Content-Type, X-API-Key, Authorization","access-control-allow-methods","GET, POST, PUT, DELETE","access-control-allow-origin","*","Age","0","Cache-Control","public, max-age=0, must-revalidate","etag","W/\"2d-d2fvxHDtVJhbZrJJJbqb3bCDRRw\"","Server","cloudflare","strict-transport-security","max-age=63072000","x-powered-by","Express","x-vercel-cache","MISS","x-vercel-id","sin1::iad1::bqhvp-1768673193467-299c4ee18b6f","cf-cache-status","DYNAMIC","Nel","{\"report_to\":\"cf-nel\",\"success_fraction\":0.0,\"max_age\":604800}","Report-To","{\"group\":\"cf-nel\",\"max_age\":604800,\"endpoints\":[{\"url\":\"https://a.nel.cloudflare.com/report/v4?s=WEJsbesJGklc%2BO90j%2FbTTg4oikTj%2BS%2BihjLAaWRUyEepsrbyBu0N4hF0t9zPls1zWzgfYL8qi%2BHhDwV8WrdUB6LWjUFwNKdG8Y9mkjS6xdx3d3HK4l6xLjgB8oY%3D\"}]}","CF-RAY","9bf7c9830a4bcdf9-SIN","alt-svc","h3=\":443\"; ma=86400"],"rawTrailers":[],"redirects":[],"req":"[Circular]","responseUrl":"https://api.rajaserverpremium.web.id/orderkuota/createpayment?apikey=AriApiPaymetGetwayMod&amount=50091&codeqr=00020101021126670016COM.NOBUBANK.WWW01189360050300000879140214139599269048920303UMI51440014ID.CO.QRIS.WWW0215ID20253948025940303UMI5204541153033605802ID5919XYUZSTORE%20OK23960556004BONE61059167162070703A01630489F4","socket":null,"statusCode":401,"statusMessage":"Unauthorized","upgrade":false,"url":""},"reusedSocket":false,"sendDate":false,"shouldKeepAlive":true,"socket":{"_SNICallback":null,"_closeAfterHandlingError":false,"_controlReleased":true,"_events":{"close":[null,null,null],"timeout":[null,null]},"_eventsCount":9,"_hadError":false,"_host":"api.rajaserverpremium.web.id","_httpMessage":null,"_newSessionPending":false,"_parent":null,"_pendingData":null,"_pendingEncoding":"","_readableState":{"awaitDrainWriters":null,"buffer":[],"bufferIndex":0,"highWaterMark":16384,"length":0,"pipes":[]},"_rejectUnauthorized":true,"_requestCert":true,"_secureEstablished":true,"_securePending":false,"_server":null,"_sockname":null,"_tlsOptions":{"isServer":false,"pipe":false,"rejectUnauthorized":true,"requestCert":true,"secureContext":{"context":{}}},"_writableState":{"bufferedIndex":0,"corked":0,"highWaterMark":16384,"length":0,"pendingcb":0,"writelen":0},"allowHalfOpen":false,"alpnProtocol":false,"authorizationError":null,"authorized":true,"autoSelectFamilyAttemptedAddresses":["172.67.170.182:443"],"connecting":false,"encrypted":true,"parser":null,"secureConnecting":false,"servername":"api.rajaserverpremium.web.id","ssl":{"_parent":{"onconnection":null,"reading":true},"_parentWrap":null,"_secureContext":{"context":{}},"reading":true},"timeout":5000},"strictContentLength":false,"timeoutCb":null,"upgradeOrConnect":false,"useChunkedEncodingByDefault":false,"writable":true},"response":{"config":{"adapter":["xhr","http","fetch"],"allowAbsoluteUrls":true,"env":{},"headers":{"Accept":"application/json, text/plain, */*","Accept-Encoding":"gzip, compress, deflate, br","User-Agent":"axios/1.13.2"},"maxBodyLength":-1,"maxContentLength":-1,"method":"get","timeout":0,"transformRequest":[null],"transformResponse":[null],"transitional":{"clarifyTimeoutError":false,"forcedJSONParsing":true,"silentJSONParsing":true},"url":"https://api.rajaserverpremium.web.id/orderkuota/createpayment?apikey=AriApiPaymetGetwayMod&amount=50091&codeqr=00020101021126670016COM.NOBUBANK.WWW01189360050300000879140214139599269048920303UMI51440014ID.CO.QRIS.WWW0215ID20253948025940303UMI5204541153033605802ID5919XYUZSTORE OK23960556004BONE61059167162070703A01630489F4","xsrfCookieName":"XSRF-TOKEN","xsrfHeaderName":"X-XSRF-TOKEN"},"data":{"message":"Invalid apikey","status":"error"},"headers":{"access-control-allow-headers":"Content-Type, X-API-Key, Authorization","access-control-allow-methods":"GET, POST, PUT, DELETE","access-control-allow-origin":"*","age":"0","alt-svc":"h3=\":443\"; ma=86400","cache-control":"public, max-age=0, must-revalidate","cf-cache-status":"DYNAMIC","cf-ray":"9bf7c9830a4bcdf9-SIN","connection":"keep-alive","content-length":"45","content-type":"application/json; charset=utf-8","date":"Sat, 17 Jan 2026 18:06:34 GMT","etag":"W/\"2d-d2fvxHDtVJhbZrJJJbqb3bCDRRw\"","nel":"{\"report_to\":\"cf-nel\",\"success_fraction\":0.0,\"max_age\":604800}","report-to":"{\"group\":\"cf-nel\",\"max_age\":604800,\"endpoints\":[{\"url\":\"https://a.nel.cloudflare.com/report/v4?s=WEJsbesJGklc%2BO90j%2FbTTg4oikTj%2BS%2BihjLAaWRUyEepsrbyBu0N4hF0t9zPls1zWzgfYL8qi%2BHhDwV8WrdUB6LWjUFwNKdG8Y9mkjS6xdx3d3HK4l6xLjgB8oY%3D\"}]}","server":"cloudflare","strict-transport-security":"max-age=63072000","x-powered-by":"Express","x-vercel-cache":"MISS","x-vercel-id":"sin1::iad1::bqhvp-1768673193467-299c4ee18b6f"},"request":{"_closed":true,"_contentLength":0,"_defaultKeepAlive":true,"_ended":true,"_events":{},"_eventsCount":7,"_hasBody":true,"_header":"GET /orderkuota/createpayment?apikey=AriApiPaymetGetwayMod&amount=50091&codeqr=00020101021126670016COM.NOBUBANK.WWW01189360050300000879140214139599269048920303UMI51440014ID.CO.QRIS.WWW0215ID20253948025940303UMI5204541153033605802ID5919XYUZSTORE%20OK23960556004BONE61059167162070703A01630489F4 HTTP/1.1\r\nAccept: application/json, text/plain, */*\r\nUser-Agent: axios/1.13.2\r\nAccept-Encoding: gzip, compress, deflate, br\r\nHost: api.rajaserverpremium.web.id\r\nConnection: keep-alive\r\n\r\n","_headerSent":true,"_keepAliveTimeout":0,"_last":true,"_redirectable":{"_currentRequest":"[Circular]","_currentUrl":"https://api.rajaserverpremium.web.id/orderkuota/createpayment?apikey=AriApiPaymetGetwayMod&amount=50091&codeqr=00020101021126670016COM.NOBUBANK.WWW01189360050300000879140214139599269048920303UMI51440014ID.CO.QRIS.WWW0215ID20253948025940303UMI5204541153033605802ID5919XYUZSTORE%20OK23960556004BONE61059167162070703A01630489F4","_ended":true,"_ending":true,"_events":{"socket":[null,null]},"_eventsCount":3,"_options":{"agents":{},"beforeRedirects":{},"headers":{"Accept":"application/json, text/plain, */*","Accept-Encoding":"gzip, compress, deflate, br","User-Agent":"axios/1.13.2"},"hostname":"api.rajaserverpremium.web.id","maxBodyLength":null,"maxRedirects":21,"method":"GET","nativeProtocols":{"http:":{"METHODS":["ACL","BIND","CHECKOUT","CONNECT","COPY","DELETE","GET","HEAD","LINK","LOCK","M-SEARCH","MERGE","MKACTIVITY","MKCALENDAR","MKCOL","MOVE","NOTIFY","OPTIONS","PATCH","POST","PROPFIND","PROPPATCH","PURGE","PUT","QUERY","REBIND","REPORT","SEARCH","SOURCE","SUBSCRIBE","TRACE","UNBIND","UNLINK","UNLOCK","UNSUBSCRIBE"],"STATUS_CODES":{"100":"Continue","101":"Switching Protocols","102":"Processing","103":"Early Hints","200":"OK","201":"Created","202":"Accepted","203":"Non-Authoritative Information","204":"No Content","205":"Reset Content","206":"Partial Content","207":"Multi-Status","208":"Already Reported","226":"IM Used","300":"Multiple Choices","301":"Moved Permanently","302":"Found","303":"See Other","304":"Not Modified","305":"Use Proxy","307":"Temporary Redirect","308":"Permanent Redirect","400":"Bad Request","401":"Unauthorized","402":"Payment Required","403":"Forbidden","404":"Not Found","405":"Method Not Allowed","406":"Not Acceptable","407":"Proxy Authentication Required","408":"Request Timeout","409":"Conflict","410":"Gone","411":"Length Required","412":"Precondition Failed","413":"Payload Too Large","414":"URI Too Long","415":"Unsupported Media Type","416":"Range Not Satisfiable","417":"Expectation Failed","418":"I'm a Teapot","421":"Misdirected Request","422":"Unprocessable Entity","423":"Locked","424":"Failed Dependency","425":"Too Early","426":"Upgrade Required","428":"Precondition Required","429":"Too Many Requests","431":"Request Header Fields Too Large","451":"Unavailable For Legal Reasons","500":"Internal Server Error","501":"Not Implemented","502":"Bad Gateway","503":"Service Unavailable","504":"Gateway Timeout","505":"HTTP Version Not Supported","506":"Variant Also Negotiates","507":"Insufficient Storage","508":"Loop Detected","509":"Bandwidth Limit Exceeded","510":"Not Extended","511":"Network Authentication Required"},"globalAgent":{"_events":{},"_eventsCount":2,"defaultPort":80,"freeSockets":{},"keepAlive":true,"keepAliveMsecs":1000,"maxFreeSockets":256,"maxSockets":null,"maxTotalSockets":null,"options":{"keepAlive":true,"noDelay":true,"path":null,"scheduling":"lifo","timeout":5000},"protocol":"http:","requests":{},"scheduling":"lifo","sockets":{},"totalSocketCount":0},"maxHeaderSize":16384},"https:":{"globalAgent":{"_events":{},"_eventsCount":2,"_sessionCache":{"list":["orkutapi.andyyuda41.workers.dev:443:::::::::::::::::::::","api.rajaserverpremium.web.id:443:::::::::::::::::::::"],"map":{"api.rajaserverpremium.web.id:443:::::::::::::::::::::":{"data":[48,130,5,64,2,1,1,2,2,3,4,4,2,19,2,4,32,71,198,54,14,148,58,43,134,118,142,127,159,132,189,226,249,38,93,146,173,151,175,87,109,122,155,132,47,203,124,47,91,4,48,66,198,251,37,15,194,48,124,58,124,213,156,116,34,107,177,54,248,131,159,2,125,154,248,159,217,116,38,107,177,178,31,209,237,44,162,235,3,41,112,82,207,134,255,205,130,45,42,161,6,2,4,105,107,207,133,162,4,2,2,28,32,163,130,3,209,48,130,3,205,48,130,3,114,160,3,2,1,2,2,16,83,100,82,125,214,58,243,187,14,11,131,211,98,161,77,124,48,10,6,8,42,134,72,206,61,4,3,2,48,59,49,11,48,9,6,3,85,4,6,19,2,85,83,49,30,48,28,6,3,85,4,10,19,21,71,111,111,103,108,101,32,84,114,117,115,116,32,83,101,114,118,105,99,101,115,49,12,48,10,6,3,85,4,3,19,3,87,69,49,48,30,23,13,50,53,49,50,49,53,48,51,53,49,51,53,90,23,13,50,54,48,51,49,53,48,52,52,57,48,54,90,48,35,49,33,48,31,6,3,85,4,3,19,24,114,97,106,97,115,101,114,118,101,114,112,114,101,109,105,117,109,46,119,101,98,46,105,100,48,89,48,19,6,7,42,134,72,206,61,2,1,6,8,42,134,72,206,61,3,1,7,3,66,0,4,209,65,248,198,152,178,80,43,76,156,21,181,92,1,237,118,53,13,210,42,15,124,212,102,245,214,179,237,66,78,179,128,178,124,71,4,150,143,103,173,213,93,32,127,178,132,49,155,107,84,200,182,247,77,43,187,116,4,84,48,228,78,239,92,163,130,2,110,48,130,2,106,48,14,6,3,85,29,15,1,1,255,4,4,3,2,7,128,48,19,6,3,85,29,37,4,12,48,10,6,8,43,6,1,5,5,7,3,1,48,12,6,3,85,29,19,1,1,255,4,2,48,0,48,29,6,3,85,29,14,4,22,4,20,139,247,2,230,192,10,215,58,117,122,101,186,168,30,149,38,246,33,63,110,48,31,6,3,85,29,35,4,24,48,22,128,20,144,119,146,53,103,196,255,168,204,169,230,123,217,128,121,123,204,147,249,56,48,94,6,8,43,6,1,5,5,7,1,1,4,82,48,80,48,39,6,8,43,6,1,5,5,7,48,1,134,27,104,116,116,112,58,47,47,111,46,112,107,105,46,103,111,111,103,47,115,47,119,101,49,47,85,50,81,48,37,6,8,43,6,1,5,5,7,48,2,134,25,104,116,116,112,58,47,47,105,46,112,107,105,46,103,111,111,103,47,119,101,49,46,99,114,116,48,63,6,3,85,29,17,4,56,48,54,130,24,114,97,106,97,115,101,114,118,101,114,112,114,101,109,105,117,109,46,119,101,98,46,105,100,130,26,42,46,114,97,106,97,115,101,114,118,101,114,112,114,101,109,105,117,109,46,119,101,98,46,105,100,48,19,6,3,85,29,32,4,12,48,10,48,8,6,6,103,129,12,1,2,1,48,54,6,3,85,29,31,4,47,48,45,48,43,160,41,160,39,134,37,104,116,116,112,58,47,47,99,46,112,107,105,46,103,111,111,103,47,119,101,49,47,66,119,89,107,100,53,88,107,89,56,99,46,99,114,108,48,130,1,5,6,10,43,6,1,4,1,214,121,2,4,2,4,129,246,4,129,243,0,241,0,119,0,100,17,196,108,164,18,236,167,137,28,162,2,46,0,188,171,79,40,7,212,30,53,39,171,234,254,213,3,201,125,205,240,0,0,1,155,32,89,131,239,0,0,4,3,0,72,48,70,2,33,0,200,14,101,120,225,210,194,22,149,176,32,104,187,40,61,59,152,52,162,76,181,1,107,107,34,138,194,10,152,31,67,210,2,33,0,187,47,172,38,105,252,86,88,70,255,204,206,105,116,55,85,230,209,241,104,206,164,37,105,241,129,67,198,103,185,225,129,0,118,0,14,87,148,188,243,174,169,62,51,27,44,153,7,179,247,144,223,155,194,61,113,50,37,221,33,169,37,172,97,197,78,33,0,0,1,155,32,89,132,33,0,0,4,3,0,71,48,69,2,32,124,23,13,124,214,207,104,188,163,13,194,132,106,215,65,63,181,238,171,124,183,6,105,127,159,198,231,84,52,82,168,184,2,33,0,194,221,136,115,191,240,84,86,177,105,57,180,237,26,177,2,186,192,62,120,143,46,7,211,68,212,223,238,47,195,204,255,48,10,6,8,42,134,72,206,61,4,3,2,3,73,0,48,70,2,33,0,196,136,149,225,67,116,128,137,116,100,48,36,4,77,73,93,122,88,9,34,194,24,83,222,208,76,104,232,239,68,178,179,2,33,0,137,111,135,125,148,246,200,35,101,217,140,190,214,214,4,129,43,40,18,114,232,92,81,91,68,7,68,27,45,45,173,126,164,2,4,0,166,30,4,28,97,112,105,46,114,97,106,97,115,101,114,118,101,114,112,114,101,109,105,117,109,46,119,101,98,46,105,100,169,5,2,3,0,253,32,170,129,195,4,129,192,161,94,111,107,150,216,214,252,142,252,177,187,110,191,46,149,108,107,4,211,5,22,11,124,185,243,44,223,12,132,98,164,207,235,2,1,147,230,172,58,198,177,99,195,66,5,195,107,70,234,72,40,91,29,251,12,9,18,133,57,205,21,92,2,94,11,151,125,122,222,72,155,60,124,2,85,60,180,102,144,137,63,231,161,223,7,111,184,118,44,201,197,76,110,88,106,238,233,203,101,208,43,119,149,151,186,101,121,86,20,40,245,14,202,7,245,60,80,135,222,111,40,119,35,246,77,113,57,203,111,19,71,242,249,251,149,5,228,12,14,142,147,74,26,39,158,107,70,32,123,162,245,203,211,5,58,237,109,164,145,120,53,47,10,100,118,57,49,112,213,93,204,108,140,33,229,40,185,43,248,17,182,229,194,44,219,219,248,200,188,65,7,174,6,2,4,57,147,46,193,179,3,2,1,29],"type":"Buffer"},"orkutapi.andyyuda41.workers.dev:443:::::::::::::::::::::":{"data":[48,130,5,62,2,1,1,2,2,3,4,4,2,19,2,4,32,219,178,222,80,108,138,164,14,217,120,195,48,74,46,43,1,234,100,35,21,138,208,146,6,56,178,218,9,73,181,82,65,4,48,226,31,228,89,33,212,68,19,155,61,117,179,68,61,140,123,156,215,252,236,195,26,58,102,183,10,9,224,208,189,66,56,30,151,85,123,24,173,156,39,159,141,3,206,199,20,71,6,161,6,2,4,105,107,33,177,162,4,2,2,28,32,163,130,3,203,48,130,3,199,48,130,3,108,160,3,2,1,2,2,17,0,204,255,46,58,156,121,84,100,13,62,140,70,172,31,126,52,48,10,6,8,42,134,72,206,61,4,3,2,48,59,49,11,48,9,6,3,85,4,6,19,2,85,83,49,30,48,28,6,3,85,4,10,19,21,71,111,111,103,108,101,32,84,114,117,115,116,32,83,101,114,118,105,99,101,115,49,12,48,10,6,3,85,4,3,19,3,87,69,49,48,30,23,13,50,53,49,50,48,52,49,56,50,48,53,50,90,23,13,50,54,48,51,48,52,49,57,49,57,51,50,90,48,33,49,31,48,29,6,3,85,4,3,19,22,97,110,100,121,121,117,100,97,52,49,46,119,111,114,107,101,114,115,46,100,101,118,48,89,48,19,6,7,42,134,72,206,61,2,1,6,8,42,134,72,206,61,3,1,7,3,66,0,4,143,66,205,64,233,163,172,79,175,145,203,123,1,180,32,225,158,217,144,242,164,126,11,42,26,20,106,185,120,30,206,167,216,87,152,236,15,236,154,28,107,179,148,156,208,133,140,63,169,69,247,233,155,67,23,42,162,132,17,0,146,126,252,37,163,130,2,105,48,130,2,101,48,14,6,3,85,29,15,1,1,255,4,4,3,2,7,128,48,19,6,3,85,29,37,4,12,48,10,6,8,43,6,1,5,5,7,3,1,48,12,6,3,85,29,19,1,1,255,4,2,48,0,48,29,6,3,85,29,14,4,22,4,20,110,54,156,13,119,209,90,201,235,196,105,100,202,96,8,6,172,118,133,207,48,31,6,3,85,29,35,4,24,48,22,128,20,144,119,146,53,103,196,255,168,204,169,230,123,217,128,121,123,204,147,249,56,48,94,6,8,43,6,1,5,5,7,1,1,4,82,48,80,48,39,6,8,43,6,1,5,5,7,48,1,134,27,104,116,116,112,58,47,47,111,46,112,107,105,46,103,111,111,103,47,115,47,119,101,49,47,122,80,56,48,37,6,8,43,6,1,5,5,7,48,2,134,25,104,116,116,112,58,47,47,105,46,112,107,105,46,103,111,111,103,47,119,101,49,46,99,114,116,48,59,6,3,85,29,17,4,52,48,50,130,22,97,110,100,121,121,117,100,97,52,49,46,119,111,114,107,101,114,115,46,100,101,118,130,24,42,46,97,110,100,121,121,117,100,97,52,49,46,119,111,114,107,101,114,115,46,100,101,118,48,19,6,3,85,29,32,4,12,48,10,48,8,6,6,103,129,12,1,2,1,48,54,6,3,85,29,31,4,47,48,45,48,43,160,41,160,39,134,37,104,116,116,112,58,47,47,99,46,112,107,105,46,103,111,111,103,47,119,101,49,47,89,76,108,83,49,76,95,90,107,75,107,46,99,114,108,48,130,1,4,6,10,43,6,1,4,1,214,121,2,4,2,4,129,245,4,129,242,0,240,0,118,0,14,87,148,188,243,174,169,62,51,27,44,153,7,179,247,144,223,155,194,61,113,50,37,221,33,169,37,172,97,197,78,33,0,0,1,154,234,207,106,200,0,0,4,3,0,71,48,69,2,33,0,199,64,129,103,221,11,190,255,174,92,213,57,140,143,205,242,98,81,48,190,53,224,167,59,195,13,18,82,114,30,187,100,2,32,91,69,71,217,1,218,9,180,131,89,58,149,249,155,135,21,117,5,84,117,87,28,129,126,163,151,119,85,249,124,205,151,0,118,0,203,56,247,21,137,124,132,161,68,95,91,193,221,251,201,110,242,154,89,205,71,10,105,5,133,176,203,20,195,20,88,231,0,0,1,154,234,207,107,23,0,0,4,3,0,71,48,69,2,32,121,92,174,90,157,196,125,12,255,92,91,250,195,239,115,117,184,95,2,245,15,156,83,77,79,127,116,146,46,43,59,127,2,33,0,193,249,157,152,211,188,237,137,249,209,227,162,144,96,70,93,31,156,155,223,23,153,91,142,153,101,224,3,176,24,172,75,48,10,6,8,42,134,72,206,61,4,3,2,3,73,0,48,70,2,33,0,222,119,163,114,212,246,50,73,29,115,93,88,238,191,242,219,47,173,227,198,110,134,163,157,233,53,37,212,205,26,134,187,2,33,0,153,246,211,233,20,114,232,230,111,106,250,29,152,168,134,50,169,32,247,39,233,250,195,52,217,45,140,76,77,100,151,104,164,2,4,0,166,33,4,31,111,114,107,117,116,97,112,105,46,97,110,100,121,121,117,100,97,52,49,46,119,111,114,107,101,114,115,46,100,101,118,169,5,2,3,0,253,32,170,129,195,4,129,192,143,231,53,249,41,239,174,181,79,151,5,2,67,231,224,121,232,243,244,59,128,230,203,36,137,68,41,213,39,17,16,88,244,105,5,49,190,178,162,248,142,25,251,244,91,164,128,102,222,72,108,137,194,255,71,64,94,165,193,51,178,102,145,185,112,22,247,3,39,121,2,178,24,143,185,123,183,55,142,236,91,233,119,147,246,76,169,128,22,158,47,174,181,164,138,211,214,222,158,35,185,247,250,104,43,191,207,220,181,115,229,205,227,41,252,30,219,158,54,193,121,66,54,43,185,2,51,37,53,123,198,242,223,189,182,148,203,111,122,44,199,147,211,13,94,147,147,39,117,46,254,151,183,182,58,13,80,167,24,122,203,218,5,163,186,223,94,231,59,171,43,211,139,166,41,201,225,163,162,7,225,7,246,223,113,137,227,76,72,84,119,208,174,7,2,5,0,254,32,167,172,179,3,2,1,29],"type":"Buffer"}}},"defaultPort":443,"freeSockets":{"api.rajaserverpremium.web.id:443:::::::::::::::::::::":[{"_SNICallback":null,"_closeAfterHandlingError":false,"_controlReleased":true,"_events":{"close":[null,null,null],"timeout":[null,null]},"_eventsCount":9,"_hadError":false,"_host":"api.rajaserverpremium.web.id","_httpMessage":null,"_newSessionPending":false,"_parent":null,"_pendingData":null,"_pendingEncoding":"","_readableState":{"awaitDrainWriters":null,"buffer":[],"bufferIndex":0,"highWaterMark":16384,"length":0,"pipes":[]},"_rejectUnauthorized":true,"_requestCert":true,"_secureEstablished":true,"_securePending":false,"_server":null,"_sockname":null,"_tlsOptions":{"isServer":false,"pipe":false,"rejectUnauthorized":true,"requestCert":true,"secureContext":{"context":{}}},"_writableState":{"bufferedIndex":0,"corked":0,"highWaterMark":16384,"length":0,"pendingcb":0,"writelen":0},"allowHalfOpen":false,"alpnProtocol":false,"authorizationError":null,"authorized":true,"autoSelectFamilyAttemptedAddresses":["172.67.170.182:443"],"connecting":false,"encrypted":true,"parser":null,"secureConnecting":false,"servername":"api.rajaserverpremium.web.id","ssl":{"_parent":{"onconnection":null,"reading":true},"_parentWrap":null,"_secureContext":{"context":{}},"reading":true},"timeout":5000}]},"keepAlive":true,"keepAliveMsecs":1000,"maxCachedSessions":100,"maxFreeSockets":256,"maxSockets":null,"maxTotalSockets":null,"options":{"keepAlive":true,"noDelay":true,"path":null,"scheduling":"lifo","timeout":5000},"protocol":"https:","requests":{},"scheduling":"lifo","sockets":{},"totalSocketCount":1}}},"path":"/orderkuota/createpayment?apikey=AriApiPaymetGetwayMod&amount=50091&codeqr=00020101021126670016COM.NOBUBANK.WWW01189360050300000879140214139599269048920303UMI51440014ID.CO.QRIS.WWW0215ID20253948025940303UMI5204541153033605802ID5919XYUZSTORE%20OK23960556004BONE61059167162070703A01630489F4","pathname":"/orderkuota/createpayment","port":"","protocol":"https:","search":"?apikey=AriApiPaymetGetwayMod&amount=50091&codeqr=00020101021126670016COM.NOBUBANK.WWW01189360050300000879140214139599269048920303UMI51440014ID.CO.QRIS.WWW0215ID20253948025940303UMI5204541153033605802ID5919XYUZSTORE%20OK23960556004BONE61059167162070703A01630489F4"},"_redirectCount":0,"_redirects":[],"_requestBodyBuffers":[],"_requestBodyLength":0,"_timeout":null,"_writableState":{"bufferedIndex":0,"corked":0,"highWaterMark":16384,"length":0,"pendingcb":0,"writelen":0}},"_removedConnection":false,"_removedContLen":false,"_removedTE":false,"_trailer":"","aborted":false,"agent":{"_events":{},"_eventsCount":2,"_sessionCache":{"list":["orkutapi.andyyuda41.workers.dev:443:::::::::::::::::::::","api.rajaserverpremium.web.id:443:::::::::::::::::::::"],"map":{"api.rajaserverpremium.web.id:443:::::::::::::::::::::":{"data":[48,130,5,64,2,1,1,2,2,3,4,4,2,19,2,4,32,71,198,54,14,148,58,43,134,118,142,127,159,132,189,226,249,38,93,146,173,151,175,87,109,122,155,132,47,203,124,47,91,4,48,66,198,251,37,15,194,48,124,58,124,213,156,116,34,107,177,54,248,131,159,2,125,154,248,159,217,116,38,107,177,178,31,209,237,44,162,235,3,41,112,82,207,134,255,205,130,45,42,161,6,2,4,105,107,207,133,162,4,2,2,28,32,163,130,3,209,48,130,3,205,48,130,3,114,160,3,2,1,2,2,16,83,100,82,125,214,58,243,187,14,11,131,211,98,161,77,124,48,10,6,8,42,134,72,206,61,4,3,2,48,59,49,11,48,9,6,3,85,4,6,19,2,85,83,49,30,48,28,6,3,85,4,10,19,21,71,111,111,103,108,101,32,84,114,117,115,116,32,83,101,114,118,105,99,101,115,49,12,48,10,6,3,85,4,3,19,3,87,69,49,48,30,23,13,50,53,49,50,49,53,48,51,53,49,51,53,90,23,13,50,54,48,51,49,53,48,52,52,57,48,54,90,48,35,49,33,48,31,6,3,85,4,3,19,24,114,97,106,97,115,101,114,118,101,114,112,114,101,109,105,117,109,46,119,101,98,46,105,100,48,89,48,19,6,7,42,134,72,206,61,2,1,6,8,42,134,72,206,61,3,1,7,3,66,0,4,209,65,248,198,152,178,80,43,76,156,21,181,92,1,237,118,53,13,210,42,15,124,212,102,245,214,179,237,66,78,179,128,178,124,71,4,150,143,103,173,213,93,32,127,178,132,49,155,107,84,200,182,247,77,43,187,116,4,84,48,228,78,239,92,163,130,2,110,48,130,2,106,48,14,6,3,85,29,15,1,1,255,4,4,3,2,7,128,48,19,6,3,85,29,37,4,12,48,10,6,8,43,6,1,5,5,7,3,1,48,12,6,3,85,29,19,1,1,255,4,2,48,0,48,29,6,3,85,29,14,4,22,4,20,139,247,2,230,192,10,215,58,117,122,101,186,168,30,149,38,246,33,63,110,48,31,6,3,85,29,35,4,24,48,22,128,20,144,119,146,53,103,196,255,168,204,169,230,123,217,128,121,123,204,147,249,56,48,94,6,8,43,6,1,5,5,7,1,1,4,82,48,80,48,39,6,8,43,6,1,5,5,7,48,1,134,27,104,116,116,112,58,47,47,111,46,112,107,105,46,103,111,111,103,47,115,47,119,101,49,47,85,50,81,48,37,6,8,43,6,1,5,5,7,48,2,134,25,104,116,116,112,58,47,47,105,46,112,107,105,46,103,111,111,103,47,119,101,49,46,99,114,116,48,63,6,3,85,29,17,4,56,48,54,130,24,114,97,106,97,115,101,114,118,101,114,112,114,101,109,105,117,109,46,119,101,98,46,105,100,130,26,42,46,114,97,106,97,115,101,114,118,101,114,112,114,101,109,105,117,109,46,119,101,98,46,105,100,48,19,6,3,85,29,32,4,12,48,10,48,8,6,6,103,129,12,1,2,1,48,54,6,3,85,29,31,4,47,48,45,48,43,160,41,160,39,134,37,104,116,116,112,58,47,47,99,46,112,107,105,46,103,111,111,103,47,119,101,49,47,66,119,89,107,100,53,88,107,89,56,99,46,99,114,108,48,130,1,5,6,10,43,6,1,4,1,214,121,2,4,2,4,129,246,4,129,243,0,241,0,119,0,100,17,196,108,164,18,236,167,137,28,162,2,46,0,188,171,79,40,7,212,30,53,39,171,234,254,213,3,201,125,205,240,0,0,1,155,32,89,131,239,0,0,4,3,0,72,48,70,2,33,0,200,14,101,120,225,210,194,22,149,176,32,104,187,40,61,59,152,52,162,76,181,1,107,107,34,138,194,10,152,31,67,210,2,33,0,187,47,172,38,105,252,86,88,70,255,204,206,105,116,55,85,230,209,241,104,206,164,37,105,241,129,67,198,103,185,225,129,0,118,0,14,87,148,188,243,174,169,62,51,27,44,153,7,179,247,144,223,155,194,61,113,50,37,221,33,169,37,172,97,197,78,33,0,0,1,155,32,89,132,33,0,0,4,3,0,71,48,69,2,32,124,23,13,124,214,207,104,188,163,13,194,132,106,215,65,63,181,238,171,124,183,6,105,127,159,198,231,84,52,82,168,184,2,33,0,194,221,136,115,191,240,84,86,177,105,57,180,237,26,177,2,186,192,62,120,143,46,7,211,68,212,223,238,47,195,204,255,48,10,6,8,42,134,72,206,61,4,3,2,3,73,0,48,70,2,33,0,196,136,149,225,67,116,128,137,116,100,48,36,4,77,73,93,122,88,9,34,194,24,83,222,208,76,104,232,239,68,178,179,2,33,0,137,111,135,125,148,246,200,35,101,217,140,190,214,214,4,129,43,40,18,114,232,92,81,91,68,7,68,27,45,45,173,126,164,2,4,0,166,30,4,28,97,112,105,46,114,97,106,97,115,101,114,118,101,114,112,114,101,109,105,117,109,46,119,101,98,46,105,100,169,5,2,3,0,253,32,170,129,195,4,129,192,161,94,111,107,150,216,214,252,142,252,177,187,110,191,46,149,108,107,4,211,5,22,11,124,185,243,44,223,12,132,98,164,207,235,2,1,147,230,172,58,198,177,99,195,66,5,195,107,70,234,72,40,91,29,251,12,9,18,133,57,205,21,92,2,94,11,151,125,122,222,72,155,60,124,2,85,60,180,102,144,137,63,231,161,223,7,111,184,118,44,201,197,76,110,88,106,238,233,203,101,208,43,119,149,151,186,101,121,86,20,40,245,14,202,7,245,60,80,135,222,111,40,119,35,246,77,113,57,203,111,19,71,242,249,251,149,5,228,12,14,142,147,74,26,39,158,107,70,32,123,162,245,203,211,5,58,237,109,164,145,120,53,47,10,100,118,57,49,112,213,93,204,108,140,33,229,40,185,43,248,17,182,229,194,44,219,219,248,200,188,65,7,174,6,2,4,57,147,46,193,179,3,2,1,29],"type":"Buffer"},"orkutapi.andyyuda41.workers.dev:443:::::::::::::::::::::":{"data":[48,130,5,62,2,1,1,2,2,3,4,4,2,19,2,4,32,219,178,222,80,108,138,164,14,217,120,195,48,74,46,43,1,234,100,35,21,138,208,146,6,56,178,218,9,73,181,82,65,4,48,226,31,228,89,33,212,68,19,155,61,117,179,68,61,140,123,156,215,252,236,195,26,58,102,183,10,9,224,208,189,66,56,30,151,85,123,24,173,156,39,159,141,3,206,199,20,71,6,161,6,2,4,105,107,33,177,162,4,2,2,28,32,163,130,3,203,48,130,3,199,48,130,3,108,160,3,2,1,2,2,17,0,204,255,46,58,156,121,84,100,13,62,140,70,172,31,126,52,48,10,6,8,42,134,72,206,61,4,3,2,48,59,49,11,48,9,6,3,85,4,6,19,2,85,83,49,30,48,28,6,3,85,4,10,19,21,71,111,111,103,108,101,32,84,114,117,115,116,32,83,101,114,118,105,99,101,115,49,12,48,10,6,3,85,4,3,19,3,87,69,49,48,30,23,13,50,53,49,50,48,52,49,56,50,48,53,50,90,23,13,50,54,48,51,48,52,49,57,49,57,51,50,90,48,33,49,31,48,29,6,3,85,4,3,19,22,97,110,100,121,121,117,100,97,52,49,46,119,111,114,107,101,114,115,46,100,101,118,48,89,48,19,6,7,42,134,72,206,61,2,1,6,8,42,134,72,206,61,3,1,7,3,66,0,4,143,66,205,64,233,163,172,79,175,145,203,123,1,180,32,225,158,217,144,242,164,126,11,42,26,20,106,185,120,30,206,167,216,87,152,236,15,236,154,28,107,179,148,156,208,133,140,63,169,69,247,233,155,67,23,42,162,132,17,0,146,126,252,37,163,130,2,105,48,130,2,101,48,14,6,3,85,29,15,1,1,255,4,4,3,2,7,128,48,19,6,3,85,29,37,4,12,48,10,6,8,43,6,1,5,5,7,3,1,48,12,6,3,85,29,19,1,1,255,4,2,48,0,48,29,6,3,85,29,14,4,22,4,20,110,54,156,13,119,209,90,201,235,196,105,100,202,96,8,6,172,118,133,207,48,31,6,3,85,29,35,4,24,48,22,128,20,144,119,146,53,103,196,255,168,204,169,230,123,217,128,121,123,204,147,249,56,48,94,6,8,43,6,1,5,5,7,1,1,4,82,48,80,48,39,6,8,43,6,1,5,5,7,48,1,134,27,104,116,116,112,58,47,47,111,46,112,107,105,46,103,111,111,103,47,115,47,119,101,49,47,122,80,56,48,37,6,8,43,6,1,5,5,7,48,2,134,25,104,116,116,112,58,47,47,105,46,112,107,105,46,103,111,111,103,47,119,101,49,46,99,114,116,48,59,6,3,85,29,17,4,52,48,50,130,22,97,110,100,121,121,117,100,97,52,49,46,119,111,114,107,101,114,115,46,100,101,118,130,24,42,46,97,110,100,121,121,117,100,97,52,49,46,119,111,114,107,101,114,115,46,100,101,118,48,19,6,3,85,29,32,4,12,48,10,48,8,6,6,103,129,12,1,2,1,48,54,6,3,85,29,31,4,47,48,45,48,43,160,41,160,39,134,37,104,116,116,112,58,47,47,99,46,112,107,105,46,103,111,111,103,47,119,101,49,47,89,76,108,83,49,76,95,90,107,75,107,46,99,114,108,48,130,1,4,6,10,43,6,1,4,1,214,121,2,4,2,4,129,245,4,129,242,0,240,0,118,0,14,87,148,188,243,174,169,62,51,27,44,153,7,179,247,144,223,155,194,61,113,50,37,221,33,169,37,172,97,197,78,33,0,0,1,154,234,207,106,200,0,0,4,3,0,71,48,69,2,33,0,199,64,129,103,221,11,190,255,174,92,213,57,140,143,205,242,98,81,48,190,53,224,167,59,195,13,18,82,114,30,187,100,2,32,91,69,71,217,1,218,9,180,131,89,58,149,249,155,135,21,117,5,84,117,87,28,129,126,163,151,119,85,249,124,205,151,0,118,0,203,56,247,21,137,124,132,161,68,95,91,193,221,251,201,110,242,154,89,205,71,10,105,5,133,176,203,20,195,20,88,231,0,0,1,154,234,207,107,23,0,0,4,3,0,71,48,69,2,32,121,92,174,90,157,196,125,12,255,92,91,250,195,239,115,117,184,95,2,245,15,156,83,77,79,127,116,146,46,43,59,127,2,33,0,193,249,157,152,211,188,237,137,249,209,227,162,144,96,70,93,31,156,155,223,23,153,91,142,153,101,224,3,176,24,172,75,48,10,6,8,42,134,72,206,61,4,3,2,3,73,0,48,70,2,33,0,222,119,163,114,212,246,50,73,29,115,93,88,238,191,242,219,47,173,227,198,110,134,163,157,233,53,37,212,205,26,134,187,2,33,0,153,246,211,233,20,114,232,230,111,106,250,29,152,168,134,50,169,32,247,39,233,250,195,52,217,45,140,76,77,100,151,104,164,2,4,0,166,33,4,31,111,114,107,117,116,97,112,105,46,97,110,100,121,121,117,100,97,52,49,46,119,111,114,107,101,114,115,46,100,101,118,169,5,2,3,0,253,32,170,129,195,4,129,192,143,231,53,249,41,239,174,181,79,151,5,2,67,231,224,121,232,243,244,59,128,230,203,36,137,68,41,213,39,17,16,88,244,105,5,49,190,178,162,248,142,25,251,244,91,164,128,102,222,72,108,137,194,255,71,64,94,165,193,51,178,102,145,185,112,22,247,3,39,121,2,178,24,143,185,123,183,55,142,236,91,233,119,147,246,76,169,128,22,158,47,174,181,164,138,211,214,222,158,35,185,247,250,104,43,191,207,220,181,115,229,205,227,41,252,30,219,158,54,193,121,66,54,43,185,2,51,37,53,123,198,242,223,189,182,148,203,111,122,44,199,147,211,13,94,147,147,39,117,46,254,151,183,182,58,13,80,167,24,122,203,218,5,163,186,223,94,231,59,171,43,211,139,166,41,201,225,163,162,7,225,7,246,223,113,137,227,76,72,84,119,208,174,7,2,5,0,254,32,167,172,179,3,2,1,29],"type":"Buffer"}}},"defaultPort":443,"freeSockets":{"api.rajaserverpremium.web.id:443:::::::::::::::::::::":[{"_SNICallback":null,"_closeAfterHandlingError":false,"_controlReleased":true,"_events":{"close":[null,null,null],"timeout":[null,null]},"_eventsCount":9,"_hadError":false,"_host":"api.rajaserverpremium.web.id","_httpMessage":null,"_newSessionPending":false,"_parent":null,"_pendingData":null,"_pendingEncoding":"","_readableState":{"awaitDrainWriters":null,"buffer":[],"bufferIndex":0,"highWaterMark":16384,"length":0,"pipes":[]},"_rejectUnauthorized":true,"_requestCert":true,"_secureEstablished":true,"_securePending":false,"_server":null,"_sockname":null,"_tlsOptions":{"isServer":false,"pipe":false,"rejectUnauthorized":true,"requestCert":true,"secureContext":{"context":{}}},"_writableState":{"bufferedIndex":0,"corked":0,"highWaterMark":16384,"length":0,"pendingcb":0,"writelen":0},"allowHalfOpen":false,"alpnProtocol":false,"authorizationError":null,"authorized":true,"autoSelectFamilyAttemptedAddresses":["172.67.170.182:443"],"connecting":false,"encrypted":true,"parser":null,"secureConnecting":false,"servername":"api.rajaserverpremium.web.id","ssl":{"_parent":{"onconnection":null,"reading":true},"_parentWrap":null,"_secureContext":{"context":{}},"reading":true},"timeout":5000}]},"keepAlive":true,"keepAliveMsecs":1000,"maxCachedSessions":100,"maxFreeSockets":256,"maxSockets":null,"maxTotalSockets":null,"options":{"keepAlive":true,"noDelay":true,"path":null,"scheduling":"lifo","timeout":5000},"protocol":"https:","requests":{},"scheduling":"lifo","sockets":{},"totalSocketCount":1},"chunkedEncoding":false,"destroyed":true,"finished":true,"host":"api.rajaserverpremium.web.id","maxHeadersCount":null,"maxRequestsOnConnectionReached":false,"method":"GET","outputData":[],"outputSize":0,"parser":null,"path":"/orderkuota/createpayment?apikey=AriApiPaymetGetwayMod&amount=50091&codeqr=00020101021126670016COM.NOBUBANK.WWW01189360050300000879140214139599269048920303UMI51440014ID.CO.QRIS.WWW0215ID20253948025940303UMI5204541153033605802ID5919XYUZSTORE%20OK23960556004BONE61059167162070703A01630489F4","protocol":"https:","res":{"_consuming":false,"_dumped":false,"_events":{"end":[null,null]},"_eventsCount":4,"_readableState":{"awaitDrainWriters":null,"buffer":[],"bufferIndex":0,"highWaterMark":16384,"length":0,"pipes":[]},"aborted":false,"client":{"_SNICallback":null,"_closeAfterHandlingError":false,"_controlReleased":true,"_events":{"close":[null,null,null],"timeout":[null,null]},"_eventsCount":9,"_hadError":false,"_host":"api.rajaserverpremium.web.id","_httpMessage":null,"_newSessionPending":false,"_parent":null,"_pendingData":null,"_pendingEncoding":"","_readableState":{"awaitDrainWriters":null,"buffer":[],"bufferIndex":0,"highWaterMark":16384,"length":0,"pipes":[]},"_rejectUnauthorized":true,"_requestCert":true,"_secureEstablished":true,"_securePending":false,"_server":null,"_sockname":null,"_tlsOptions":{"isServer":false,"pipe":false,"rejectUnauthorized":true,"requestCert":true,"secureContext":{"context":{}}},"_writableState":{"bufferedIndex":0,"corked":0,"highWaterMark":16384,"length":0,"pendingcb":0,"writelen":0},"allowHalfOpen":false,"alpnProtocol":false,"authorizationError":null,"authorized":true,"autoSelectFamilyAttemptedAddresses":["172.67.170.182:443"],"connecting":false,"encrypted":true,"parser":null,"secureConnecting":false,"servername":"api.rajaserverpremium.web.id","ssl":{"_parent":{"onconnection":null,"reading":true},"_parentWrap":null,"_secureContext":{"context":{}},"reading":true},"timeout":5000},"complete":true,"httpVersion":"1.1","httpVersionMajor":1,"httpVersionMinor":1,"method":null,"rawHeaders":["Date","Sat, 17 Jan 2026 18:06:34 GMT","Content-Type","application/json; charset=utf-8","Content-Length","45","Connection","keep-alive","access-control-allow-headers","Content-Type, X-API-Key, Authorization","access-control-allow-methods","GET, POST, PUT, DELETE","access-control-allow-origin","*","Age","0","Cache-Control","public, max-age=0, must-revalidate","etag","W/\"2d-d2fvxHDtVJhbZrJJJbqb3bCDRRw\"","Server","cloudflare","strict-transport-security","max-age=63072000","x-powered-by","Express","x-vercel-cache","MISS","x-vercel-id","sin1::iad1::bqhvp-1768673193467-299c4ee18b6f","cf-cache-status","DYNAMIC","Nel","{\"report_to\":\"cf-nel\",\"success_fraction\":0.0,\"max_age\":604800}","Report-To","{\"group\":\"cf-nel\",\"max_age\":604800,\"endpoints\":[{\"url\":\"https://a.nel.cloudflare.com/report/v4?s=WEJsbesJGklc%2BO90j%2FbTTg4oikTj%2BS%2BihjLAaWRUyEepsrbyBu0N4hF0t9zPls1zWzgfYL8qi%2BHhDwV8WrdUB6LWjUFwNKdG8Y9mkjS6xdx3d3HK4l6xLjgB8oY%3D\"}]}","CF-RAY","9bf7c9830a4bcdf9-SIN","alt-svc","h3=\":443\"; ma=86400"],"rawTrailers":[],"redirects":[],"req":"[Circular]","responseUrl":"https://api.rajaserverpremium.web.id/orderkuota/createpayment?apikey=AriApiPaymetGetwayMod&amount=50091&codeqr=00020101021126670016COM.NOBUBANK.WWW01189360050300000879140214139599269048920303UMI51440014ID.CO.QRIS.WWW0215ID20253948025940303UMI5204541153033605802ID5919XYUZSTORE%20OK23960556004BONE61059167162070703A01630489F4","socket":null,"statusCode":401,"statusMessage":"Unauthorized","upgrade":false,"url":""},"reusedSocket":false,"sendDate":false,"shouldKeepAlive":true,"socket":{"_SNICallback":null,"_closeAfterHandlingError":false,"_controlReleased":true,"_events":{"close":[null,null,null],"timeout":[null,null]},"_eventsCount":9,"_hadError":false,"_host":"api.rajaserverpremium.web.id","_httpMessage":null,"_newSessionPending":false,"_parent":null,"_pendingData":null,"_pendingEncoding":"","_readableState":{"awaitDrainWriters":null,"buffer":[],"bufferIndex":0,"highWaterMark":16384,"length":0,"pipes":[]},"_rejectUnauthorized":true,"_requestCert":true,"_secureEstablished":true,"_securePending":false,"_server":null,"_sockname":null,"_tlsOptions":{"isServer":false,"pipe":false,"rejectUnauthorized":true,"requestCert":true,"secureContext":{"context":{}}},"_writableState":{"bufferedIndex":0,"corked":0,"highWaterMark":16384,"length":0,"pendingcb":0,"writelen":0},"allowHalfOpen":false,"alpnProtocol":false,"authorizationError":null,"authorized":true,"autoSelectFamilyAttemptedAddresses":["172.67.170.182:443"],"connecting":false,"encrypted":true,"parser":null,"secureConnecting":false,"servername":"api.rajaserverpremium.web.id","ssl":{"_parent":{"onconnection":null,"reading":true},"_parentWrap":null,"_secureContext":{"context":{}},"reading":true},"timeout":5000},"strictContentLength":false,"timeoutCb":null,"upgradeOrConnect":false,"useChunkedEncodingByDefault":false,"writable":true},"status":401,"statusText":"Unauthorized"},"stack":"AxiosError: Request failed with status code 401\n    at settle (/root/BotVPN/node_modules/axios/dist/node/axios.cjs:2106:12)\n    at IncomingMessage.handleStreamEnd (/root/BotVPN/node_modules/axios/dist/node/axios.cjs:3491:11)\n    at IncomingMessage.emit (node:events:536:35)\n    at endReadableNT (node:internal/streams/readable:1698:12)\n    at process.processTicksAndRejections (node:internal/process/task_queues:82:21)\n    at Axios.request (/root/BotVPN/node_modules/axios/dist/node/axios.cjs:4731:41)\n    at process.processTicksAndRejections (node:internal/process/task_queues:95:5)\n    at async processResellerUpgradePayment (/root/BotVPN/app.js:6093:19)\n    at async /root/BotVPN/app.js:5295:5\n    at async execute (/root/BotVPN/node_modules/telegraf/lib/composer.js:518:17)\n    at async /root/BotVPN/node_modules/telegraf/lib/composer.js:519:21\n    at async execute (/root/BotVPN/node_modules/telegraf/lib/composer.js:518:17)\n    at async /root/BotVPN/node_modules/telegraf/lib/composer.js:519:21\n    at async execute (/root/BotVPN/node_modules/telegraf/lib/composer.js:518:17)\n    at async /root/BotVPN/node_modules/telegraf/lib/composer.js:519:21","status":401,"timestamp":"2026-01-17T18:05:57.616Z"}
error: ❌ Kesalahan saat memproses upgrade reseller: Request failed with status code 401 {"code":"ERR_BAD_REQUEST","config":{"adapter":["xhr","http","fetch"],"allowAbsoluteUrls":true,"env":{},"headers":{"Accept":"application/json, text/plain, */*","Accept-Encoding":"gzip, compress, deflate, br","User-Agent":"axios/1.13.2"},"maxBodyLength":-1,"maxContentLength":-1,"method":"get","timeout":0,"transformRequest":[null],"transformResponse":[null],"transitional":{"clarifyTimeoutError":false,"forcedJSONParsing":true,"silentJSONParsing":true},"url":"https://api.rajaserverpremium.web.id/orderkuota/createpayment?apikey=AriApiPaymetGetwayMod&amount=50133&codeqr=00020101021126670016COM.NOBUBANK.WWW01189360050300000879140214139599269048920303UMI51440014ID.CO.QRIS.WWW0215ID20253948025940303UMI5204541153033605802ID5919XYUZSTORE OK23960556004BONE61059167162070703A01630489F4","xsrfCookieName":"XSRF-TOKEN","xsrfHeaderName":"X-XSRF-TOKEN"},"name":"AxiosError","request":{"_closed":true,"_contentLength":0,"_defaultKeepAlive":true,"_ended":true,"_events":{},"_eventsCount":7,"_hasBody":true,"_header":"GET /orderkuota/createpayment?apikey=AriApiPaymetGetwayMod&amount=50133&codeqr=00020101021126670016COM.NOBUBANK.WWW01189360050300000879140214139599269048920303UMI51440014ID.CO.QRIS.WWW0215ID20253948025940303UMI5204541153033605802ID5919XYUZSTORE%20OK23960556004BONE61059167162070703A01630489F4 HTTP/1.1\r\nAccept: application/json, text/plain, */*\r\nUser-Agent: axios/1.13.2\r\nAccept-Encoding: gzip, compress, deflate, br\r\nHost: api.rajaserverpremium.web.id\r\nConnection: keep-alive\r\n\r\n","_headerSent":true,"_keepAliveTimeout":0,"_last":true,"_redirectable":{"_currentRequest":"[Circular]","_currentUrl":"https://api.rajaserverpremium.web.id/orderkuota/createpayment?apikey=AriApiPaymetGetwayMod&amount=50133&codeqr=00020101021126670016COM.NOBUBANK.WWW01189360050300000879140214139599269048920303UMI51440014ID.CO.QRIS.WWW0215ID20253948025940303UMI5204541153033605802ID5919XYUZSTORE%20OK23960556004BONE61059167162070703A01630489F4","_ended":true,"_ending":true,"_events":{"socket":[null,null]},"_eventsCount":3,"_options":{"agents":{},"beforeRedirects":{},"headers":{"Accept":"application/json, text/plain, */*","Accept-Encoding":"gzip, compress, deflate, br","User-Agent":"axios/1.13.2"},"hostname":"api.rajaserverpremium.web.id","maxBodyLength":null,"maxRedirects":21,"method":"GET","nativeProtocols":{"http:":{"METHODS":["ACL","BIND","CHECKOUT","CONNECT","COPY","DELETE","GET","HEAD","LINK","LOCK","M-SEARCH","MERGE","MKACTIVITY","MKCALENDAR","MKCOL","MOVE","NOTIFY","OPTIONS","PATCH","POST","PROPFIND","PROPPATCH","PURGE","PUT","QUERY","REBIND","REPORT","SEARCH","SOURCE","SUBSCRIBE","TRACE","UNBIND","UNLINK","UNLOCK","UNSUBSCRIBE"],"STATUS_CODES":{"100":"Continue","101":"Switching Protocols","102":"Processing","103":"Early Hints","200":"OK","201":"Created","202":"Accepted","203":"Non-Authoritative Information","204":"No Content","205":"Reset Content","206":"Partial Content","207":"Multi-Status","208":"Already Reported","226":"IM Used","300":"Multiple Choices","301":"Moved Permanently","302":"Found","303":"See Other","304":"Not Modified","305":"Use Proxy","307":"Temporary Redirect","308":"Permanent Redirect","400":"Bad Request","401":"Unauthorized","402":"Payment Required","403":"Forbidden","404":"Not Found","405":"Method Not Allowed","406":"Not Acceptable","407":"Proxy Authentication Required","408":"Request Timeout","409":"Conflict","410":"Gone","411":"Length Required","412":"Precondition Failed","413":"Payload Too Large","414":"URI Too Long","415":"Unsupported Media Type","416":"Range Not Satisfiable","417":"Expectation Failed","418":"I'm a Teapot","421":"Misdirected Request","422":"Unprocessable Entity","423":"Locked","424":"Failed Dependency","425":"Too Early","426":"Upgrade Required","428":"Precondition Required","429":"Too Many Requests","431":"Request Header Fields Too Large","451":"Unavailable For Legal Reasons","500":"Internal Server Error","501":"Not Implemented","502":"Bad Gateway","503":"Service Unavailable","504":"Gateway Timeout","505":"HTTP Version Not Supported","506":"Variant Also Negotiates","507":"Insufficient Storage","508":"Loop Detected","509":"Bandwidth Limit Exceeded","510":"Not Extended","511":"Network Authentication Required"},"globalAgent":{"_events":{},"_eventsCount":2,"defaultPort":80,"freeSockets":{},"keepAlive":true,"keepAliveMsecs":1000,"maxFreeSockets":256,"maxSockets":null,"maxTotalSockets":null,"options":{"keepAlive":true,"noDelay":true,"path":null,"scheduling":"lifo","timeout":5000},"protocol":"http:","requests":{},"scheduling":"lifo","sockets":{},"totalSocketCount":0},"maxHeaderSize":16384},"https:":{"globalAgent":{"_events":{},"_eventsCount":2,"_sessionCache":{"list":["orkutapi.andyyuda41.workers.dev:443:::::::::::::::::::::","api.rajaserverpremium.web.id:443:::::::::::::::::::::"],"map":{"api.rajaserverpremium.web.id:443:::::::::::::::::::::":{"data":[48,130,5,65,2,1,1,2,2,3,4,4,2,19,2,4,32,51,209,101,96,141,125,187,205,228,220,85,194,82,178,248,231,25,220,173,242,54,150,15,157,212,123,100,226,155,108,130,111,4,48,215,211,88,96,132,105,119,141,207,183,165,200,210,212,49,84,42,34,101,249,208,128,167,52,152,223,178,92,98,190,224,246,183,7,138,31,63,162,68,54,110,45,9,5,32,190,49,179,161,6,2,4,105,107,207,139,162,4,2,2,28,32,163,130,3,209,48,130,3,205,48,130,3,114,160,3,2,1,2,2,16,83,100,82,125,214,58,243,187,14,11,131,211,98,161,77,124,48,10,6,8,42,134,72,206,61,4,3,2,48,59,49,11,48,9,6,3,85,4,6,19,2,85,83,49,30,48,28,6,3,85,4,10,19,21,71,111,111,103,108,101,32,84,114,117,115,116,32,83,101,114,118,105,99,101,115,49,12,48,10,6,3,85,4,3,19,3,87,69,49,48,30,23,13,50,53,49,50,49,53,48,51,53,49,51,53,90,23,13,50,54,48,51,49,53,48,52,52,57,48,54,90,48,35,49,33,48,31,6,3,85,4,3,19,24,114,97,106,97,115,101,114,118,101,114,112,114,101,109,105,117,109,46,119,101,98,46,105,100,48,89,48,19,6,7,42,134,72,206,61,2,1,6,8,42,134,72,206,61,3,1,7,3,66,0,4,209,65,248,198,152,178,80,43,76,156,21,181,92,1,237,118,53,13,210,42,15,124,212,102,245,214,179,237,66,78,179,128,178,124,71,4,150,143,103,173,213,93,32,127,178,132,49,155,107,84,200,182,247,77,43,187,116,4,84,48,228,78,239,92,163,130,2,110,48,130,2,106,48,14,6,3,85,29,15,1,1,255,4,4,3,2,7,128,48,19,6,3,85,29,37,4,12,48,10,6,8,43,6,1,5,5,7,3,1,48,12,6,3,85,29,19,1,1,255,4,2,48,0,48,29,6,3,85,29,14,4,22,4,20,139,247,2,230,192,10,215,58,117,122,101,186,168,30,149,38,246,33,63,110,48,31,6,3,85,29,35,4,24,48,22,128,20,144,119,146,53,103,196,255,168,204,169,230,123,217,128,121,123,204,147,249,56,48,94,6,8,43,6,1,5,5,7,1,1,4,82,48,80,48,39,6,8,43,6,1,5,5,7,48,1,134,27,104,116,116,112,58,47,47,111,46,112,107,105,46,103,111,111,103,47,115,47,119,101,49,47,85,50,81,48,37,6,8,43,6,1,5,5,7,48,2,134,25,104,116,116,112,58,47,47,105,46,112,107,105,46,103,111,111,103,47,119,101,49,46,99,114,116,48,63,6,3,85,29,17,4,56,48,54,130,24,114,97,106,97,115,101,114,118,101,114,112,114,101,109,105,117,109,46,119,101,98,46,105,100,130,26,42,46,114,97,106,97,115,101,114,118,101,114,112,114,101,109,105,117,109,46,119,101,98,46,105,100,48,19,6,3,85,29,32,4,12,48,10,48,8,6,6,103,129,12,1,2,1,48,54,6,3,85,29,31,4,47,48,45,48,43,160,41,160,39,134,37,104,116,116,112,58,47,47,99,46,112,107,105,46,103,111,111,103,47,119,101,49,47,66,119,89,107,100,53,88,107,89,56,99,46,99,114,108,48,130,1,5,6,10,43,6,1,4,1,214,121,2,4,2,4,129,246,4,129,243,0,241,0,119,0,100,17,196,108,164,18,236,167,137,28,162,2,46,0,188,171,79,40,7,212,30,53,39,171,234,254,213,3,201,125,205,240,0,0,1,155,32,89,131,239,0,0,4,3,0,72,48,70,2,33,0,200,14,101,120,225,210,194,22,149,176,32,104,187,40,61,59,152,52,162,76,181,1,107,107,34,138,194,10,152,31,67,210,2,33,0,187,47,172,38,105,252,86,88,70,255,204,206,105,116,55,85,230,209,241,104,206,164,37,105,241,129,67,198,103,185,225,129,0,118,0,14,87,148,188,243,174,169,62,51,27,44,153,7,179,247,144,223,155,194,61,113,50,37,221,33,169,37,172,97,197,78,33,0,0,1,155,32,89,132,33,0,0,4,3,0,71,48,69,2,32,124,23,13,124,214,207,104,188,163,13,194,132,106,215,65,63,181,238,171,124,183,6,105,127,159,198,231,84,52,82,168,184,2,33,0,194,221,136,115,191,240,84,86,177,105,57,180,237,26,177,2,186,192,62,120,143,46,7,211,68,212,223,238,47,195,204,255,48,10,6,8,42,134,72,206,61,4,3,2,3,73,0,48,70,2,33,0,196,136,149,225,67,116,128,137,116,100,48,36,4,77,73,93,122,88,9,34,194,24,83,222,208,76,104,232,239,68,178,179,2,33,0,137,111,135,125,148,246,200,35,101,217,140,190,214,214,4,129,43,40,18,114,232,92,81,91,68,7,68,27,45,45,173,126,164,2,4,0,166,30,4,28,97,112,105,46,114,97,106,97,115,101,114,118,101,114,112,114,101,109,105,117,109,46,119,101,98,46,105,100,169,5,2,3,0,253,32,170,129,195,4,129,192,161,94,111,107,150,216,214,252,142,252,177,187,110,191,46,149,253,157,113,254,207,83,148,141,146,37,217,147,2,160,68,255,69,126,190,92,115,218,50,246,140,91,146,93,74,4,203,52,81,42,2,68,148,6,94,112,50,80,217,251,236,45,99,3,178,190,156,7,145,133,180,48,162,178,253,99,195,251,255,107,243,64,210,157,187,121,179,255,230,70,124,236,246,186,11,249,3,252,3,124,60,183,142,116,70,194,231,238,60,27,187,9,129,24,63,160,45,120,233,218,198,98,20,84,158,39,253,216,132,37,42,94,17,113,69,174,90,103,44,227,201,222,163,141,146,121,95,242,134,35,181,161,27,139,156,29,139,197,78,65,224,197,18,20,62,172,249,95,102,7,194,74,21,190,233,139,227,47,211,121,76,75,58,75,67,174,64,233,140,147,238,241,174,7,2,5,0,133,236,209,2,179,3,2,1,29],"type":"Buffer"},"orkutapi.andyyuda41.workers.dev:443:::::::::::::::::::::":{"data":[48,130,5,62,2,1,1,2,2,3,4,4,2,19,2,4,32,219,178,222,80,108,138,164,14,217,120,195,48,74,46,43,1,234,100,35,21,138,208,146,6,56,178,218,9,73,181,82,65,4,48,226,31,228,89,33,212,68,19,155,61,117,179,68,61,140,123,156,215,252,236,195,26,58,102,183,10,9,224,208,189,66,56,30,151,85,123,24,173,156,39,159,141,3,206,199,20,71,6,161,6,2,4,105,107,33,177,162,4,2,2,28,32,163,130,3,203,48,130,3,199,48,130,3,108,160,3,2,1,2,2,17,0,204,255,46,58,156,121,84,100,13,62,140,70,172,31,126,52,48,10,6,8,42,134,72,206,61,4,3,2,48,59,49,11,48,9,6,3,85,4,6,19,2,85,83,49,30,48,28,6,3,85,4,10,19,21,71,111,111,103,108,101,32,84,114,117,115,116,32,83,101,114,118,105,99,101,115,49,12,48,10,6,3,85,4,3,19,3,87,69,49,48,30,23,13,50,53,49,50,48,52,49,56,50,48,53,50,90,23,13,50,54,48,51,48,52,49,57,49,57,51,50,90,48,33,49,31,48,29,6,3,85,4,3,19,22,97,110,100,121,121,117,100,97,52,49,46,119,111,114,107,101,114,115,46,100,101,118,48,89,48,19,6,7,42,134,72,206,61,2,1,6,8,42,134,72,206,61,3,1,7,3,66,0,4,143,66,205,64,233,163,172,79,175,145,203,123,1,180,32,225,158,217,144,242,164,126,11,42,26,20,106,185,120,30,206,167,216,87,152,236,15,236,154,28,107,179,148,156,208,133,140,63,169,69,247,233,155,67,23,42,162,132,17,0,146,126,252,37,163,130,2,105,48,130,2,101,48,14,6,3,85,29,15,1,1,255,4,4,3,2,7,128,48,19,6,3,85,29,37,4,12,48,10,6,8,43,6,1,5,5,7,3,1,48,12,6,3,85,29,19,1,1,255,4,2,48,0,48,29,6,3,85,29,14,4,22,4,20,110,54,156,13,119,209,90,201,235,196,105,100,202,96,8,6,172,118,133,207,48,31,6,3,85,29,35,4,24,48,22,128,20,144,119,146,53,103,196,255,168,204,169,230,123,217,128,121,123,204,147,249,56,48,94,6,8,43,6,1,5,5,7,1,1,4,82,48,80,48,39,6,8,43,6,1,5,5,7,48,1,134,27,104,116,116,112,58,47,47,111,46,112,107,105,46,103,111,111,103,47,115,47,119,101,49,47,122,80,56,48,37,6,8,43,6,1,5,5,7,48,2,134,25,104,116,116,112,58,47,47,105,46,112,107,105,46,103,111,111,103,47,119,101,49,46,99,114,116,48,59,6,3,85,29,17,4,52,48,50,130,22,97,110,100,121,121,117,100,97,52,49,46,119,111,114,107,101,114,115,46,100,101,118,130,24,42,46,97,110,100,121,121,117,100,97,52,49,46,119,111,114,107,101,114,115,46,100,101,118,48,19,6,3,85,29,32,4,12,48,10,48,8,6,6,103,129,12,1,2,1,48,54,6,3,85,29,31,4,47,48,45,48,43,160,41,160,39,134,37,104,116,116,112,58,47,47,99,46,112,107,105,46,103,111,111,103,47,119,101,49,47,89,76,108,83,49,76,95,90,107,75,107,46,99,114,108,48,130,1,4,6,10,43,6,1,4,1,214,121,2,4,2,4,129,245,4,129,242,0,240,0,118,0,14,87,148,188,243,174,169,62,51,27,44,153,7,179,247,144,223,155,194,61,113,50,37,221,33,169,37,172,97,197,78,33,0,0,1,154,234,207,106,200,0,0,4,3,0,71,48,69,2,33,0,199,64,129,103,221,11,190,255,174,92,213,57,140,143,205,242,98,81,48,190,53,224,167,59,195,13,18,82,114,30,187,100,2,32,91,69,71,217,1,218,9,180,131,89,58,149,249,155,135,21,117,5,84,117,87,28,129,126,163,151,119,85,249,124,205,151,0,118,0,203,56,247,21,137,124,132,161,68,95,91,193,221,251,201,110,242,154,89,205,71,10,105,5,133,176,203,20,195,20,88,231,0,0,1,154,234,207,107,23,0,0,4,3,0,71,48,69,2,32,121,92,174,90,157,196,125,12,255,92,91,250,195,239,115,117,184,95,2,245,15,156,83,77,79,127,116,146,46,43,59,127,2,33,0,193,249,157,152,211,188,237,137,249,209,227,162,144,96,70,93,31,156,155,223,23,153,91,142,153,101,224,3,176,24,172,75,48,10,6,8,42,134,72,206,61,4,3,2,3,73,0,48,70,2,33,0,222,119,163,114,212,246,50,73,29,115,93,88,238,191,242,219,47,173,227,198,110,134,163,157,233,53,37,212,205,26,134,187,2,33,0,153,246,211,233,20,114,232,230,111,106,250,29,152,168,134,50,169,32,247,39,233,250,195,52,217,45,140,76,77,100,151,104,164,2,4,0,166,33,4,31,111,114,107,117,116,97,112,105,46,97,110,100,121,121,117,100,97,52,49,46,119,111,114,107,101,114,115,46,100,101,118,169,5,2,3,0,253,32,170,129,195,4,129,192,143,231,53,249,41,239,174,181,79,151,5,2,67,231,224,121,232,243,244,59,128,230,203,36,137,68,41,213,39,17,16,88,244,105,5,49,190,178,162,248,142,25,251,244,91,164,128,102,222,72,108,137,194,255,71,64,94,165,193,51,178,102,145,185,112,22,247,3,39,121,2,178,24,143,185,123,183,55,142,236,91,233,119,147,246,76,169,128,22,158,47,174,181,164,138,211,214,222,158,35,185,247,250,104,43,191,207,220,181,115,229,205,227,41,252,30,219,158,54,193,121,66,54,43,185,2,51,37,53,123,198,242,223,189,182,148,203,111,122,44,199,147,211,13,94,147,147,39,117,46,254,151,183,182,58,13,80,167,24,122,203,218,5,163,186,223,94,231,59,171,43,211,139,166,41,201,225,163,162,7,225,7,246,223,113,137,227,76,72,84,119,208,174,7,2,5,0,254,32,167,172,179,3,2,1,29],"type":"Buffer"}}},"defaultPort":443,"freeSockets":{"api.rajaserverpremium.web.id:443:::::::::::::::::::::":[{"_SNICallback":null,"_closeAfterHandlingError":false,"_controlReleased":true,"_events":{"close":[null,null,null],"timeout":[null,null]},"_eventsCount":9,"_hadError":false,"_host":"api.rajaserverpremium.web.id","_httpMessage":null,"_newSessionPending":false,"_parent":null,"_pendingData":null,"_pendingEncoding":"","_readableState":{"awaitDrainWriters":null,"buffer":[],"bufferIndex":0,"highWaterMark":16384,"length":0,"pipes":[]},"_rejectUnauthorized":true,"_requestCert":true,"_secureEstablished":true,"_securePending":false,"_server":null,"_sockname":null,"_tlsOptions":{"isServer":false,"pipe":false,"rejectUnauthorized":true,"requestCert":true,"secureContext":{"context":{}},"session":{"data":[48,130,5,64,2,1,1,2,2,3,4,4,2,19,2,4,32,71,198,54,14,148,58,43,134,118,142,127,159,132,189,226,249,38,93,146,173,151,175,87,109,122,155,132,47,203,124,47,91,4,48,66,198,251,37,15,194,48,124,58,124,213,156,116,34,107,177,54,248,131,159,2,125,154,248,159,217,116,38,107,177,178,31,209,237,44,162,235,3,41,112,82,207,134,255,205,130,45,42,161,6,2,4,105,107,207,133,162,4,2,2,28,32,163,130,3,209,48,130,3,205,48,130,3,114,160,3,2,1,2,2,16,83,100,82,125,214,58,243,187,14,11,131,211,98,161,77,124,48,10,6,8,42,134,72,206,61,4,3,2,48,59,49,11,48,9,6,3,85,4,6,19,2,85,83,49,30,48,28,6,3,85,4,10,19,21,71,111,111,103,108,101,32,84,114,117,115,116,32,83,101,114,118,105,99,101,115,49,12,48,10,6,3,85,4,3,19,3,87,69,49,48,30,23,13,50,53,49,50,49,53,48,51,53,49,51,53,90,23,13,50,54,48,51,49,53,48,52,52,57,48,54,90,48,35,49,33,48,31,6,3,85,4,3,19,24,114,97,106,97,115,101,114,118,101,114,112,114,101,109,105,117,109,46,119,101,98,46,105,100,48,89,48,19,6,7,42,134,72,206,61,2,1,6,8,42,134,72,206,61,3,1,7,3,66,0,4,209,65,248,198,152,178,80,43,76,156,21,181,92,1,237,118,53,13,210,42,15,124,212,102,245,214,179,237,66,78,179,128,178,124,71,4,150,143,103,173,213,93,32,127,178,132,49,155,107,84,200,182,247,77,43,187,116,4,84,48,228,78,239,92,163,130,2,110,48,130,2,106,48,14,6,3,85,29,15,1,1,255,4,4,3,2,7,128,48,19,6,3,85,29,37,4,12,48,10,6,8,43,6,1,5,5,7,3,1,48,12,6,3,85,29,19,1,1,255,4,2,48,0,48,29,6,3,85,29,14,4,22,4,20,139,247,2,230,192,10,215,58,117,122,101,186,168,30,149,38,246,33,63,110,48,31,6,3,85,29,35,4,24,48,22,128,20,144,119,146,53,103,196,255,168,204,169,230,123,217,128,121,123,204,147,249,56,48,94,6,8,43,6,1,5,5,7,1,1,4,82,48,80,48,39,6,8,43,6,1,5,5,7,48,1,134,27,104,116,116,112,58,47,47,111,46,112,107,105,46,103,111,111,103,47,115,47,119,101,49,47,85,50,81,48,37,6,8,43,6,1,5,5,7,48,2,134,25,104,116,116,112,58,47,47,105,46,112,107,105,46,103,111,111,103,47,119,101,49,46,99,114,116,48,63,6,3,85,29,17,4,56,48,54,130,24,114,97,106,97,115,101,114,118,101,114,112,114,101,109,105,117,109,46,119,101,98,46,105,100,130,26,42,46,114,97,106,97,115,101,114,118,101,114,112,114,101,109,105,117,109,46,119,101,98,46,105,100,48,19,6,3,85,29,32,4,12,48,10,48,8,6,6,103,129,12,1,2,1,48,54,6,3,85,29,31,4,47,48,45,48,43,160,41,160,39,134,37,104,116,116,112,58,47,47,99,46,112,107,105,46,103,111,111,103,47,119,101,49,47,66,119,89,107,100,53,88,107,89,56,99,46,99,114,108,48,130,1,5,6,10,43,6,1,4,1,214,121,2,4,2,4,129,246,4,129,243,0,241,0,119,0,100,17,196,108,164,18,236,167,137,28,162,2,46,0,188,171,79,40,7,212,30,53,39,171,234,254,213,3,201,125,205,240,0,0,1,155,32,89,131,239,0,0,4,3,0,72,48,70,2,33,0,200,14,101,120,225,210,194,22,149,176,32,104,187,40,61,59,152,52,162,76,181,1,107,107,34,138,194,10,152,31,67,210,2,33,0,187,47,172,38,105,252,86,88,70,255,204,206,105,116,55,85,230,209,241,104,206,164,37,105,241,129,67,198,103,185,225,129,0,118,0,14,87,148,188,243,174,169,62,51,27,44,153,7,179,247,144,223,155,194,61,113,50,37,221,33,169,37,172,97,197,78,33,0,0,1,155,32,89,132,33,0,0,4,3,0,71,48,69,2,32,124,23,13,124,214,207,104,188,163,13,194,132,106,215,65,63,181,238,171,124,183,6,105,127,159,198,231,84,52,82,168,184,2,33,0,194,221,136,115,191,240,84,86,177,105,57,180,237,26,177,2,186,192,62,120,143,46,7,211,68,212,223,238,47,195,204,255,48,10,6,8,42,134,72,206,61,4,3,2,3,73,0,48,70,2,33,0,196,136,149,225,67,116,128,137,116,100,48,36,4,77,73,93,122,88,9,34,194,24,83,222,208,76,104,232,239,68,178,179,2,33,0,137,111,135,125,148,246,200,35,101,217,140,190,214,214,4,129,43,40,18,114,232,92,81,91,68,7,68,27,45,45,173,126,164,2,4,0,166,30,4,28,97,112,105,46,114,97,106,97,115,101,114,118,101,114,112,114,101,109,105,117,109,46,119,101,98,46,105,100,169,5,2,3,0,253,32,170,129,195,4,129,192,161,94,111,107,150,216,214,252,142,252,177,187,110,191,46,149,108,107,4,211,5,22,11,124,185,243,44,223,12,132,98,164,207,235,2,1,147,230,172,58,198,177,99,195,66,5,195,107,70,234,72,40,91,29,251,12,9,18,133,57,205,21,92,2,94,11,151,125,122,222,72,155,60,124,2,85,60,180,102,144,137,63,231,161,223,7,111,184,118,44,201,197,76,110,88,106,238,233,203,101,208,43,119,149,151,186,101,121,86,20,40,245,14,202,7,245,60,80,135,222,111,40,119,35,246,77,113,57,203,111,19,71,242,249,251,149,5,228,12,14,142,147,74,26,39,158,107,70,32,123,162,245,203,211,5,58,237,109,164,145,120,53,47,10,100,118,57,49,112,213,93,204,108,140,33,229,40,185,43,248,17,182,229,194,44,219,219,248,200,188,65,7,174,6,2,4,57,147,46,193,179,3,2,1,29],"type":"Buffer"}},"_writableState":{"bufferedIndex":0,"corked":0,"highWaterMark":16384,"length":0,"pendingcb":0,"writelen":0},"allowHalfOpen":false,"alpnProtocol":false,"authorizationError":null,"authorized":true,"autoSelectFamilyAttemptedAddresses":["172.67.170.182:443"],"connecting":false,"encrypted":true,"parser":null,"secureConnecting":false,"servername":"api.rajaserverpremium.web.id","ssl":{"_parent":{"onconnection":null,"reading":true},"_parentWrap":null,"_secureContext":{"context":{}},"reading":true},"timeout":5000}]},"keepAlive":true,"keepAliveMsecs":1000,"maxCachedSessions":100,"maxFreeSockets":256,"maxSockets":null,"maxTotalSockets":null,"options":{"keepAlive":true,"noDelay":true,"path":null,"scheduling":"lifo","timeout":5000},"protocol":"https:","requests":{},"scheduling":"lifo","sockets":{},"totalSocketCount":1}}},"path":"/orderkuota/createpayment?apikey=AriApiPaymetGetwayMod&amount=50133&codeqr=00020101021126670016COM.NOBUBANK.WWW01189360050300000879140214139599269048920303UMI51440014ID.CO.QRIS.WWW0215ID20253948025940303UMI5204541153033605802ID5919XYUZSTORE%20OK23960556004BONE61059167162070703A01630489F4","pathname":"/orderkuota/createpayment","port":"","protocol":"https:","search":"?apikey=AriApiPaymetGetwayMod&amount=50133&codeqr=00020101021126670016COM.NOBUBANK.WWW01189360050300000879140214139599269048920303UMI51440014ID.CO.QRIS.WWW0215ID20253948025940303UMI5204541153033605802ID5919XYUZSTORE%20OK23960556004BONE61059167162070703A01630489F4"},"_redirectCount":0,"_redirects":[],"_requestBodyBuffers":[],"_requestBodyLength":0,"_timeout":null,"_writableState":{"bufferedIndex":0,"corked":0,"highWaterMark":16384,"length":0,"pendingcb":0,"writelen":0}},"_removedConnection":false,"_removedContLen":false,"_removedTE":false,"_trailer":"","aborted":false,"agent":{"_events":{},"_eventsCount":2,"_sessionCache":{"list":["orkutapi.andyyuda41.workers.dev:443:::::::::::::::::::::","api.rajaserverpremium.web.id:443:::::::::::::::::::::"],"map":{"api.rajaserverpremium.web.id:443:::::::::::::::::::::":{"data":[48,130,5,65,2,1,1,2,2,3,4,4,2,19,2,4,32,51,209,101,96,141,125,187,205,228,220,85,194,82,178,248,231,25,220,173,242,54,150,15,157,212,123,100,226,155,108,130,111,4,48,215,211,88,96,132,105,119,141,207,183,165,200,210,212,49,84,42,34,101,249,208,128,167,52,152,223,178,92,98,190,224,246,183,7,138,31,63,162,68,54,110,45,9,5,32,190,49,179,161,6,2,4,105,107,207,139,162,4,2,2,28,32,163,130,3,209,48,130,3,205,48,130,3,114,160,3,2,1,2,2,16,83,100,82,125,214,58,243,187,14,11,131,211,98,161,77,124,48,10,6,8,42,134,72,206,61,4,3,2,48,59,49,11,48,9,6,3,85,4,6,19,2,85,83,49,30,48,28,6,3,85,4,10,19,21,71,111,111,103,108,101,32,84,114,117,115,116,32,83,101,114,118,105,99,101,115,49,12,48,10,6,3,85,4,3,19,3,87,69,49,48,30,23,13,50,53,49,50,49,53,48,51,53,49,51,53,90,23,13,50,54,48,51,49,53,48,52,52,57,48,54,90,48,35,49,33,48,31,6,3,85,4,3,19,24,114,97,106,97,115,101,114,118,101,114,112,114,101,109,105,117,109,46,119,101,98,46,105,100,48,89,48,19,6,7,42,134,72,206,61,2,1,6,8,42,134,72,206,61,3,1,7,3,66,0,4,209,65,248,198,152,178,80,43,76,156,21,181,92,1,237,118,53,13,210,42,15,124,212,102,245,214,179,237,66,78,179,128,178,124,71,4,150,143,103,173,213,93,32,127,178,132,49,155,107,84,200,182,247,77,43,187,116,4,84,48,228,78,239,92,163,130,2,110,48,130,2,106,48,14,6,3,85,29,15,1,1,255,4,4,3,2,7,128,48,19,6,3,85,29,37,4,12,48,10,6,8,43,6,1,5,5,7,3,1,48,12,6,3,85,29,19,1,1,255,4,2,48,0,48,29,6,3,85,29,14,4,22,4,20,139,247,2,230,192,10,215,58,117,122,101,186,168,30,149,38,246,33,63,110,48,31,6,3,85,29,35,4,24,48,22,128,20,144,119,146,53,103,196,255,168,204,169,230,123,217,128,121,123,204,147,249,56,48,94,6,8,43,6,1,5,5,7,1,1,4,82,48,80,48,39,6,8,43,6,1,5,5,7,48,1,134,27,104,116,116,112,58,47,47,111,46,112,107,105,46,103,111,111,103,47,115,47,119,101,49,47,85,50,81,48,37,6,8,43,6,1,5,5,7,48,2,134,25,104,116,116,112,58,47,47,105,46,112,107,105,46,103,111,111,103,47,119,101,49,46,99,114,116,48,63,6,3,85,29,17,4,56,48,54,130,24,114,97,106,97,115,101,114,118,101,114,112,114,101,109,105,117,109,46,119,101,98,46,105,100,130,26,42,46,114,97,106,97,115,101,114,118,101,114,112,114,101,109,105,117,109,46,119,101,98,46,105,100,48,19,6,3,85,29,32,4,12,48,10,48,8,6,6,103,129,12,1,2,1,48,54,6,3,85,29,31,4,47,48,45,48,43,160,41,160,39,134,37,104,116,116,112,58,47,47,99,46,112,107,105,46,103,111,111,103,47,119,101,49,47,66,119,89,107,100,53,88,107,89,56,99,46,99,114,108,48,130,1,5,6,10,43,6,1,4,1,214,121,2,4,2,4,129,246,4,129,243,0,241,0,119,0,100,17,196,108,164,18,236,167,137,28,162,2,46,0,188,171,79,40,7,212,30,53,39,171,234,254,213,3,201,125,205,240,0,0,1,155,32,89,131,239,0,0,4,3,0,72,48,70,2,33,0,200,14,101,120,225,210,194,22,149,176,32,104,187,40,61,59,152,52,162,76,181,1,107,107,34,138,194,10,152,31,67,210,2,33,0,187,47,172,38,105,252,86,88,70,255,204,206,105,116,55,85,230,209,241,104,206,164,37,105,241,129,67,198,103,185,225,129,0,118,0,14,87,148,188,243,174,169,62,51,27,44,153,7,179,247,144,223,155,194,61,113,50,37,221,33,169,37,172,97,197,78,33,0,0,1,155,32,89,132,33,0,0,4,3,0,71,48,69,2,32,124,23,13,124,214,207,104,188,163,13,194,132,106,215,65,63,181,238,171,124,183,6,105,127,159,198,231,84,52,82,168,184,2,33,0,194,221,136,115,191,240,84,86,177,105,57,180,237,26,177,2,186,192,62,120,143,46,7,211,68,212,223,238,47,195,204,255,48,10,6,8,42,134,72,206,61,4,3,2,3,73,0,48,70,2,33,0,196,136,149,225,67,116,128,137,116,100,48,36,4,77,73,93,122,88,9,34,194,24,83,222,208,76,104,232,239,68,178,179,2,33,0,137,111,135,125,148,246,200,35,101,217,140,190,214,214,4,129,43,40,18,114,232,92,81,91,68,7,68,27,45,45,173,126,164,2,4,0,166,30,4,28,97,112,105,46,114,97,106,97,115,101,114,118,101,114,112,114,101,109,105,117,109,46,119,101,98,46,105,100,169,5,2,3,0,253,32,170,129,195,4,129,192,161,94,111,107,150,216,214,252,142,252,177,187,110,191,46,149,253,157,113,254,207,83,148,141,146,37,217,147,2,160,68,255,69,126,190,92,115,218,50,246,140,91,146,93,74,4,203,52,81,42,2,68,148,6,94,112,50,80,217,251,236,45,99,3,178,190,156,7,145,133,180,48,162,178,253,99,195,251,255,107,243,64,210,157,187,121,179,255,230,70,124,236,246,186,11,249,3,252,3,124,60,183,142,116,70,194,231,238,60,27,187,9,129,24,63,160,45,120,233,218,198,98,20,84,158,39,253,216,132,37,42,94,17,113,69,174,90,103,44,227,201,222,163,141,146,121,95,242,134,35,181,161,27,139,156,29,139,197,78,65,224,197,18,20,62,172,249,95,102,7,194,74,21,190,233,139,227,47,211,121,76,75,58,75,67,174,64,233,140,147,238,241,174,7,2,5,0,133,236,209,2,179,3,2,1,29],"type":"Buffer"},"orkutapi.andyyuda41.workers.dev:443:::::::::::::::::::::":{"data":[48,130,5,62,2,1,1,2,2,3,4,4,2,19,2,4,32,219,178,222,80,108,138,164,14,217,120,195,48,74,46,43,1,234,100,35,21,138,208,146,6,56,178,218,9,73,181,82,65,4,48,226,31,228,89,33,212,68,19,155,61,117,179,68,61,140,123,156,215,252,236,195,26,58,102,183,10,9,224,208,189,66,56,30,151,85,123,24,173,156,39,159,141,3,206,199,20,71,6,161,6,2,4,105,107,33,177,162,4,2,2,28,32,163,130,3,203,48,130,3,199,48,130,3,108,160,3,2,1,2,2,17,0,204,255,46,58,156,121,84,100,13,62,140,70,172,31,126,52,48,10,6,8,42,134,72,206,61,4,3,2,48,59,49,11,48,9,6,3,85,4,6,19,2,85,83,49,30,48,28,6,3,85,4,10,19,21,71,111,111,103,108,101,32,84,114,117,115,116,32,83,101,114,118,105,99,101,115,49,12,48,10,6,3,85,4,3,19,3,87,69,49,48,30,23,13,50,53,49,50,48,52,49,56,50,48,53,50,90,23,13,50,54,48,51,48,52,49,57,49,57,51,50,90,48,33,49,31,48,29,6,3,85,4,3,19,22,97,110,100,121,121,117,100,97,52,49,46,119,111,114,107,101,114,115,46,100,101,118,48,89,48,19,6,7,42,134,72,206,61,2,1,6,8,42,134,72,206,61,3,1,7,3,66,0,4,143,66,205,64,233,163,172,79,175,145,203,123,1,180,32,225,158,217,144,242,164,126,11,42,26,20,106,185,120,30,206,167,216,87,152,236,15,236,154,28,107,179,148,156,208,133,140,63,169,69,247,233,155,67,23,42,162,132,17,0,146,126,252,37,163,130,2,105,48,130,2,101,48,14,6,3,85,29,15,1,1,255,4,4,3,2,7,128,48,19,6,3,85,29,37,4,12,48,10,6,8,43,6,1,5,5,7,3,1,48,12,6,3,85,29,19,1,1,255,4,2,48,0,48,29,6,3,85,29,14,4,22,4,20,110,54,156,13,119,209,90,201,235,196,105,100,202,96,8,6,172,118,133,207,48,31,6,3,85,29,35,4,24,48,22,128,20,144,119,146,53,103,196,255,168,204,169,230,123,217,128,121,123,204,147,249,56,48,94,6,8,43,6,1,5,5,7,1,1,4,82,48,80,48,39,6,8,43,6,1,5,5,7,48,1,134,27,104,116,116,112,58,47,47,111,46,112,107,105,46,103,111,111,103,47,115,47,119,101,49,47,122,80,56,48,37,6,8,43,6,1,5,5,7,48,2,134,25,104,116,116,112,58,47,47,105,46,112,107,105,46,103,111,111,103,47,119,101,49,46,99,114,116,48,59,6,3,85,29,17,4,52,48,50,130,22,97,110,100,121,121,117,100,97,52,49,46,119,111,114,107,101,114,115,46,100,101,118,130,24,42,46,97,110,100,121,121,117,100,97,52,49,46,119,111,114,107,101,114,115,46,100,101,118,48,19,6,3,85,29,32,4,12,48,10,48,8,6,6,103,129,12,1,2,1,48,54,6,3,85,29,31,4,47,48,45,48,43,160,41,160,39,134,37,104,116,116,112,58,47,47,99,46,112,107,105,46,103,111,111,103,47,119,101,49,47,89,76,108,83,49,76,95,90,107,75,107,46,99,114,108,48,130,1,4,6,10,43,6,1,4,1,214,121,2,4,2,4,129,245,4,129,242,0,240,0,118,0,14,87,148,188,243,174,169,62,51,27,44,153,7,179,247,144,223,155,194,61,113,50,37,221,33,169,37,172,97,197,78,33,0,0,1,154,234,207,106,200,0,0,4,3,0,71,48,69,2,33,0,199,64,129,103,221,11,190,255,174,92,213,57,140,143,205,242,98,81,48,190,53,224,167,59,195,13,18,82,114,30,187,100,2,32,91,69,71,217,1,218,9,180,131,89,58,149,249,155,135,21,117,5,84,117,87,28,129,126,163,151,119,85,249,124,205,151,0,118,0,203,56,247,21,137,124,132,161,68,95,91,193,221,251,201,110,242,154,89,205,71,10,105,5,133,176,203,20,195,20,88,231,0,0,1,154,234,207,107,23,0,0,4,3,0,71,48,69,2,32,121,92,174,90,157,196,125,12,255,92,91,250,195,239,115,117,184,95,2,245,15,156,83,77,79,127,116,146,46,43,59,127,2,33,0,193,249,157,152,211,188,237,137,249,209,227,162,144,96,70,93,31,156,155,223,23,153,91,142,153,101,224,3,176,24,172,75,48,10,6,8,42,134,72,206,61,4,3,2,3,73,0,48,70,2,33,0,222,119,163,114,212,246,50,73,29,115,93,88,238,191,242,219,47,173,227,198,110,134,163,157,233,53,37,212,205,26,134,187,2,33,0,153,246,211,233,20,114,232,230,111,106,250,29,152,168,134,50,169,32,247,39,233,250,195,52,217,45,140,76,77,100,151,104,164,2,4,0,166,33,4,31,111,114,107,117,116,97,112,105,46,97,110,100,121,121,117,100,97,52,49,46,119,111,114,107,101,114,115,46,100,101,118,169,5,2,3,0,253,32,170,129,195,4,129,192,143,231,53,249,41,239,174,181,79,151,5,2,67,231,224,121,232,243,244,59,128,230,203,36,137,68,41,213,39,17,16,88,244,105,5,49,190,178,162,248,142,25,251,244,91,164,128,102,222,72,108,137,194,255,71,64,94,165,193,51,178,102,145,185,112,22,247,3,39,121,2,178,24,143,185,123,183,55,142,236,91,233,119,147,246,76,169,128,22,158,47,174,181,164,138,211,214,222,158,35,185,247,250,104,43,191,207,220,181,115,229,205,227,41,252,30,219,158,54,193,121,66,54,43,185,2,51,37,53,123,198,242,223,189,182,148,203,111,122,44,199,147,211,13,94,147,147,39,117,46,254,151,183,182,58,13,80,167,24,122,203,218,5,163,186,223,94,231,59,171,43,211,139,166,41,201,225,163,162,7,225,7,246,223,113,137,227,76,72,84,119,208,174,7,2,5,0,254,32,167,172,179,3,2,1,29],"type":"Buffer"}}},"defaultPort":443,"freeSockets":{"api.rajaserverpremium.web.id:443:::::::::::::::::::::":[{"_SNICallback":null,"_closeAfterHandlingError":false,"_controlReleased":true,"_events":{"close":[null,null,null],"timeout":[null,null]},"_eventsCount":9,"_hadError":false,"_host":"api.rajaserverpremium.web.id","_httpMessage":null,"_newSessionPending":false,"_parent":null,"_pendingData":null,"_pendingEncoding":"","_readableState":{"awaitDrainWriters":null,"buffer":[],"bufferIndex":0,"highWaterMark":16384,"length":0,"pipes":[]},"_rejectUnauthorized":true,"_requestCert":true,"_secureEstablished":true,"_securePending":false,"_server":null,"_sockname":null,"_tlsOptions":{"isServer":false,"pipe":false,"rejectUnauthorized":true,"requestCert":true,"secureContext":{"context":{}},"session":{"data":[48,130,5,64,2,1,1,2,2,3,4,4,2,19,2,4,32,71,198,54,14,148,58,43,134,118,142,127,159,132,189,226,249,38,93,146,173,151,175,87,109,122,155,132,47,203,124,47,91,4,48,66,198,251,37,15,194,48,124,58,124,213,156,116,34,107,177,54,248,131,159,2,125,154,248,159,217,116,38,107,177,178,31,209,237,44,162,235,3,41,112,82,207,134,255,205,130,45,42,161,6,2,4,105,107,207,133,162,4,2,2,28,32,163,130,3,209,48,130,3,205,48,130,3,114,160,3,2,1,2,2,16,83,100,82,125,214,58,243,187,14,11,131,211,98,161,77,124,48,10,6,8,42,134,72,206,61,4,3,2,48,59,49,11,48,9,6,3,85,4,6,19,2,85,83,49,30,48,28,6,3,85,4,10,19,21,71,111,111,103,108,101,32,84,114,117,115,116,32,83,101,114,118,105,99,101,115,49,12,48,10,6,3,85,4,3,19,3,87,69,49,48,30,23,13,50,53,49,50,49,53,48,51,53,49,51,53,90,23,13,50,54,48,51,49,53,48,52,52,57,48,54,90,48,35,49,33,48,31,6,3,85,4,3,19,24,114,97,106,97,115,101,114,118,101,114,112,114,101,109,105,117,109,46,119,101,98,46,105,100,48,89,48,19,6,7,42,134,72,206,61,2,1,6,8,42,134,72,206,61,3,1,7,3,66,0,4,209,65,248,198,152,178,80,43,76,156,21,181,92,1,237,118,53,13,210,42,15,124,212,102,245,214,179,237,66,78,179,128,178,124,71,4,150,143,103,173,213,93,32,127,178,132,49,155,107,84,200,182,247,77,43,187,116,4,84,48,228,78,239,92,163,130,2,110,48,130,2,106,48,14,6,3,85,29,15,1,1,255,4,4,3,2,7,128,48,19,6,3,85,29,37,4,12,48,10,6,8,43,6,1,5,5,7,3,1,48,12,6,3,85,29,19,1,1,255,4,2,48,0,48,29,6,3,85,29,14,4,22,4,20,139,247,2,230,192,10,215,58,117,122,101,186,168,30,149,38,246,33,63,110,48,31,6,3,85,29,35,4,24,48,22,128,20,144,119,146,53,103,196,255,168,204,169,230,123,217,128,121,123,204,147,249,56,48,94,6,8,43,6,1,5,5,7,1,1,4,82,48,80,48,39,6,8,43,6,1,5,5,7,48,1,134,27,104,116,116,112,58,47,47,111,46,112,107,105,46,103,111,111,103,47,115,47,119,101,49,47,85,50,81,48,37,6,8,43,6,1,5,5,7,48,2,134,25,104,116,116,112,58,47,47,105,46,112,107,105,46,103,111,111,103,47,119,101,49,46,99,114,116,48,63,6,3,85,29,17,4,56,48,54,130,24,114,97,106,97,115,101,114,118,101,114,112,114,101,109,105,117,109,46,119,101,98,46,105,100,130,26,42,46,114,97,106,97,115,101,114,118,101,114,112,114,101,109,105,117,109,46,119,101,98,46,105,100,48,19,6,3,85,29,32,4,12,48,10,48,8,6,6,103,129,12,1,2,1,48,54,6,3,85,29,31,4,47,48,45,48,43,160,41,160,39,134,37,104,116,116,112,58,47,47,99,46,112,107,105,46,103,111,111,103,47,119,101,49,47,66,119,89,107,100,53,88,107,89,56,99,46,99,114,108,48,130,1,5,6,10,43,6,1,4,1,214,121,2,4,2,4,129,246,4,129,243,0,241,0,119,0,100,17,196,108,164,18,236,167,137,28,162,2,46,0,188,171,79,40,7,212,30,53,39,171,234,254,213,3,201,125,205,240,0,0,1,155,32,89,131,239,0,0,4,3,0,72,48,70,2,33,0,200,14,101,120,225,210,194,22,149,176,32,104,187,40,61,59,152,52,162,76,181,1,107,107,34,138,194,10,152,31,67,210,2,33,0,187,47,172,38,105,252,86,88,70,255,204,206,105,116,55,85,230,209,241,104,206,164,37,105,241,129,67,198,103,185,225,129,0,118,0,14,87,148,188,243,174,169,62,51,27,44,153,7,179,247,144,223,155,194,61,113,50,37,221,33,169,37,172,97,197,78,33,0,0,1,155,32,89,132,33,0,0,4,3,0,71,48,69,2,32,124,23,13,124,214,207,104,188,163,13,194,132,106,215,65,63,181,238,171,124,183,6,105,127,159,198,231,84,52,82,168,184,2,33,0,194,221,136,115,191,240,84,86,177,105,57,180,237,26,177,2,186,192,62,120,143,46,7,211,68,212,223,238,47,195,204,255,48,10,6,8,42,134,72,206,61,4,3,2,3,73,0,48,70,2,33,0,196,136,149,225,67,116,128,137,116,100,48,36,4,77,73,93,122,88,9,34,194,24,83,222,208,76,104,232,239,68,178,179,2,33,0,137,111,135,125,148,246,200,35,101,217,140,190,214,214,4,129,43,40,18,114,232,92,81,91,68,7,68,27,45,45,173,126,164,2,4,0,166,30,4,28,97,112,105,46,114,97,106,97,115,101,114,118,101,114,112,114,101,109,105,117,109,46,119,101,98,46,105,100,169,5,2,3,0,253,32,170,129,195,4,129,192,161,94,111,107,150,216,214,252,142,252,177,187,110,191,46,149,108,107,4,211,5,22,11,124,185,243,44,223,12,132,98,164,207,235,2,1,147,230,172,58,198,177,99,195,66,5,195,107,70,234,72,40,91,29,251,12,9,18,133,57,205,21,92,2,94,11,151,125,122,222,72,155,60,124,2,85,60,180,102,144,137,63,231,161,223,7,111,184,118,44,201,197,76,110,88,106,238,233,203,101,208,43,119,149,151,186,101,121,86,20,40,245,14,202,7,245,60,80,135,222,111,40,119,35,246,77,113,57,203,111,19,71,242,249,251,149,5,228,12,14,142,147,74,26,39,158,107,70,32,123,162,245,203,211,5,58,237,109,164,145,120,53,47,10,100,118,57,49,112,213,93,204,108,140,33,229,40,185,43,248,17,182,229,194,44,219,219,248,200,188,65,7,174,6,2,4,57,147,46,193,179,3,2,1,29],"type":"Buffer"}},"_writableState":{"bufferedIndex":0,"corked":0,"highWaterMark":16384,"length":0,"pendingcb":0,"writelen":0},"allowHalfOpen":false,"alpnProtocol":false,"authorizationError":null,"authorized":true,"autoSelectFamilyAttemptedAddresses":["172.67.170.182:443"],"connecting":false,"encrypted":true,"parser":null,"secureConnecting":false,"servername":"api.rajaserverpremium.web.id","ssl":{"_parent":{"onconnection":null,"reading":true},"_parentWrap":null,"_secureContext":{"context":{}},"reading":true},"timeout":5000}]},"keepAlive":true,"keepAliveMsecs":1000,"maxCachedSessions":100,"maxFreeSockets":256,"maxSockets":null,"maxTotalSockets":null,"options":{"keepAlive":true,"noDelay":true,"path":null,"scheduling":"lifo","timeout":5000},"protocol":"https:","requests":{},"scheduling":"lifo","sockets":{},"totalSocketCount":1},"chunkedEncoding":false,"destroyed":true,"finished":true,"host":"api.rajaserverpremium.web.id","maxHeadersCount":null,"maxRequestsOnConnectionReached":false,"method":"GET","outputData":[],"outputSize":0,"parser":null,"path":"/orderkuota/createpayment?apikey=AriApiPaymetGetwayMod&amount=50133&codeqr=00020101021126670016COM.NOBUBANK.WWW01189360050300000879140214139599269048920303UMI51440014ID.CO.QRIS.WWW0215ID20253948025940303UMI5204541153033605802ID5919XYUZSTORE%20OK23960556004BONE61059167162070703A01630489F4","protocol":"https:","res":{"_consuming":false,"_dumped":false,"_events":{"end":[null,null]},"_eventsCount":4,"_readableState":{"awaitDrainWriters":null,"buffer":[],"bufferIndex":0,"highWaterMark":16384,"length":0,"pipes":[]},"aborted":false,"client":{"_SNICallback":null,"_closeAfterHandlingError":false,"_controlReleased":true,"_events":{"close":[null,null,null],"timeout":[null,null]},"_eventsCount":9,"_hadError":false,"_host":"api.rajaserverpremium.web.id","_httpMessage":null,"_newSessionPending":false,"_parent":null,"_pendingData":null,"_pendingEncoding":"","_readableState":{"awaitDrainWriters":null,"buffer":[],"bufferIndex":0,"highWaterMark":16384,"length":0,"pipes":[]},"_rejectUnauthorized":true,"_requestCert":true,"_secureEstablished":true,"_securePending":false,"_server":null,"_sockname":null,"_tlsOptions":{"isServer":false,"pipe":false,"rejectUnauthorized":true,"requestCert":true,"secureContext":{"context":{}},"session":{"data":[48,130,5,64,2,1,1,2,2,3,4,4,2,19,2,4,32,71,198,54,14,148,58,43,134,118,142,127,159,132,189,226,249,38,93,146,173,151,175,87,109,122,155,132,47,203,124,47,91,4,48,66,198,251,37,15,194,48,124,58,124,213,156,116,34,107,177,54,248,131,159,2,125,154,248,159,217,116,38,107,177,178,31,209,237,44,162,235,3,41,112,82,207,134,255,205,130,45,42,161,6,2,4,105,107,207,133,162,4,2,2,28,32,163,130,3,209,48,130,3,205,48,130,3,114,160,3,2,1,2,2,16,83,100,82,125,214,58,243,187,14,11,131,211,98,161,77,124,48,10,6,8,42,134,72,206,61,4,3,2,48,59,49,11,48,9,6,3,85,4,6,19,2,85,83,49,30,48,28,6,3,85,4,10,19,21,71,111,111,103,108,101,32,84,114,117,115,116,32,83,101,114,118,105,99,101,115,49,12,48,10,6,3,85,4,3,19,3,87,69,49,48,30,23,13,50,53,49,50,49,53,48,51,53,49,51,53,90,23,13,50,54,48,51,49,53,48,52,52,57,48,54,90,48,35,49,33,48,31,6,3,85,4,3,19,24,114,97,106,97,115,101,114,118,101,114,112,114,101,109,105,117,109,46,119,101,98,46,105,100,48,89,48,19,6,7,42,134,72,206,61,2,1,6,8,42,134,72,206,61,3,1,7,3,66,0,4,209,65,248,198,152,178,80,43,76,156,21,181,92,1,237,118,53,13,210,42,15,124,212,102,245,214,179,237,66,78,179,128,178,124,71,4,150,143,103,173,213,93,32,127,178,132,49,155,107,84,200,182,247,77,43,187,116,4,84,48,228,78,239,92,163,130,2,110,48,130,2,106,48,14,6,3,85,29,15,1,1,255,4,4,3,2,7,128,48,19,6,3,85,29,37,4,12,48,10,6,8,43,6,1,5,5,7,3,1,48,12,6,3,85,29,19,1,1,255,4,2,48,0,48,29,6,3,85,29,14,4,22,4,20,139,247,2,230,192,10,215,58,117,122,101,186,168,30,149,38,246,33,63,110,48,31,6,3,85,29,35,4,24,48,22,128,20,144,119,146,53,103,196,255,168,204,169,230,123,217,128,121,123,204,147,249,56,48,94,6,8,43,6,1,5,5,7,1,1,4,82,48,80,48,39,6,8,43,6,1,5,5,7,48,1,134,27,104,116,116,112,58,47,47,111,46,112,107,105,46,103,111,111,103,47,115,47,119,101,49,47,85,50,81,48,37,6,8,43,6,1,5,5,7,48,2,134,25,104,116,116,112,58,47,47,105,46,112,107,105,46,103,111,111,103,47,119,101,49,46,99,114,116,48,63,6,3,85,29,17,4,56,48,54,130,24,114,97,106,97,115,101,114,118,101,114,112,114,101,109,105,117,109,46,119,101,98,46,105,100,130,26,42,46,114,97,106,97,115,101,114,118,101,114,112,114,101,109,105,117,109,46,119,101,98,46,105,100,48,19,6,3,85,29,32,4,12,48,10,48,8,6,6,103,129,12,1,2,1,48,54,6,3,85,29,31,4,47,48,45,48,43,160,41,160,39,134,37,104,116,116,112,58,47,47,99,46,112,107,105,46,103,111,111,103,47,119,101,49,47,66,119,89,107,100,53,88,107,89,56,99,46,99,114,108,48,130,1,5,6,10,43,6,1,4,1,214,121,2,4,2,4,129,246,4,129,243,0,241,0,119,0,100,17,196,108,164,18,236,167,137,28,162,2,46,0,188,171,79,40,7,212,30,53,39,171,234,254,213,3,201,125,205,240,0,0,1,155,32,89,131,239,0,0,4,3,0,72,48,70,2,33,0,200,14,101,120,225,210,194,22,149,176,32,104,187,40,61,59,152,52,162,76,181,1,107,107,34,138,194,10,152,31,67,210,2,33,0,187,47,172,38,105,252,86,88,70,255,204,206,105,116,55,85,230,209,241,104,206,164,37,105,241,129,67,198,103,185,225,129,0,118,0,14,87,148,188,243,174,169,62,51,27,44,153,7,179,247,144,223,155,194,61,113,50,37,221,33,169,37,172,97,197,78,33,0,0,1,155,32,89,132,33,0,0,4,3,0,71,48,69,2,32,124,23,13,124,214,207,104,188,163,13,194,132,106,215,65,63,181,238,171,124,183,6,105,127,159,198,231,84,52,82,168,184,2,33,0,194,221,136,115,191,240,84,86,177,105,57,180,237,26,177,2,186,192,62,120,143,46,7,211,68,212,223,238,47,195,204,255,48,10,6,8,42,134,72,206,61,4,3,2,3,73,0,48,70,2,33,0,196,136,149,225,67,116,128,137,116,100,48,36,4,77,73,93,122,88,9,34,194,24,83,222,208,76,104,232,239,68,178,179,2,33,0,137,111,135,125,148,246,200,35,101,217,140,190,214,214,4,129,43,40,18,114,232,92,81,91,68,7,68,27,45,45,173,126,164,2,4,0,166,30,4,28,97,112,105,46,114,97,106,97,115,101,114,118,101,114,112,114,101,109,105,117,109,46,119,101,98,46,105,100,169,5,2,3,0,253,32,170,129,195,4,129,192,161,94,111,107,150,216,214,252,142,252,177,187,110,191,46,149,108,107,4,211,5,22,11,124,185,243,44,223,12,132,98,164,207,235,2,1,147,230,172,58,198,177,99,195,66,5,195,107,70,234,72,40,91,29,251,12,9,18,133,57,205,21,92,2,94,11,151,125,122,222,72,155,60,124,2,85,60,180,102,144,137,63,231,161,223,7,111,184,118,44,201,197,76,110,88,106,238,233,203,101,208,43,119,149,151,186,101,121,86,20,40,245,14,202,7,245,60,80,135,222,111,40,119,35,246,77,113,57,203,111,19,71,242,249,251,149,5,228,12,14,142,147,74,26,39,158,107,70,32,123,162,245,203,211,5,58,237,109,164,145,120,53,47,10,100,118,57,49,112,213,93,204,108,140,33,229,40,185,43,248,17,182,229,194,44,219,219,248,200,188,65,7,174,6,2,4,57,147,46,193,179,3,2,1,29],"type":"Buffer"}},"_writableState":{"bufferedIndex":0,"corked":0,"highWaterMark":16384,"length":0,"pendingcb":0,"writelen":0},"allowHalfOpen":false,"alpnProtocol":false,"authorizationError":null,"authorized":true,"autoSelectFamilyAttemptedAddresses":["172.67.170.182:443"],"connecting":false,"encrypted":true,"parser":null,"secureConnecting":false,"servername":"api.rajaserverpremium.web.id","ssl":{"_parent":{"onconnection":null,"reading":true},"_parentWrap":null,"_secureContext":{"context":{}},"reading":true},"timeout":5000},"complete":true,"httpVersion":"1.1","httpVersionMajor":1,"httpVersionMinor":1,"method":null,"rawHeaders":["Date","Sat, 17 Jan 2026 18:06:39 GMT","Content-Type","application/json; charset=utf-8","Content-Length","45","Connection","keep-alive","access-control-allow-headers","Content-Type, X-API-Key, Authorization","access-control-allow-methods","GET, POST, PUT, DELETE","access-control-allow-origin","*","Age","0","Cache-Control","public, max-age=0, must-revalidate","etag","W/\"2d-d2fvxHDtVJhbZrJJJbqb3bCDRRw\"","Server","cloudflare","strict-transport-security","max-age=63072000","x-powered-by","Express","x-vercel-cache","MISS","x-vercel-id","sin1::iad1::cn7hf-1768673199579-7e71f2e82bbd","cf-cache-status","DYNAMIC","Nel","{\"report_to\":\"cf-nel\",\"success_fraction\":0.0,\"max_age\":604800}","Report-To","{\"group\":\"cf-nel\",\"max_age\":604800,\"endpoints\":[{\"url\":\"https://a.nel.cloudflare.com/report/v4?s=aEa0HolRdjbesEZaKT4D1xL%2Fc1i4Plfj6o3cU%2B8NsJIzjisbTLNgtghgzDeIKssJzcYoO4NNr%2BP0N2hXY4T6ID7htFYH28B9to%2FHjggBe53%2FoTbCTc3kxEE23mc%3D\"}]}","CF-RAY","9bf7c9a938c7f918-SIN","alt-svc","h3=\":443\"; ma=86400"],"rawTrailers":[],"redirects":[],"req":"[Circular]","responseUrl":"https://api.rajaserverpremium.web.id/orderkuota/createpayment?apikey=AriApiPaymetGetwayMod&amount=50133&codeqr=00020101021126670016COM.NOBUBANK.WWW01189360050300000879140214139599269048920303UMI51440014ID.CO.QRIS.WWW0215ID20253948025940303UMI5204541153033605802ID5919XYUZSTORE%20OK23960556004BONE61059167162070703A01630489F4","socket":null,"statusCode":401,"statusMessage":"Unauthorized","upgrade":false,"url":""},"reusedSocket":false,"sendDate":false,"shouldKeepAlive":true,"socket":{"_SNICallback":null,"_closeAfterHandlingError":false,"_controlReleased":true,"_events":{"close":[null,null,null],"timeout":[null,null]},"_eventsCount":9,"_hadError":false,"_host":"api.rajaserverpremium.web.id","_httpMessage":null,"_newSessionPending":false,"_parent":null,"_pendingData":null,"_pendingEncoding":"","_readableState":{"awaitDrainWriters":null,"buffer":[],"bufferIndex":0,"highWaterMark":16384,"length":0,"pipes":[]},"_rejectUnauthorized":true,"_requestCert":true,"_secureEstablished":true,"_securePending":false,"_server":null,"_sockname":null,"_tlsOptions":{"isServer":false,"pipe":false,"rejectUnauthorized":true,"requestCert":true,"secureContext":{"context":{}},"session":{"data":[48,130,5,64,2,1,1,2,2,3,4,4,2,19,2,4,32,71,198,54,14,148,58,43,134,118,142,127,159,132,189,226,249,38,93,146,173,151,175,87,109,122,155,132,47,203,124,47,91,4,48,66,198,251,37,15,194,48,124,58,124,213,156,116,34,107,177,54,248,131,159,2,125,154,248,159,217,116,38,107,177,178,31,209,237,44,162,235,3,41,112,82,207,134,255,205,130,45,42,161,6,2,4,105,107,207,133,162,4,2,2,28,32,163,130,3,209,48,130,3,205,48,130,3,114,160,3,2,1,2,2,16,83,100,82,125,214,58,243,187,14,11,131,211,98,161,77,124,48,10,6,8,42,134,72,206,61,4,3,2,48,59,49,11,48,9,6,3,85,4,6,19,2,85,83,49,30,48,28,6,3,85,4,10,19,21,71,111,111,103,108,101,32,84,114,117,115,116,32,83,101,114,118,105,99,101,115,49,12,48,10,6,3,85,4,3,19,3,87,69,49,48,30,23,13,50,53,49,50,49,53,48,51,53,49,51,53,90,23,13,50,54,48,51,49,53,48,52,52,57,48,54,90,48,35,49,33,48,31,6,3,85,4,3,19,24,114,97,106,97,115,101,114,118,101,114,112,114,101,109,105,117,109,46,119,101,98,46,105,100,48,89,48,19,6,7,42,134,72,206,61,2,1,6,8,42,134,72,206,61,3,1,7,3,66,0,4,209,65,248,198,152,178,80,43,76,156,21,181,92,1,237,118,53,13,210,42,15,124,212,102,245,214,179,237,66,78,179,128,178,124,71,4,150,143,103,173,213,93,32,127,178,132,49,155,107,84,200,182,247,77,43,187,116,4,84,48,228,78,239,92,163,130,2,110,48,130,2,106,48,14,6,3,85,29,15,1,1,255,4,4,3,2,7,128,48,19,6,3,85,29,37,4,12,48,10,6,8,43,6,1,5,5,7,3,1,48,12,6,3,85,29,19,1,1,255,4,2,48,0,48,29,6,3,85,29,14,4,22,4,20,139,247,2,230,192,10,215,58,117,122,101,186,168,30,149,38,246,33,63,110,48,31,6,3,85,29,35,4,24,48,22,128,20,144,119,146,53,103,196,255,168,204,169,230,123,217,128,121,123,204,147,249,56,48,94,6,8,43,6,1,5,5,7,1,1,4,82,48,80,48,39,6,8,43,6,1,5,5,7,48,1,134,27,104,116,116,112,58,47,47,111,46,112,107,105,46,103,111,111,103,47,115,47,119,101,49,47,85,50,81,48,37,6,8,43,6,1,5,5,7,48,2,134,25,104,116,116,112,58,47,47,105,46,112,107,105,46,103,111,111,103,47,119,101,49,46,99,114,116,48,63,6,3,85,29,17,4,56,48,54,130,24,114,97,106,97,115,101,114,118,101,114,112,114,101,109,105,117,109,46,119,101,98,46,105,100,130,26,42,46,114,97,106,97,115,101,114,118,101,114,112,114,101,109,105,117,109,46,119,101,98,46,105,100,48,19,6,3,85,29,32,4,12,48,10,48,8,6,6,103,129,12,1,2,1,48,54,6,3,85,29,31,4,47,48,45,48,43,160,41,160,39,134,37,104,116,116,112,58,47,47,99,46,112,107,105,46,103,111,111,103,47,119,101,49,47,66,119,89,107,100,53,88,107,89,56,99,46,99,114,108,48,130,1,5,6,10,43,6,1,4,1,214,121,2,4,2,4,129,246,4,129,243,0,241,0,119,0,100,17,196,108,164,18,236,167,137,28,162,2,46,0,188,171,79,40,7,212,30,53,39,171,234,254,213,3,201,125,205,240,0,0,1,155,32,89,131,239,0,0,4,3,0,72,48,70,2,33,0,200,14,101,120,225,210,194,22,149,176,32,104,187,40,61,59,152,52,162,76,181,1,107,107,34,138,194,10,152,31,67,210,2,33,0,187,47,172,38,105,252,86,88,70,255,204,206,105,116,55,85,230,209,241,104,206,164,37,105,241,129,67,198,103,185,225,129,0,118,0,14,87,148,188,243,174,169,62,51,27,44,153,7,179,247,144,223,155,194,61,113,50,37,221,33,169,37,172,97,197,78,33,0,0,1,155,32,89,132,33,0,0,4,3,0,71,48,69,2,32,124,23,13,124,214,207,104,188,163,13,194,132,106,215,65,63,181,238,171,124,183,6,105,127,159,198,231,84,52,82,168,184,2,33,0,194,221,136,115,191,240,84,86,177,105,57,180,237,26,177,2,186,192,62,120,143,46,7,211,68,212,223,238,47,195,204,255,48,10,6,8,42,134,72,206,61,4,3,2,3,73,0,48,70,2,33,0,196,136,149,225,67,116,128,137,116,100,48,36,4,77,73,93,122,88,9,34,194,24,83,222,208,76,104,232,239,68,178,179,2,33,0,137,111,135,125,148,246,200,35,101,217,140,190,214,214,4,129,43,40,18,114,232,92,81,91,68,7,68,27,45,45,173,126,164,2,4,0,166,30,4,28,97,112,105,46,114,97,106,97,115,101,114,118,101,114,112,114,101,109,105,117,109,46,119,101,98,46,105,100,169,5,2,3,0,253,32,170,129,195,4,129,192,161,94,111,107,150,216,214,252,142,252,177,187,110,191,46,149,108,107,4,211,5,22,11,124,185,243,44,223,12,132,98,164,207,235,2,1,147,230,172,58,198,177,99,195,66,5,195,107,70,234,72,40,91,29,251,12,9,18,133,57,205,21,92,2,94,11,151,125,122,222,72,155,60,124,2,85,60,180,102,144,137,63,231,161,223,7,111,184,118,44,201,197,76,110,88,106,238,233,203,101,208,43,119,149,151,186,101,121,86,20,40,245,14,202,7,245,60,80,135,222,111,40,119,35,246,77,113,57,203,111,19,71,242,249,251,149,5,228,12,14,142,147,74,26,39,158,107,70,32,123,162,245,203,211,5,58,237,109,164,145,120,53,47,10,100,118,57,49,112,213,93,204,108,140,33,229,40,185,43,248,17,182,229,194,44,219,219,248,200,188,65,7,174,6,2,4,57,147,46,193,179,3,2,1,29],"type":"Buffer"}},"_writableState":{"bufferedIndex":0,"corked":0,"highWaterMark":16384,"length":0,"pendingcb":0,"writelen":0},"allowHalfOpen":false,"alpnProtocol":false,"authorizationError":null,"authorized":true,"autoSelectFamilyAttemptedAddresses":["172.67.170.182:443"],"connecting":false,"encrypted":true,"parser":null,"secureConnecting":false,"servername":"api.rajaserverpremium.web.id","ssl":{"_parent":{"onconnection":null,"reading":true},"_parentWrap":null,"_secureContext":{"context":{}},"reading":true},"timeout":5000},"strictContentLength":false,"timeoutCb":null,"upgradeOrConnect":false,"useChunkedEncodingByDefault":false,"writable":true},"response":{"config":{"adapter":["xhr","http","fetch"],"allowAbsoluteUrls":true,"env":{},"headers":{"Accept":"application/json, text/plain, */*","Accept-Encoding":"gzip, compress, deflate, br","User-Agent":"axios/1.13.2"},"maxBodyLength":-1,"maxContentLength":-1,"method":"get","timeout":0,"transformRequest":[null],"transformResponse":[null],"transitional":{"clarifyTimeoutError":false,"forcedJSONParsing":true,"silentJSONParsing":true},"url":"https://api.rajaserverpremium.web.id/orderkuota/createpayment?apikey=AriApiPaymetGetwayMod&amount=50133&codeqr=00020101021126670016COM.NOBUBANK.WWW01189360050300000879140214139599269048920303UMI51440014ID.CO.QRIS.WWW0215ID20253948025940303UMI5204541153033605802ID5919XYUZSTORE OK23960556004BONE61059167162070703A01630489F4","xsrfCookieName":"XSRF-TOKEN","xsrfHeaderName":"X-XSRF-TOKEN"},"data":{"message":"Invalid apikey","status":"error"},"headers":{"access-control-allow-headers":"Content-Type, X-API-Key, Authorization","access-control-allow-methods":"GET, POST, PUT, DELETE","access-control-allow-origin":"*","age":"0","alt-svc":"h3=\":443\"; ma=86400","cache-control":"public, max-age=0, must-revalidate","cf-cache-status":"DYNAMIC","cf-ray":"9bf7c9a938c7f918-SIN","connection":"keep-alive","content-length":"45","content-type":"application/json; charset=utf-8","date":"Sat, 17 Jan 2026 18:06:39 GMT","etag":"W/\"2d-d2fvxHDtVJhbZrJJJbqb3bCDRRw\"","nel":"{\"report_to\":\"cf-nel\",\"success_fraction\":0.0,\"max_age\":604800}","report-to":"{\"group\":\"cf-nel\",\"max_age\":604800,\"endpoints\":[{\"url\":\"https://a.nel.cloudflare.com/report/v4?s=aEa0HolRdjbesEZaKT4D1xL%2Fc1i4Plfj6o3cU%2B8NsJIzjisbTLNgtghgzDeIKssJzcYoO4NNr%2BP0N2hXY4T6ID7htFYH28B9to%2FHjggBe53%2FoTbCTc3kxEE23mc%3D\"}]}","server":"cloudflare","strict-transport-security":"max-age=63072000","x-powered-by":"Express","x-vercel-cache":"MISS","x-vercel-id":"sin1::iad1::cn7hf-1768673199579-7e71f2e82bbd"},"request":{"_closed":true,"_contentLength":0,"_defaultKeepAlive":true,"_ended":true,"_events":{},"_eventsCount":7,"_hasBody":true,"_header":"GET /orderkuota/createpayment?apikey=AriApiPaymetGetwayMod&amount=50133&codeqr=00020101021126670016COM.NOBUBANK.WWW01189360050300000879140214139599269048920303UMI51440014ID.CO.QRIS.WWW0215ID20253948025940303UMI5204541153033605802ID5919XYUZSTORE%20OK23960556004BONE61059167162070703A01630489F4 HTTP/1.1\r\nAccept: application/json, text/plain, */*\r\nUser-Agent: axios/1.13.2\r\nAccept-Encoding: gzip, compress, deflate, br\r\nHost: api.rajaserverpremium.web.id\r\nConnection: keep-alive\r\n\r\n","_headerSent":true,"_keepAliveTimeout":0,"_last":true,"_redirectable":{"_currentRequest":"[Circular]","_currentUrl":"https://api.rajaserverpremium.web.id/orderkuota/createpayment?apikey=AriApiPaymetGetwayMod&amount=50133&codeqr=00020101021126670016COM.NOBUBANK.WWW01189360050300000879140214139599269048920303UMI51440014ID.CO.QRIS.WWW0215ID20253948025940303UMI5204541153033605802ID5919XYUZSTORE%20OK23960556004BONE61059167162070703A01630489F4","_ended":true,"_ending":true,"_events":{"socket":[null,null]},"_eventsCount":3,"_options":{"agents":{},"beforeRedirects":{},"headers":{"Accept":"application/json, text/plain, */*","Accept-Encoding":"gzip, compress, deflate, br","User-Agent":"axios/1.13.2"},"hostname":"api.rajaserverpremium.web.id","maxBodyLength":null,"maxRedirects":21,"method":"GET","nativeProtocols":{"http:":{"METHODS":["ACL","BIND","CHECKOUT","CONNECT","COPY","DELETE","GET","HEAD","LINK","LOCK","M-SEARCH","MERGE","MKACTIVITY","MKCALENDAR","MKCOL","MOVE","NOTIFY","OPTIONS","PATCH","POST","PROPFIND","PROPPATCH","PURGE","PUT","QUERY","REBIND","REPORT","SEARCH","SOURCE","SUBSCRIBE","TRACE","UNBIND","UNLINK","UNLOCK","UNSUBSCRIBE"],"STATUS_CODES":{"100":"Continue","101":"Switching Protocols","102":"Processing","103":"Early Hints","200":"OK","201":"Created","202":"Accepted","203":"Non-Authoritative Information","204":"No Content","205":"Reset Content","206":"Partial Content","207":"Multi-Status","208":"Already Reported","226":"IM Used","300":"Multiple Choices","301":"Moved Permanently","302":"Found","303":"See Other","304":"Not Modified","305":"Use Proxy","307":"Temporary Redirect","308":"Permanent Redirect","400":"Bad Request","401":"Unauthorized","402":"Payment Required","403":"Forbidden","404":"Not Found","405":"Method Not Allowed","406":"Not Acceptable","407":"Proxy Authentication Required","408":"Request Timeout","409":"Conflict","410":"Gone","411":"Length Required","412":"Precondition Failed","413":"Payload Too Large","414":"URI Too Long","415":"Unsupported Media Type","416":"Range Not Satisfiable","417":"Expectation Failed","418":"I'm a Teapot","421":"Misdirected Request","422":"Unprocessable Entity","423":"Locked","424":"Failed Dependency","425":"Too Early","426":"Upgrade Required","428":"Precondition Required","429":"Too Many Requests","431":"Request Header Fields Too Large","451":"Unavailable For Legal Reasons","500":"Internal Server Error","501":"Not Implemented","502":"Bad Gateway","503":"Service Unavailable","504":"Gateway Timeout","505":"HTTP Version Not Supported","506":"Variant Also Negotiates","507":"Insufficient Storage","508":"Loop Detected","509":"Bandwidth Limit Exceeded","510":"Not Extended","511":"Network Authentication Required"},"globalAgent":{"_events":{},"_eventsCount":2,"defaultPort":80,"freeSockets":{},"keepAlive":true,"keepAliveMsecs":1000,"maxFreeSockets":256,"maxSockets":null,"maxTotalSockets":null,"options":{"keepAlive":true,"noDelay":true,"path":null,"scheduling":"lifo","timeout":5000},"protocol":"http:","requests":{},"scheduling":"lifo","sockets":{},"totalSocketCount":0},"maxHeaderSize":16384},"https:":{"globalAgent":{"_events":{},"_eventsCount":2,"_sessionCache":{"list":["orkutapi.andyyuda41.workers.dev:443:::::::::::::::::::::","api.rajaserverpremium.web.id:443:::::::::::::::::::::"],"map":{"api.rajaserverpremium.web.id:443:::::::::::::::::::::":{"data":[48,130,5,65,2,1,1,2,2,3,4,4,2,19,2,4,32,51,209,101,96,141,125,187,205,228,220,85,194,82,178,248,231,25,220,173,242,54,150,15,157,212,123,100,226,155,108,130,111,4,48,215,211,88,96,132,105,119,141,207,183,165,200,210,212,49,84,42,34,101,249,208,128,167,52,152,223,178,92,98,190,224,246,183,7,138,31,63,162,68,54,110,45,9,5,32,190,49,179,161,6,2,4,105,107,207,139,162,4,2,2,28,32,163,130,3,209,48,130,3,205,48,130,3,114,160,3,2,1,2,2,16,83,100,82,125,214,58,243,187,14,11,131,211,98,161,77,124,48,10,6,8,42,134,72,206,61,4,3,2,48,59,49,11,48,9,6,3,85,4,6,19,2,85,83,49,30,48,28,6,3,85,4,10,19,21,71,111,111,103,108,101,32,84,114,117,115,116,32,83,101,114,118,105,99,101,115,49,12,48,10,6,3,85,4,3,19,3,87,69,49,48,30,23,13,50,53,49,50,49,53,48,51,53,49,51,53,90,23,13,50,54,48,51,49,53,48,52,52,57,48,54,90,48,35,49,33,48,31,6,3,85,4,3,19,24,114,97,106,97,115,101,114,118,101,114,112,114,101,109,105,117,109,46,119,101,98,46,105,100,48,89,48,19,6,7,42,134,72,206,61,2,1,6,8,42,134,72,206,61,3,1,7,3,66,0,4,209,65,248,198,152,178,80,43,76,156,21,181,92,1,237,118,53,13,210,42,15,124,212,102,245,214,179,237,66,78,179,128,178,124,71,4,150,143,103,173,213,93,32,127,178,132,49,155,107,84,200,182,247,77,43,187,116,4,84,48,228,78,239,92,163,130,2,110,48,130,2,106,48,14,6,3,85,29,15,1,1,255,4,4,3,2,7,128,48,19,6,3,85,29,37,4,12,48,10,6,8,43,6,1,5,5,7,3,1,48,12,6,3,85,29,19,1,1,255,4,2,48,0,48,29,6,3,85,29,14,4,22,4,20,139,247,2,230,192,10,215,58,117,122,101,186,168,30,149,38,246,33,63,110,48,31,6,3,85,29,35,4,24,48,22,128,20,144,119,146,53,103,196,255,168,204,169,230,123,217,128,121,123,204,147,249,56,48,94,6,8,43,6,1,5,5,7,1,1,4,82,48,80,48,39,6,8,43,6,1,5,5,7,48,1,134,27,104,116,116,112,58,47,47,111,46,112,107,105,46,103,111,111,103,47,115,47,119,101,49,47,85,50,81,48,37,6,8,43,6,1,5,5,7,48,2,134,25,104,116,116,112,58,47,47,105,46,112,107,105,46,103,111,111,103,47,119,101,49,46,99,114,116,48,63,6,3,85,29,17,4,56,48,54,130,24,114,97,106,97,115,101,114,118,101,114,112,114,101,109,105,117,109,46,119,101,98,46,105,100,130,26,42,46,114,97,106,97,115,101,114,118,101,114,112,114,101,109,105,117,109,46,119,101,98,46,105,100,48,19,6,3,85,29,32,4,12,48,10,48,8,6,6,103,129,12,1,2,1,48,54,6,3,85,29,31,4,47,48,45,48,43,160,41,160,39,134,37,104,116,116,112,58,47,47,99,46,112,107,105,46,103,111,111,103,47,119,101,49,47,66,119,89,107,100,53,88,107,89,56,99,46,99,114,108,48,130,1,5,6,10,43,6,1,4,1,214,121,2,4,2,4,129,246,4,129,243,0,241,0,119,0,100,17,196,108,164,18,236,167,137,28,162,2,46,0,188,171,79,40,7,212,30,53,39,171,234,254,213,3,201,125,205,240,0,0,1,155,32,89,131,239,0,0,4,3,0,72,48,70,2,33,0,200,14,101,120,225,210,194,22,149,176,32,104,187,40,61,59,152,52,162,76,181,1,107,107,34,138,194,10,152,31,67,210,2,33,0,187,47,172,38,105,252,86,88,70,255,204,206,105,116,55,85,230,209,241,104,206,164,37,105,241,129,67,198,103,185,225,129,0,118,0,14,87,148,188,243,174,169,62,51,27,44,153,7,179,247,144,223,155,194,61,113,50,37,221,33,169,37,172,97,197,78,33,0,0,1,155,32,89,132,33,0,0,4,3,0,71,48,69,2,32,124,23,13,124,214,207,104,188,163,13,194,132,106,215,65,63,181,238,171,124,183,6,105,127,159,198,231,84,52,82,168,184,2,33,0,194,221,136,115,191,240,84,86,177,105,57,180,237,26,177,2,186,192,62,120,143,46,7,211,68,212,223,238,47,195,204,255,48,10,6,8,42,134,72,206,61,4,3,2,3,73,0,48,70,2,33,0,196,136,149,225,67,116,128,137,116,100,48,36,4,77,73,93,122,88,9,34,194,24,83,222,208,76,104,232,239,68,178,179,2,33,0,137,111,135,125,148,246,200,35,101,217,140,190,214,214,4,129,43,40,18,114,232,92,81,91,68,7,68,27,45,45,173,126,164,2,4,0,166,30,4,28,97,112,105,46,114,97,106,97,115,101,114,118,101,114,112,114,101,109,105,117,109,46,119,101,98,46,105,100,169,5,2,3,0,253,32,170,129,195,4,129,192,161,94,111,107,150,216,214,252,142,252,177,187,110,191,46,149,253,157,113,254,207,83,148,141,146,37,217,147,2,160,68,255,69,126,190,92,115,218,50,246,140,91,146,93,74,4,203,52,81,42,2,68,148,6,94,112,50,80,217,251,236,45,99,3,178,190,156,7,145,133,180,48,162,178,253,99,195,251,255,107,243,64,210,157,187,121,179,255,230,70,124,236,246,186,11,249,3,252,3,124,60,183,142,116,70,194,231,238,60,27,187,9,129,24,63,160,45,120,233,218,198,98,20,84,158,39,253,216,132,37,42,94,17,113,69,174,90,103,44,227,201,222,163,141,146,121,95,242,134,35,181,161,27,139,156,29,139,197,78,65,224,197,18,20,62,172,249,95,102,7,194,74,21,190,233,139,227,47,211,121,76,75,58,75,67,174,64,233,140,147,238,241,174,7,2,5,0,133,236,209,2,179,3,2,1,29],"type":"Buffer"},"orkutapi.andyyuda41.workers.dev:443:::::::::::::::::::::":{"data":[48,130,5,62,2,1,1,2,2,3,4,4,2,19,2,4,32,219,178,222,80,108,138,164,14,217,120,195,48,74,46,43,1,234,100,35,21,138,208,146,6,56,178,218,9,73,181,82,65,4,48,226,31,228,89,33,212,68,19,155,61,117,179,68,61,140,123,156,215,252,236,195,26,58,102,183,10,9,224,208,189,66,56,30,151,85,123,24,173,156,39,159,141,3,206,199,20,71,6,161,6,2,4,105,107,33,177,162,4,2,2,28,32,163,130,3,203,48,130,3,199,48,130,3,108,160,3,2,1,2,2,17,0,204,255,46,58,156,121,84,100,13,62,140,70,172,31,126,52,48,10,6,8,42,134,72,206,61,4,3,2,48,59,49,11,48,9,6,3,85,4,6,19,2,85,83,49,30,48,28,6,3,85,4,10,19,21,71,111,111,103,108,101,32,84,114,117,115,116,32,83,101,114,118,105,99,101,115,49,12,48,10,6,3,85,4,3,19,3,87,69,49,48,30,23,13,50,53,49,50,48,52,49,56,50,48,53,50,90,23,13,50,54,48,51,48,52,49,57,49,57,51,50,90,48,33,49,31,48,29,6,3,85,4,3,19,22,97,110,100,121,121,117,100,97,52,49,46,119,111,114,107,101,114,115,46,100,101,118,48,89,48,19,6,7,42,134,72,206,61,2,1,6,8,42,134,72,206,61,3,1,7,3,66,0,4,143,66,205,64,233,163,172,79,175,145,203,123,1,180,32,225,158,217,144,242,164,126,11,42,26,20,106,185,120,30,206,167,216,87,152,236,15,236,154,28,107,179,148,156,208,133,140,63,169,69,247,233,155,67,23,42,162,132,17,0,146,126,252,37,163,130,2,105,48,130,2,101,48,14,6,3,85,29,15,1,1,255,4,4,3,2,7,128,48,19,6,3,85,29,37,4,12,48,10,6,8,43,6,1,5,5,7,3,1,48,12,6,3,85,29,19,1,1,255,4,2,48,0,48,29,6,3,85,29,14,4,22,4,20,110,54,156,13,119,209,90,201,235,196,105,100,202,96,8,6,172,118,133,207,48,31,6,3,85,29,35,4,24,48,22,128,20,144,119,146,53,103,196,255,168,204,169,230,123,217,128,121,123,204,147,249,56,48,94,6,8,43,6,1,5,5,7,1,1,4,82,48,80,48,39,6,8,43,6,1,5,5,7,48,1,134,27,104,116,116,112,58,47,47,111,46,112,107,105,46,103,111,111,103,47,115,47,119,101,49,47,122,80,56,48,37,6,8,43,6,1,5,5,7,48,2,134,25,104,116,116,112,58,47,47,105,46,112,107,105,46,103,111,111,103,47,119,101,49,46,99,114,116,48,59,6,3,85,29,17,4,52,48,50,130,22,97,110,100,121,121,117,100,97,52,49,46,119,111,114,107,101,114,115,46,100,101,118,130,24,42,46,97,110,100,121,121,117,100,97,52,49,46,119,111,114,107,101,114,115,46,100,101,118,48,19,6,3,85,29,32,4,12,48,10,48,8,6,6,103,129,12,1,2,1,48,54,6,3,85,29,31,4,47,48,45,48,43,160,41,160,39,134,37,104,116,116,112,58,47,47,99,46,112,107,105,46,103,111,111,103,47,119,101,49,47,89,76,108,83,49,76,95,90,107,75,107,46,99,114,108,48,130,1,4,6,10,43,6,1,4,1,214,121,2,4,2,4,129,245,4,129,242,0,240,0,118,0,14,87,148,188,243,174,169,62,51,27,44,153,7,179,247,144,223,155,194,61,113,50,37,221,33,169,37,172,97,197,78,33,0,0,1,154,234,207,106,200,0,0,4,3,0,71,48,69,2,33,0,199,64,129,103,221,11,190,255,174,92,213,57,140,143,205,242,98,81,48,190,53,224,167,59,195,13,18,82,114,30,187,100,2,32,91,69,71,217,1,218,9,180,131,89,58,149,249,155,135,21,117,5,84,117,87,28,129,126,163,151,119,85,249,124,205,151,0,118,0,203,56,247,21,137,124,132,161,68,95,91,193,221,251,201,110,242,154,89,205,71,10,105,5,133,176,203,20,195,20,88,231,0,0,1,154,234,207,107,23,0,0,4,3,0,71,48,69,2,32,121,92,174,90,157,196,125,12,255,92,91,250,195,239,115,117,184,95,2,245,15,156,83,77,79,127,116,146,46,43,59,127,2,33,0,193,249,157,152,211,188,237,137,249,209,227,162,144,96,70,93,31,156,155,223,23,153,91,142,153,101,224,3,176,24,172,75,48,10,6,8,42,134,72,206,61,4,3,2,3,73,0,48,70,2,33,0,222,119,163,114,212,246,50,73,29,115,93,88,238,191,242,219,47,173,227,198,110,134,163,157,233,53,37,212,205,26,134,187,2,33,0,153,246,211,233,20,114,232,230,111,106,250,29,152,168,134,50,169,32,247,39,233,250,195,52,217,45,140,76,77,100,151,104,164,2,4,0,166,33,4,31,111,114,107,117,116,97,112,105,46,97,110,100,121,121,117,100,97,52,49,46,119,111,114,107,101,114,115,46,100,101,118,169,5,2,3,0,253,32,170,129,195,4,129,192,143,231,53,249,41,239,174,181,79,151,5,2,67,231,224,121,232,243,244,59,128,230,203,36,137,68,41,213,39,17,16,88,244,105,5,49,190,178,162,248,142,25,251,244,91,164,128,102,222,72,108,137,194,255,71,64,94,165,193,51,178,102,145,185,112,22,247,3,39,121,2,178,24,143,185,123,183,55,142,236,91,233,119,147,246,76,169,128,22,158,47,174,181,164,138,211,214,222,158,35,185,247,250,104,43,191,207,220,181,115,229,205,227,41,252,30,219,158,54,193,121,66,54,43,185,2,51,37,53,123,198,242,223,189,182,148,203,111,122,44,199,147,211,13,94,147,147,39,117,46,254,151,183,182,58,13,80,167,24,122,203,218,5,163,186,223,94,231,59,171,43,211,139,166,41,201,225,163,162,7,225,7,246,223,113,137,227,76,72,84,119,208,174,7,2,5,0,254,32,167,172,179,3,2,1,29],"type":"Buffer"}}},"defaultPort":443,"freeSockets":{"api.rajaserverpremium.web.id:443:::::::::::::::::::::":[{"_SNICallback":null,"_closeAfterHandlingError":false,"_controlReleased":true,"_events":{"close":[null,null,null],"timeout":[null,null]},"_eventsCount":9,"_hadError":false,"_host":"api.rajaserverpremium.web.id","_httpMessage":null,"_newSessionPending":false,"_parent":null,"_pendingData":null,"_pendingEncoding":"","_readableState":{"awaitDrainWriters":null,"buffer":[],"bufferIndex":0,"highWaterMark":16384,"length":0,"pipes":[]},"_rejectUnauthorized":true,"_requestCert":true,"_secureEstablished":true,"_securePending":false,"_server":null,"_sockname":null,"_tlsOptions":{"isServer":false,"pipe":false,"rejectUnauthorized":true,"requestCert":true,"secureContext":{"context":{}},"session":{"data":[48,130,5,64,2,1,1,2,2,3,4,4,2,19,2,4,32,71,198,54,14,148,58,43,134,118,142,127,159,132,189,226,249,38,93,146,173,151,175,87,109,122,155,132,47,203,124,47,91,4,48,66,198,251,37,15,194,48,124,58,124,213,156,116,34,107,177,54,248,131,159,2,125,154,248,159,217,116,38,107,177,178,31,209,237,44,162,235,3,41,112,82,207,134,255,205,130,45,42,161,6,2,4,105,107,207,133,162,4,2,2,28,32,163,130,3,209,48,130,3,205,48,130,3,114,160,3,2,1,2,2,16,83,100,82,125,214,58,243,187,14,11,131,211,98,161,77,124,48,10,6,8,42,134,72,206,61,4,3,2,48,59,49,11,48,9,6,3,85,4,6,19,2,85,83,49,30,48,28,6,3,85,4,10,19,21,71,111,111,103,108,101,32,84,114,117,115,116,32,83,101,114,118,105,99,101,115,49,12,48,10,6,3,85,4,3,19,3,87,69,49,48,30,23,13,50,53,49,50,49,53,48,51,53,49,51,53,90,23,13,50,54,48,51,49,53,48,52,52,57,48,54,90,48,35,49,33,48,31,6,3,85,4,3,19,24,114,97,106,97,115,101,114,118,101,114,112,114,101,109,105,117,109,46,119,101,98,46,105,100,48,89,48,19,6,7,42,134,72,206,61,2,1,6,8,42,134,72,206,61,3,1,7,3,66,0,4,209,65,248,198,152,178,80,43,76,156,21,181,92,1,237,118,53,13,210,42,15,124,212,102,245,214,179,237,66,78,179,128,178,124,71,4,150,143,103,173,213,93,32,127,178,132,49,155,107,84,200,182,247,77,43,187,116,4,84,48,228,78,239,92,163,130,2,110,48,130,2,106,48,14,6,3,85,29,15,1,1,255,4,4,3,2,7,128,48,19,6,3,85,29,37,4,12,48,10,6,8,43,6,1,5,5,7,3,1,48,12,6,3,85,29,19,1,1,255,4,2,48,0,48,29,6,3,85,29,14,4,22,4,20,139,247,2,230,192,10,215,58,117,122,101,186,168,30,149,38,246,33,63,110,48,31,6,3,85,29,35,4,24,48,22,128,20,144,119,146,53,103,196,255,168,204,169,230,123,217,128,121,123,204,147,249,56,48,94,6,8,43,6,1,5,5,7,1,1,4,82,48,80,48,39,6,8,43,6,1,5,5,7,48,1,134,27,104,116,116,112,58,47,47,111,46,112,107,105,46,103,111,111,103,47,115,47,119,101,49,47,85,50,81,48,37,6,8,43,6,1,5,5,7,48,2,134,25,104,116,116,112,58,47,47,105,46,112,107,105,46,103,111,111,103,47,119,101,49,46,99,114,116,48,63,6,3,85,29,17,4,56,48,54,130,24,114,97,106,97,115,101,114,118,101,114,112,114,101,109,105,117,109,46,119,101,98,46,105,100,130,26,42,46,114,97,106,97,115,101,114,118,101,114,112,114,101,109,105,117,109,46,119,101,98,46,105,100,48,19,6,3,85,29,32,4,12,48,10,48,8,6,6,103,129,12,1,2,1,48,54,6,3,85,29,31,4,47,48,45,48,43,160,41,160,39,134,37,104,116,116,112,58,47,47,99,46,112,107,105,46,103,111,111,103,47,119,101,49,47,66,119,89,107,100,53,88,107,89,56,99,46,99,114,108,48,130,1,5,6,10,43,6,1,4,1,214,121,2,4,2,4,129,246,4,129,243,0,241,0,119,0,100,17,196,108,164,18,236,167,137,28,162,2,46,0,188,171,79,40,7,212,30,53,39,171,234,254,213,3,201,125,205,240,0,0,1,155,32,89,131,239,0,0,4,3,0,72,48,70,2,33,0,200,14,101,120,225,210,194,22,149,176,32,104,187,40,61,59,152,52,162,76,181,1,107,107,34,138,194,10,152,31,67,210,2,33,0,187,47,172,38,105,252,86,88,70,255,204,206,105,116,55,85,230,209,241,104,206,164,37,105,241,129,67,198,103,185,225,129,0,118,0,14,87,148,188,243,174,169,62,51,27,44,153,7,179,247,144,223,155,194,61,113,50,37,221,33,169,37,172,97,197,78,33,0,0,1,155,32,89,132,33,0,0,4,3,0,71,48,69,2,32,124,23,13,124,214,207,104,188,163,13,194,132,106,215,65,63,181,238,171,124,183,6,105,127,159,198,231,84,52,82,168,184,2,33,0,194,221,136,115,191,240,84,86,177,105,57,180,237,26,177,2,186,192,62,120,143,46,7,211,68,212,223,238,47,195,204,255,48,10,6,8,42,134,72,206,61,4,3,2,3,73,0,48,70,2,33,0,196,136,149,225,67,116,128,137,116,100,48,36,4,77,73,93,122,88,9,34,194,24,83,222,208,76,104,232,239,68,178,179,2,33,0,137,111,135,125,148,246,200,35,101,217,140,190,214,214,4,129,43,40,18,114,232,92,81,91,68,7,68,27,45,45,173,126,164,2,4,0,166,30,4,28,97,112,105,46,114,97,106,97,115,101,114,118,101,114,112,114,101,109,105,117,109,46,119,101,98,46,105,100,169,5,2,3,0,253,32,170,129,195,4,129,192,161,94,111,107,150,216,214,252,142,252,177,187,110,191,46,149,108,107,4,211,5,22,11,124,185,243,44,223,12,132,98,164,207,235,2,1,147,230,172,58,198,177,99,195,66,5,195,107,70,234,72,40,91,29,251,12,9,18,133,57,205,21,92,2,94,11,151,125,122,222,72,155,60,124,2,85,60,180,102,144,137,63,231,161,223,7,111,184,118,44,201,197,76,110,88,106,238,233,203,101,208,43,119,149,151,186,101,121,86,20,40,245,14,202,7,245,60,80,135,222,111,40,119,35,246,77,113,57,203,111,19,71,242,249,251,149,5,228,12,14,142,147,74,26,39,158,107,70,32,123,162,245,203,211,5,58,237,109,164,145,120,53,47,10,100,118,57,49,112,213,93,204,108,140,33,229,40,185,43,248,17,182,229,194,44,219,219,248,200,188,65,7,174,6,2,4,57,147,46,193,179,3,2,1,29],"type":"Buffer"}},"_writableState":{"bufferedIndex":0,"corked":0,"highWaterMark":16384,"length":0,"pendingcb":0,"writelen":0},"allowHalfOpen":false,"alpnProtocol":false,"authorizationError":null,"authorized":true,"autoSelectFamilyAttemptedAddresses":["172.67.170.182:443"],"connecting":false,"encrypted":true,"parser":null,"secureConnecting":false,"servername":"api.rajaserverpremium.web.id","ssl":{"_parent":{"onconnection":null,"reading":true},"_parentWrap":null,"_secureContext":{"context":{}},"reading":true},"timeout":5000}]},"keepAlive":true,"keepAliveMsecs":1000,"maxCachedSessions":100,"maxFreeSockets":256,"maxSockets":null,"maxTotalSockets":null,"options":{"keepAlive":true,"noDelay":true,"path":null,"scheduling":"lifo","timeout":5000},"protocol":"https:","requests":{},"scheduling":"lifo","sockets":{},"totalSocketCount":1}}},"path":"/orderkuota/createpayment?apikey=AriApiPaymetGetwayMod&amount=50133&codeqr=00020101021126670016COM.NOBUBANK.WWW01189360050300000879140214139599269048920303UMI51440014ID.CO.QRIS.WWW0215ID20253948025940303UMI5204541153033605802ID5919XYUZSTORE%20OK23960556004BONE61059167162070703A01630489F4","pathname":"/orderkuota/createpayment","port":"","protocol":"https:","search":"?apikey=AriApiPaymetGetwayMod&amount=50133&codeqr=00020101021126670016COM.NOBUBANK.WWW01189360050300000879140214139599269048920303UMI51440014ID.CO.QRIS.WWW0215ID20253948025940303UMI5204541153033605802ID5919XYUZSTORE%20OK23960556004BONE61059167162070703A01630489F4"},"_redirectCount":0,"_redirects":[],"_requestBodyBuffers":[],"_requestBodyLength":0,"_timeout":null,"_writableState":{"bufferedIndex":0,"corked":0,"highWaterMark":16384,"length":0,"pendingcb":0,"writelen":0}},"_removedConnection":false,"_removedContLen":false,"_removedTE":false,"_trailer":"","aborted":false,"agent":{"_events":{},"_eventsCount":2,"_sessionCache":{"list":["orkutapi.andyyuda41.workers.dev:443:::::::::::::::::::::","api.rajaserverpremium.web.id:443:::::::::::::::::::::"],"map":{"api.rajaserverpremium.web.id:443:::::::::::::::::::::":{"data":[48,130,5,65,2,1,1,2,2,3,4,4,2,19,2,4,32,51,209,101,96,141,125,187,205,228,220,85,194,82,178,248,231,25,220,173,242,54,150,15,157,212,123,100,226,155,108,130,111,4,48,215,211,88,96,132,105,119,141,207,183,165,200,210,212,49,84,42,34,101,249,208,128,167,52,152,223,178,92,98,190,224,246,183,7,138,31,63,162,68,54,110,45,9,5,32,190,49,179,161,6,2,4,105,107,207,139,162,4,2,2,28,32,163,130,3,209,48,130,3,205,48,130,3,114,160,3,2,1,2,2,16,83,100,82,125,214,58,243,187,14,11,131,211,98,161,77,124,48,10,6,8,42,134,72,206,61,4,3,2,48,59,49,11,48,9,6,3,85,4,6,19,2,85,83,49,30,48,28,6,3,85,4,10,19,21,71,111,111,103,108,101,32,84,114,117,115,116,32,83,101,114,118,105,99,101,115,49,12,48,10,6,3,85,4,3,19,3,87,69,49,48,30,23,13,50,53,49,50,49,53,48,51,53,49,51,53,90,23,13,50,54,48,51,49,53,48,52,52,57,48,54,90,48,35,49,33,48,31,6,3,85,4,3,19,24,114,97,106,97,115,101,114,118,101,114,112,114,101,109,105,117,109,46,119,101,98,46,105,100,48,89,48,19,6,7,42,134,72,206,61,2,1,6,8,42,134,72,206,61,3,1,7,3,66,0,4,209,65,248,198,152,178,80,43,76,156,21,181,92,1,237,118,53,13,210,42,15,124,212,102,245,214,179,237,66,78,179,128,178,124,71,4,150,143,103,173,213,93,32,127,178,132,49,155,107,84,200,182,247,77,43,187,116,4,84,48,228,78,239,92,163,130,2,110,48,130,2,106,48,14,6,3,85,29,15,1,1,255,4,4,3,2,7,128,48,19,6,3,85,29,37,4,12,48,10,6,8,43,6,1,5,5,7,3,1,48,12,6,3,85,29,19,1,1,255,4,2,48,0,48,29,6,3,85,29,14,4,22,4,20,139,247,2,230,192,10,215,58,117,122,101,186,168,30,149,38,246,33,63,110,48,31,6,3,85,29,35,4,24,48,22,128,20,144,119,146,53,103,196,255,168,204,169,230,123,217,128,121,123,204,147,249,56,48,94,6,8,43,6,1,5,5,7,1,1,4,82,48,80,48,39,6,8,43,6,1,5,5,7,48,1,134,27,104,116,116,112,58,47,47,111,46,112,107,105,46,103,111,111,103,47,115,47,119,101,49,47,85,50,81,48,37,6,8,43,6,1,5,5,7,48,2,134,25,104,116,116,112,58,47,47,105,46,112,107,105,46,103,111,111,103,47,119,101,49,46,99,114,116,48,63,6,3,85,29,17,4,56,48,54,130,24,114,97,106,97,115,101,114,118,101,114,112,114,101,109,105,117,109,46,119,101,98,46,105,100,130,26,42,46,114,97,106,97,115,101,114,118,101,114,112,114,101,109,105,117,109,46,119,101,98,46,105,100,48,19,6,3,85,29,32,4,12,48,10,48,8,6,6,103,129,12,1,2,1,48,54,6,3,85,29,31,4,47,48,45,48,43,160,41,160,39,134,37,104,116,116,112,58,47,47,99,46,112,107,105,46,103,111,111,103,47,119,101,49,47,66,119,89,107,100,53,88,107,89,56,99,46,99,114,108,48,130,1,5,6,10,43,6,1,4,1,214,121,2,4,2,4,129,246,4,129,243,0,241,0,119,0,100,17,196,108,164,18,236,167,137,28,162,2,46,0,188,171,79,40,7,212,30,53,39,171,234,254,213,3,201,125,205,240,0,0,1,155,32,89,131,239,0,0,4,3,0,72,48,70,2,33,0,200,14,101,120,225,210,194,22,149,176,32,104,187,40,61,59,152,52,162,76,181,1,107,107,34,138,194,10,152,31,67,210,2,33,0,187,47,172,38,105,252,86,88,70,255,204,206,105,116,55,85,230,209,241,104,206,164,37,105,241,129,67,198,103,185,225,129,0,118,0,14,87,148,188,243,174,169,62,51,27,44,153,7,179,247,144,223,155,194,61,113,50,37,221,33,169,37,172,97,197,78,33,0,0,1,155,32,89,132,33,0,0,4,3,0,71,48,69,2,32,124,23,13,124,214,207,104,188,163,13,194,132,106,215,65,63,181,238,171,124,183,6,105,127,159,198,231,84,52,82,168,184,2,33,0,194,221,136,115,191,240,84,86,177,105,57,180,237,26,177,2,186,192,62,120,143,46,7,211,68,212,223,238,47,195,204,255,48,10,6,8,42,134,72,206,61,4,3,2,3,73,0,48,70,2,33,0,196,136,149,225,67,116,128,137,116,100,48,36,4,77,73,93,122,88,9,34,194,24,83,222,208,76,104,232,239,68,178,179,2,33,0,137,111,135,125,148,246,200,35,101,217,140,190,214,214,4,129,43,40,18,114,232,92,81,91,68,7,68,27,45,45,173,126,164,2,4,0,166,30,4,28,97,112,105,46,114,97,106,97,115,101,114,118,101,114,112,114,101,109,105,117,109,46,119,101,98,46,105,100,169,5,2,3,0,253,32,170,129,195,4,129,192,161,94,111,107,150,216,214,252,142,252,177,187,110,191,46,149,253,157,113,254,207,83,148,141,146,37,217,147,2,160,68,255,69,126,190,92,115,218,50,246,140,91,146,93,74,4,203,52,81,42,2,68,148,6,94,112,50,80,217,251,236,45,99,3,178,190,156,7,145,133,180,48,162,178,253,99,195,251,255,107,243,64,210,157,187,121,179,255,230,70,124,236,246,186,11,249,3,252,3,124,60,183,142,116,70,194,231,238,60,27,187,9,129,24,63,160,45,120,233,218,198,98,20,84,158,39,253,216,132,37,42,94,17,113,69,174,90,103,44,227,201,222,163,141,146,121,95,242,134,35,181,161,27,139,156,29,139,197,78,65,224,197,18,20,62,172,249,95,102,7,194,74,21,190,233,139,227,47,211,121,76,75,58,75,67,174,64,233,140,147,238,241,174,7,2,5,0,133,236,209,2,179,3,2,1,29],"type":"Buffer"},"orkutapi.andyyuda41.workers.dev:443:::::::::::::::::::::":{"data":[48,130,5,62,2,1,1,2,2,3,4,4,2,19,2,4,32,219,178,222,80,108,138,164,14,217,120,195,48,74,46,43,1,234,100,35,21,138,208,146,6,56,178,218,9,73,181,82,65,4,48,226,31,228,89,33,212,68,19,155,61,117,179,68,61,140,123,156,215,252,236,195,26,58,102,183,10,9,224,208,189,66,56,30,151,85,123,24,173,156,39,159,141,3,206,199,20,71,6,161,6,2,4,105,107,33,177,162,4,2,2,28,32,163,130,3,203,48,130,3,199,48,130,3,108,160,3,2,1,2,2,17,0,204,255,46,58,156,121,84,100,13,62,140,70,172,31,126,52,48,10,6,8,42,134,72,206,61,4,3,2,48,59,49,11,48,9,6,3,85,4,6,19,2,85,83,49,30,48,28,6,3,85,4,10,19,21,71,111,111,103,108,101,32,84,114,117,115,116,32,83,101,114,118,105,99,101,115,49,12,48,10,6,3,85,4,3,19,3,87,69,49,48,30,23,13,50,53,49,50,48,52,49,56,50,48,53,50,90,23,13,50,54,48,51,48,52,49,57,49,57,51,50,90,48,33,49,31,48,29,6,3,85,4,3,19,22,97,110,100,121,121,117,100,97,52,49,46,119,111,114,107,101,114,115,46,100,101,118,48,89,48,19,6,7,42,134,72,206,61,2,1,6,8,42,134,72,206,61,3,1,7,3,66,0,4,143,66,205,64,233,163,172,79,175,145,203,123,1,180,32,225,158,217,144,242,164,126,11,42,26,20,106,185,120,30,206,167,216,87,152,236,15,236,154,28,107,179,148,156,208,133,140,63,169,69,247,233,155,67,23,42,162,132,17,0,146,126,252,37,163,130,2,105,48,130,2,101,48,14,6,3,85,29,15,1,1,255,4,4,3,2,7,128,48,19,6,3,85,29,37,4,12,48,10,6,8,43,6,1,5,5,7,3,1,48,12,6,3,85,29,19,1,1,255,4,2,48,0,48,29,6,3,85,29,14,4,22,4,20,110,54,156,13,119,209,90,201,235,196,105,100,202,96,8,6,172,118,133,207,48,31,6,3,85,29,35,4,24,48,22,128,20,144,119,146,53,103,196,255,168,204,169,230,123,217,128,121,123,204,147,249,56,48,94,6,8,43,6,1,5,5,7,1,1,4,82,48,80,48,39,6,8,43,6,1,5,5,7,48,1,134,27,104,116,116,112,58,47,47,111,46,112,107,105,46,103,111,111,103,47,115,47,119,101,49,47,122,80,56,48,37,6,8,43,6,1,5,5,7,48,2,134,25,104,116,116,112,58,47,47,105,46,112,107,105,46,103,111,111,103,47,119,101,49,46,99,114,116,48,59,6,3,85,29,17,4,52,48,50,130,22,97,110,100,121,121,117,100,97,52,49,46,119,111,114,107,101,114,115,46,100,101,118,130,24,42,46,97,110,100,121,121,117,100,97,52,49,46,119,111,114,107,101,114,115,46,100,101,118,48,19,6,3,85,29,32,4,12,48,10,48,8,6,6,103,129,12,1,2,1,48,54,6,3,85,29,31,4,47,48,45,48,43,160,41,160,39,134,37,104,116,116,112,58,47,47,99,46,112,107,105,46,103,111,111,103,47,119,101,49,47,89,76,108,83,49,76,95,90,107,75,107,46,99,114,108,48,130,1,4,6,10,43,6,1,4,1,214,121,2,4,2,4,129,245,4,129,242,0,240,0,118,0,14,87,148,188,243,174,169,62,51,27,44,153,7,179,247,144,223,155,194,61,113,50,37,221,33,169,37,172,97,197,78,33,0,0,1,154,234,207,106,200,0,0,4,3,0,71,48,69,2,33,0,199,64,129,103,221,11,190,255,174,92,213,57,140,143,205,242,98,81,48,190,53,224,167,59,195,13,18,82,114,30,187,100,2,32,91,69,71,217,1,218,9,180,131,89,58,149,249,155,135,21,117,5,84,117,87,28,129,126,163,151,119,85,249,124,205,151,0,118,0,203,56,247,21,137,124,132,161,68,95,91,193,221,251,201,110,242,154,89,205,71,10,105,5,133,176,203,20,195,20,88,231,0,0,1,154,234,207,107,23,0,0,4,3,0,71,48,69,2,32,121,92,174,90,157,196,125,12,255,92,91,250,195,239,115,117,184,95,2,245,15,156,83,77,79,127,116,146,46,43,59,127,2,33,0,193,249,157,152,211,188,237,137,249,209,227,162,144,96,70,93,31,156,155,223,23,153,91,142,153,101,224,3,176,24,172,75,48,10,6,8,42,134,72,206,61,4,3,2,3,73,0,48,70,2,33,0,222,119,163,114,212,246,50,73,29,115,93,88,238,191,242,219,47,173,227,198,110,134,163,157,233,53,37,212,205,26,134,187,2,33,0,153,246,211,233,20,114,232,230,111,106,250,29,152,168,134,50,169,32,247,39,233,250,195,52,217,45,140,76,77,100,151,104,164,2,4,0,166,33,4,31,111,114,107,117,116,97,112,105,46,97,110,100,121,121,117,100,97,52,49,46,119,111,114,107,101,114,115,46,100,101,118,169,5,2,3,0,253,32,170,129,195,4,129,192,143,231,53,249,41,239,174,181,79,151,5,2,67,231,224,121,232,243,244,59,128,230,203,36,137,68,41,213,39,17,16,88,244,105,5,49,190,178,162,248,142,25,251,244,91,164,128,102,222,72,108,137,194,255,71,64,94,165,193,51,178,102,145,185,112,22,247,3,39,121,2,178,24,143,185,123,183,55,142,236,91,233,119,147,246,76,169,128,22,158,47,174,181,164,138,211,214,222,158,35,185,247,250,104,43,191,207,220,181,115,229,205,227,41,252,30,219,158,54,193,121,66,54,43,185,2,51,37,53,123,198,242,223,189,182,148,203,111,122,44,199,147,211,13,94,147,147,39,117,46,254,151,183,182,58,13,80,167,24,122,203,218,5,163,186,223,94,231,59,171,43,211,139,166,41,201,225,163,162,7,225,7,246,223,113,137,227,76,72,84,119,208,174,7,2,5,0,254,32,167,172,179,3,2,1,29],"type":"Buffer"}}},"defaultPort":443,"freeSockets":{"api.rajaserverpremium.web.id:443:::::::::::::::::::::":[{"_SNICallback":null,"_closeAfterHandlingError":false,"_controlReleased":true,"_events":{"close":[null,null,null],"timeout":[null,null]},"_eventsCount":9,"_hadError":false,"_host":"api.rajaserverpremium.web.id","_httpMessage":null,"_newSessionPending":false,"_parent":null,"_pendingData":null,"_pendingEncoding":"","_readableState":{"awaitDrainWriters":null,"buffer":[],"bufferIndex":0,"highWaterMark":16384,"length":0,"pipes":[]},"_rejectUnauthorized":true,"_requestCert":true,"_secureEstablished":true,"_securePending":false,"_server":null,"_sockname":null,"_tlsOptions":{"isServer":false,"pipe":false,"rejectUnauthorized":true,"requestCert":true,"secureContext":{"context":{}},"session":{"data":[48,130,5,64,2,1,1,2,2,3,4,4,2,19,2,4,32,71,198,54,14,148,58,43,134,118,142,127,159,132,189,226,249,38,93,146,173,151,175,87,109,122,155,132,47,203,124,47,91,4,48,66,198,251,37,15,194,48,124,58,124,213,156,116,34,107,177,54,248,131,159,2,125,154,248,159,217,116,38,107,177,178,31,209,237,44,162,235,3,41,112,82,207,134,255,205,130,45,42,161,6,2,4,105,107,207,133,162,4,2,2,28,32,163,130,3,209,48,130,3,205,48,130,3,114,160,3,2,1,2,2,16,83,100,82,125,214,58,243,187,14,11,131,211,98,161,77,124,48,10,6,8,42,134,72,206,61,4,3,2,48,59,49,11,48,9,6,3,85,4,6,19,2,85,83,49,30,48,28,6,3,85,4,10,19,21,71,111,111,103,108,101,32,84,114,117,115,116,32,83,101,114,118,105,99,101,115,49,12,48,10,6,3,85,4,3,19,3,87,69,49,48,30,23,13,50,53,49,50,49,53,48,51,53,49,51,53,90,23,13,50,54,48,51,49,53,48,52,52,57,48,54,90,48,35,49,33,48,31,6,3,85,4,3,19,24,114,97,106,97,115,101,114,118,101,114,112,114,101,109,105,117,109,46,119,101,98,46,105,100,48,89,48,19,6,7,42,134,72,206,61,2,1,6,8,42,134,72,206,61,3,1,7,3,66,0,4,209,65,248,198,152,178,80,43,76,156,21,181,92,1,237,118,53,13,210,42,15,124,212,102,245,214,179,237,66,78,179,128,178,124,71,4,150,143,103,173,213,93,32,127,178,132,49,155,107,84,200,182,247,77,43,187,116,4,84,48,228,78,239,92,163,130,2,110,48,130,2,106,48,14,6,3,85,29,15,1,1,255,4,4,3,2,7,128,48,19,6,3,85,29,37,4,12,48,10,6,8,43,6,1,5,5,7,3,1,48,12,6,3,85,29,19,1,1,255,4,2,48,0,48,29,6,3,85,29,14,4,22,4,20,139,247,2,230,192,10,215,58,117,122,101,186,168,30,149,38,246,33,63,110,48,31,6,3,85,29,35,4,24,48,22,128,20,144,119,146,53,103,196,255,168,204,169,230,123,217,128,121,123,204,147,249,56,48,94,6,8,43,6,1,5,5,7,1,1,4,82,48,80,48,39,6,8,43,6,1,5,5,7,48,1,134,27,104,116,116,112,58,47,47,111,46,112,107,105,46,103,111,111,103,47,115,47,119,101,49,47,85,50,81,48,37,6,8,43,6,1,5,5,7,48,2,134,25,104,116,116,112,58,47,47,105,46,112,107,105,46,103,111,111,103,47,119,101,49,46,99,114,116,48,63,6,3,85,29,17,4,56,48,54,130,24,114,97,106,97,115,101,114,118,101,114,112,114,101,109,105,117,109,46,119,101,98,46,105,100,130,26,42,46,114,97,106,97,115,101,114,118,101,114,112,114,101,109,105,117,109,46,119,101,98,46,105,100,48,19,6,3,85,29,32,4,12,48,10,48,8,6,6,103,129,12,1,2,1,48,54,6,3,85,29,31,4,47,48,45,48,43,160,41,160,39,134,37,104,116,116,112,58,47,47,99,46,112,107,105,46,103,111,111,103,47,119,101,49,47,66,119,89,107,100,53,88,107,89,56,99,46,99,114,108,48,130,1,5,6,10,43,6,1,4,1,214,121,2,4,2,4,129,246,4,129,243,0,241,0,119,0,100,17,196,108,164,18,236,167,137,28,162,2,46,0,188,171,79,40,7,212,30,53,39,171,234,254,213,3,201,125,205,240,0,0,1,155,32,89,131,239,0,0,4,3,0,72,48,70,2,33,0,200,14,101,120,225,210,194,22,149,176,32,104,187,40,61,59,152,52,162,76,181,1,107,107,34,138,194,10,152,31,67,210,2,33,0,187,47,172,38,105,252,86,88,70,255,204,206,105,116,55,85,230,209,241,104,206,164,37,105,241,129,67,198,103,185,225,129,0,118,0,14,87,148,188,243,174,169,62,51,27,44,153,7,179,247,144,223,155,194,61,113,50,37,221,33,169,37,172,97,197,78,33,0,0,1,155,32,89,132,33,0,0,4,3,0,71,48,69,2,32,124,23,13,124,214,207,104,188,163,13,194,132,106,215,65,63,181,238,171,124,183,6,105,127,159,198,231,84,52,82,168,184,2,33,0,194,221,136,115,191,240,84,86,177,105,57,180,237,26,177,2,186,192,62,120,143,46,7,211,68,212,223,238,47,195,204,255,48,10,6,8,42,134,72,206,61,4,3,2,3,73,0,48,70,2,33,0,196,136,149,225,67,116,128,137,116,100,48,36,4,77,73,93,122,88,9,34,194,24,83,222,208,76,104,232,239,68,178,179,2,33,0,137,111,135,125,148,246,200,35,101,217,140,190,214,214,4,129,43,40,18,114,232,92,81,91,68,7,68,27,45,45,173,126,164,2,4,0,166,30,4,28,97,112,105,46,114,97,106,97,115,101,114,118,101,114,112,114,101,109,105,117,109,46,119,101,98,46,105,100,169,5,2,3,0,253,32,170,129,195,4,129,192,161,94,111,107,150,216,214,252,142,252,177,187,110,191,46,149,108,107,4,211,5,22,11,124,185,243,44,223,12,132,98,164,207,235,2,1,147,230,172,58,198,177,99,195,66,5,195,107,70,234,72,40,91,29,251,12,9,18,133,57,205,21,92,2,94,11,151,125,122,222,72,155,60,124,2,85,60,180,102,144,137,63,231,161,223,7,111,184,118,44,201,197,76,110,88,106,238,233,203,101,208,43,119,149,151,186,101,121,86,20,40,245,14,202,7,245,60,80,135,222,111,40,119,35,246,77,113,57,203,111,19,71,242,249,251,149,5,228,12,14,142,147,74,26,39,158,107,70,32,123,162,245,203,211,5,58,237,109,164,145,120,53,47,10,100,118,57,49,112,213,93,204,108,140,33,229,40,185,43,248,17,182,229,194,44,219,219,248,200,188,65,7,174,6,2,4,57,147,46,193,179,3,2,1,29],"type":"Buffer"}},"_writableState":{"bufferedIndex":0,"corked":0,"highWaterMark":16384,"length":0,"pendingcb":0,"writelen":0},"allowHalfOpen":false,"alpnProtocol":false,"authorizationError":null,"authorized":true,"autoSelectFamilyAttemptedAddresses":["172.67.170.182:443"],"connecting":false,"encrypted":true,"parser":null,"secureConnecting":false,"servername":"api.rajaserverpremium.web.id","ssl":{"_parent":{"onconnection":null,"reading":true},"_parentWrap":null,"_secureContext":{"context":{}},"reading":true},"timeout":5000}]},"keepAlive":true,"keepAliveMsecs":1000,"maxCachedSessions":100,"maxFreeSockets":256,"maxSockets":null,"maxTotalSockets":null,"options":{"keepAlive":true,"noDelay":true,"path":null,"scheduling":"lifo","timeout":5000},"protocol":"https:","requests":{},"scheduling":"lifo","sockets":{},"totalSocketCount":1},"chunkedEncoding":false,"destroyed":true,"finished":true,"host":"api.rajaserverpremium.web.id","maxHeadersCount":null,"maxRequestsOnConnectionReached":false,"method":"GET","outputData":[],"outputSize":0,"parser":null,"path":"/orderkuota/createpayment?apikey=AriApiPaymetGetwayMod&amount=50133&codeqr=00020101021126670016COM.NOBUBANK.WWW01189360050300000879140214139599269048920303UMI51440014ID.CO.QRIS.WWW0215ID20253948025940303UMI5204541153033605802ID5919XYUZSTORE%20OK23960556004BONE61059167162070703A01630489F4","protocol":"https:","res":{"_consuming":false,"_dumped":false,"_events":{"end":[null,null]},"_eventsCount":4,"_readableState":{"awaitDrainWriters":null,"buffer":[],"bufferIndex":0,"highWaterMark":16384,"length":0,"pipes":[]},"aborted":false,"client":{"_SNICallback":null,"_closeAfterHandlingError":false,"_controlReleased":true,"_events":{"close":[null,null,null],"timeout":[null,null]},"_eventsCount":9,"_hadError":false,"_host":"api.rajaserverpremium.web.id","_httpMessage":null,"_newSessionPending":false,"_parent":null,"_pendingData":null,"_pendingEncoding":"","_readableState":{"awaitDrainWriters":null,"buffer":[],"bufferIndex":0,"highWaterMark":16384,"length":0,"pipes":[]},"_rejectUnauthorized":true,"_requestCert":true,"_secureEstablished":true,"_securePending":false,"_server":null,"_sockname":null,"_tlsOptions":{"isServer":false,"pipe":false,"rejectUnauthorized":true,"requestCert":true,"secureContext":{"context":{}},"session":{"data":[48,130,5,64,2,1,1,2,2,3,4,4,2,19,2,4,32,71,198,54,14,148,58,43,134,118,142,127,159,132,189,226,249,38,93,146,173,151,175,87,109,122,155,132,47,203,124,47,91,4,48,66,198,251,37,15,194,48,124,58,124,213,156,116,34,107,177,54,248,131,159,2,125,154,248,159,217,116,38,107,177,178,31,209,237,44,162,235,3,41,112,82,207,134,255,205,130,45,42,161,6,2,4,105,107,207,133,162,4,2,2,28,32,163,130,3,209,48,130,3,205,48,130,3,114,160,3,2,1,2,2,16,83,100,82,125,214,58,243,187,14,11,131,211,98,161,77,124,48,10,6,8,42,134,72,206,61,4,3,2,48,59,49,11,48,9,6,3,85,4,6,19,2,85,83,49,30,48,28,6,3,85,4,10,19,21,71,111,111,103,108,101,32,84,114,117,115,116,32,83,101,114,118,105,99,101,115,49,12,48,10,6,3,85,4,3,19,3,87,69,49,48,30,23,13,50,53,49,50,49,53,48,51,53,49,51,53,90,23,13,50,54,48,51,49,53,48,52,52,57,48,54,90,48,35,49,33,48,31,6,3,85,4,3,19,24,114,97,106,97,115,101,114,118,101,114,112,114,101,109,105,117,109,46,119,101,98,46,105,100,48,89,48,19,6,7,42,134,72,206,61,2,1,6,8,42,134,72,206,61,3,1,7,3,66,0,4,209,65,248,198,152,178,80,43,76,156,21,181,92,1,237,118,53,13,210,42,15,124,212,102,245,214,179,237,66,78,179,128,178,124,71,4,150,143,103,173,213,93,32,127,178,132,49,155,107,84,200,182,247,77,43,187,116,4,84,48,228,78,239,92,163,130,2,110,48,130,2,106,48,14,6,3,85,29,15,1,1,255,4,4,3,2,7,128,48,19,6,3,85,29,37,4,12,48,10,6,8,43,6,1,5,5,7,3,1,48,12,6,3,85,29,19,1,1,255,4,2,48,0,48,29,6,3,85,29,14,4,22,4,20,139,247,2,230,192,10,215,58,117,122,101,186,168,30,149,38,246,33,63,110,48,31,6,3,85,29,35,4,24,48,22,128,20,144,119,146,53,103,196,255,168,204,169,230,123,217,128,121,123,204,147,249,56,48,94,6,8,43,6,1,5,5,7,1,1,4,82,48,80,48,39,6,8,43,6,1,5,5,7,48,1,134,27,104,116,116,112,58,47,47,111,46,112,107,105,46,103,111,111,103,47,115,47,119,101,49,47,85,50,81,48,37,6,8,43,6,1,5,5,7,48,2,134,25,104,116,116,112,58,47,47,105,46,112,107,105,46,103,111,111,103,47,119,101,49,46,99,114,116,48,63,6,3,85,29,17,4,56,48,54,130,24,114,97,106,97,115,101,114,118,101,114,112,114,101,109,105,117,109,46,119,101,98,46,105,100,130,26,42,46,114,97,106,97,115,101,114,118,101,114,112,114,101,109,105,117,109,46,119,101,98,46,105,100,48,19,6,3,85,29,32,4,12,48,10,48,8,6,6,103,129,12,1,2,1,48,54,6,3,85,29,31,4,47,48,45,48,43,160,41,160,39,134,37,104,116,116,112,58,47,47,99,46,112,107,105,46,103,111,111,103,47,119,101,49,47,66,119,89,107,100,53,88,107,89,56,99,46,99,114,108,48,130,1,5,6,10,43,6,1,4,1,214,121,2,4,2,4,129,246,4,129,243,0,241,0,119,0,100,17,196,108,164,18,236,167,137,28,162,2,46,0,188,171,79,40,7,212,30,53,39,171,234,254,213,3,201,125,205,240,0,0,1,155,32,89,131,239,0,0,4,3,0,72,48,70,2,33,0,200,14,101,120,225,210,194,22,149,176,32,104,187,40,61,59,152,52,162,76,181,1,107,107,34,138,194,10,152,31,67,210,2,33,0,187,47,172,38,105,252,86,88,70,255,204,206,105,116,55,85,230,209,241,104,206,164,37,105,241,129,67,198,103,185,225,129,0,118,0,14,87,148,188,243,174,169,62,51,27,44,153,7,179,247,144,223,155,194,61,113,50,37,221,33,169,37,172,97,197,78,33,0,0,1,155,32,89,132,33,0,0,4,3,0,71,48,69,2,32,124,23,13,124,214,207,104,188,163,13,194,132,106,215,65,63,181,238,171,124,183,6,105,127,159,198,231,84,52,82,168,184,2,33,0,194,221,136,115,191,240,84,86,177,105,57,180,237,26,177,2,186,192,62,120,143,46,7,211,68,212,223,238,47,195,204,255,48,10,6,8,42,134,72,206,61,4,3,2,3,73,0,48,70,2,33,0,196,136,149,225,67,116,128,137,116,100,48,36,4,77,73,93,122,88,9,34,194,24,83,222,208,76,104,232,239,68,178,179,2,33,0,137,111,135,125,148,246,200,35,101,217,140,190,214,214,4,129,43,40,18,114,232,92,81,91,68,7,68,27,45,45,173,126,164,2,4,0,166,30,4,28,97,112,105,46,114,97,106,97,115,101,114,118,101,114,112,114,101,109,105,117,109,46,119,101,98,46,105,100,169,5,2,3,0,253,32,170,129,195,4,129,192,161,94,111,107,150,216,214,252,142,252,177,187,110,191,46,149,108,107,4,211,5,22,11,124,185,243,44,223,12,132,98,164,207,235,2,1,147,230,172,58,198,177,99,195,66,5,195,107,70,234,72,40,91,29,251,12,9,18,133,57,205,21,92,2,94,11,151,125,122,222,72,155,60,124,2,85,60,180,102,144,137,63,231,161,223,7,111,184,118,44,201,197,76,110,88,106,238,233,203,101,208,43,119,149,151,186,101,121,86,20,40,245,14,202,7,245,60,80,135,222,111,40,119,35,246,77,113,57,203,111,19,71,242,249,251,149,5,228,12,14,142,147,74,26,39,158,107,70,32,123,162,245,203,211,5,58,237,109,164,145,120,53,47,10,100,118,57,49,112,213,93,204,108,140,33,229,40,185,43,248,17,182,229,194,44,219,219,248,200,188,65,7,174,6,2,4,57,147,46,193,179,3,2,1,29],"type":"Buffer"}},"_writableState":{"bufferedIndex":0,"corked":0,"highWaterMark":16384,"length":0,"pendingcb":0,"writelen":0},"allowHalfOpen":false,"alpnProtocol":false,"authorizationError":null,"authorized":true,"autoSelectFamilyAttemptedAddresses":["172.67.170.182:443"],"connecting":false,"encrypted":true,"parser":null,"secureConnecting":false,"servername":"api.rajaserverpremium.web.id","ssl":{"_parent":{"onconnection":null,"reading":true},"_parentWrap":null,"_secureContext":{"context":{}},"reading":true},"timeout":5000},"complete":true,"httpVersion":"1.1","httpVersionMajor":1,"httpVersionMinor":1,"method":null,"rawHeaders":["Date","Sat, 17 Jan 2026 18:06:39 GMT","Content-Type","application/json; charset=utf-8","Content-Length","45","Connection","keep-alive","access-control-allow-headers","Content-Type, X-API-Key, Authorization","access-control-allow-methods","GET, POST, PUT, DELETE","access-control-allow-origin","*","Age","0","Cache-Control","public, max-age=0, must-revalidate","etag","W/\"2d-d2fvxHDtVJhbZrJJJbqb3bCDRRw\"","Server","cloudflare","strict-transport-security","max-age=63072000","x-powered-by","Express","x-vercel-cache","MISS","x-vercel-id","sin1::iad1::cn7hf-1768673199579-7e71f2e82bbd","cf-cache-status","DYNAMIC","Nel","{\"report_to\":\"cf-nel\",\"success_fraction\":0.0,\"max_age\":604800}","Report-To","{\"group\":\"cf-nel\",\"max_age\":604800,\"endpoints\":[{\"url\":\"https://a.nel.cloudflare.com/report/v4?s=aEa0HolRdjbesEZaKT4D1xL%2Fc1i4Plfj6o3cU%2B8NsJIzjisbTLNgtghgzDeIKssJzcYoO4NNr%2BP0N2hXY4T6ID7htFYH28B9to%2FHjggBe53%2FoTbCTc3kxEE23mc%3D\"}]}","CF-RAY","9bf7c9a938c7f918-SIN","alt-svc","h3=\":443\"; ma=86400"],"rawTrailers":[],"redirects":[],"req":"[Circular]","responseUrl":"https://api.rajaserverpremium.web.id/orderkuota/createpayment?apikey=AriApiPaymetGetwayMod&amount=50133&codeqr=00020101021126670016COM.NOBUBANK.WWW01189360050300000879140214139599269048920303UMI51440014ID.CO.QRIS.WWW0215ID20253948025940303UMI5204541153033605802ID5919XYUZSTORE%20OK23960556004BONE61059167162070703A01630489F4","socket":null,"statusCode":401,"statusMessage":"Unauthorized","upgrade":false,"url":""},"reusedSocket":false,"sendDate":false,"shouldKeepAlive":true,"socket":{"_SNICallback":null,"_closeAfterHandlingError":false,"_controlReleased":true,"_events":{"close":[null,null,null],"timeout":[null,null]},"_eventsCount":9,"_hadError":false,"_host":"api.rajaserverpremium.web.id","_httpMessage":null,"_newSessionPending":false,"_parent":null,"_pendingData":null,"_pendingEncoding":"","_readableState":{"awaitDrainWriters":null,"buffer":[],"bufferIndex":0,"highWaterMark":16384,"length":0,"pipes":[]},"_rejectUnauthorized":true,"_requestCert":true,"_secureEstablished":true,"_securePending":false,"_server":null,"_sockname":null,"_tlsOptions":{"isServer":false,"pipe":false,"rejectUnauthorized":true,"requestCert":true,"secureContext":{"context":{}},"session":{"data":[48,130,5,64,2,1,1,2,2,3,4,4,2,19,2,4,32,71,198,54,14,148,58,43,134,118,142,127,159,132,189,226,249,38,93,146,173,151,175,87,109,122,155,132,47,203,124,47,91,4,48,66,198,251,37,15,194,48,124,58,124,213,156,116,34,107,177,54,248,131,159,2,125,154,248,159,217,116,38,107,177,178,31,209,237,44,162,235,3,41,112,82,207,134,255,205,130,45,42,161,6,2,4,105,107,207,133,162,4,2,2,28,32,163,130,3,209,48,130,3,205,48,130,3,114,160,3,2,1,2,2,16,83,100,82,125,214,58,243,187,14,11,131,211,98,161,77,124,48,10,6,8,42,134,72,206,61,4,3,2,48,59,49,11,48,9,6,3,85,4,6,19,2,85,83,49,30,48,28,6,3,85,4,10,19,21,71,111,111,103,108,101,32,84,114,117,115,116,32,83,101,114,118,105,99,101,115,49,12,48,10,6,3,85,4,3,19,3,87,69,49,48,30,23,13,50,53,49,50,49,53,48,51,53,49,51,53,90,23,13,50,54,48,51,49,53,48,52,52,57,48,54,90,48,35,49,33,48,31,6,3,85,4,3,19,24,114,97,106,97,115,101,114,118,101,114,112,114,101,109,105,117,109,46,119,101,98,46,105,100,48,89,48,19,6,7,42,134,72,206,61,2,1,6,8,42,134,72,206,61,3,1,7,3,66,0,4,209,65,248,198,152,178,80,43,76,156,21,181,92,1,237,118,53,13,210,42,15,124,212,102,245,214,179,237,66,78,179,128,178,124,71,4,150,143,103,173,213,93,32,127,178,132,49,155,107,84,200,182,247,77,43,187,116,4,84,48,228,78,239,92,163,130,2,110,48,130,2,106,48,14,6,3,85,29,15,1,1,255,4,4,3,2,7,128,48,19,6,3,85,29,37,4,12,48,10,6,8,43,6,1,5,5,7,3,1,48,12,6,3,85,29,19,1,1,255,4,2,48,0,48,29,6,3,85,29,14,4,22,4,20,139,247,2,230,192,10,215,58,117,122,101,186,168,30,149,38,246,33,63,110,48,31,6,3,85,29,35,4,24,48,22,128,20,144,119,146,53,103,196,255,168,204,169,230,123,217,128,121,123,204,147,249,56,48,94,6,8,43,6,1,5,5,7,1,1,4,82,48,80,48,39,6,8,43,6,1,5,5,7,48,1,134,27,104,116,116,112,58,47,47,111,46,112,107,105,46,103,111,111,103,47,115,47,119,101,49,47,85,50,81,48,37,6,8,43,6,1,5,5,7,48,2,134,25,104,116,116,112,58,47,47,105,46,112,107,105,46,103,111,111,103,47,119,101,49,46,99,114,116,48,63,6,3,85,29,17,4,56,48,54,130,24,114,97,106,97,115,101,114,118,101,114,112,114,101,109,105,117,109,46,119,101,98,46,105,100,130,26,42,46,114,97,106,97,115,101,114,118,101,114,112,114,101,109,105,117,109,46,119,101,98,46,105,100,48,19,6,3,85,29,32,4,12,48,10,48,8,6,6,103,129,12,1,2,1,48,54,6,3,85,29,31,4,47,48,45,48,43,160,41,160,39,134,37,104,116,116,112,58,47,47,99,46,112,107,105,46,103,111,111,103,47,119,101,49,47,66,119,89,107,100,53,88,107,89,56,99,46,99,114,108,48,130,1,5,6,10,43,6,1,4,1,214,121,2,4,2,4,129,246,4,129,243,0,241,0,119,0,100,17,196,108,164,18,236,167,137,28,162,2,46,0,188,171,79,40,7,212,30,53,39,171,234,254,213,3,201,125,205,240,0,0,1,155,32,89,131,239,0,0,4,3,0,72,48,70,2,33,0,200,14,101,120,225,210,194,22,149,176,32,104,187,40,61,59,152,52,162,76,181,1,107,107,34,138,194,10,152,31,67,210,2,33,0,187,47,172,38,105,252,86,88,70,255,204,206,105,116,55,85,230,209,241,104,206,164,37,105,241,129,67,198,103,185,225,129,0,118,0,14,87,148,188,243,174,169,62,51,27,44,153,7,179,247,144,223,155,194,61,113,50,37,221,33,169,37,172,97,197,78,33,0,0,1,155,32,89,132,33,0,0,4,3,0,71,48,69,2,32,124,23,13,124,214,207,104,188,163,13,194,132,106,215,65,63,181,238,171,124,183,6,105,127,159,198,231,84,52,82,168,184,2,33,0,194,221,136,115,191,240,84,86,177,105,57,180,237,26,177,2,186,192,62,120,143,46,7,211,68,212,223,238,47,195,204,255,48,10,6,8,42,134,72,206,61,4,3,2,3,73,0,48,70,2,33,0,196,136,149,225,67,116,128,137,116,100,48,36,4,77,73,93,122,88,9,34,194,24,83,222,208,76,104,232,239,68,178,179,2,33,0,137,111,135,125,148,246,200,35,101,217,140,190,214,214,4,129,43,40,18,114,232,92,81,91,68,7,68,27,45,45,173,126,164,2,4,0,166,30,4,28,97,112,105,46,114,97,106,97,115,101,114,118,101,114,112,114,101,109,105,117,109,46,119,101,98,46,105,100,169,5,2,3,0,253,32,170,129,195,4,129,192,161,94,111,107,150,216,214,252,142,252,177,187,110,191,46,149,108,107,4,211,5,22,11,124,185,243,44,223,12,132,98,164,207,235,2,1,147,230,172,58,198,177,99,195,66,5,195,107,70,234,72,40,91,29,251,12,9,18,133,57,205,21,92,2,94,11,151,125,122,222,72,155,60,124,2,85,60,180,102,144,137,63,231,161,223,7,111,184,118,44,201,197,76,110,88,106,238,233,203,101,208,43,119,149,151,186,101,121,86,20,40,245,14,202,7,245,60,80,135,222,111,40,119,35,246,77,113,57,203,111,19,71,242,249,251,149,5,228,12,14,142,147,74,26,39,158,107,70,32,123,162,245,203,211,5,58,237,109,164,145,120,53,47,10,100,118,57,49,112,213,93,204,108,140,33,229,40,185,43,248,17,182,229,194,44,219,219,248,200,188,65,7,174,6,2,4,57,147,46,193,179,3,2,1,29],"type":"Buffer"}},"_writableState":{"bufferedIndex":0,"corked":0,"highWaterMark":16384,"length":0,"pendingcb":0,"writelen":0},"allowHalfOpen":false,"alpnProtocol":false,"authorizationError":null,"authorized":true,"autoSelectFamilyAttemptedAddresses":["172.67.170.182:443"],"connecting":false,"encrypted":true,"parser":null,"secureConnecting":false,"servername":"api.rajaserverpremium.web.id","ssl":{"_parent":{"onconnection":null,"reading":true},"_parentWrap":null,"_secureContext":{"context":{}},"reading":true},"timeout":5000},"strictContentLength":false,"timeoutCb":null,"upgradeOrConnect":false,"useChunkedEncodingByDefault":false,"writable":true},"status":401,"statusText":"Unauthorized"},"stack":"AxiosError: Request failed with status code 401\n    at settle (/root/BotVPN/node_modules/axios/dist/node/axios.cjs:2106:12)\n    at IncomingMessage.handleStreamEnd (/root/BotVPN/node_modules/axios/dist/node/axios.cjs:3491:11)\n    at IncomingMessage.emit (node:events:536:35)\n    at endReadableNT (node:internal/streams/readable:1698:12)\n    at process.processTicksAndRejections (node:internal/process/task_queues:82:21)\n    at Axios.request (/root/BotVPN/node_modules/axios/dist/node/axios.cjs:4731:41)\n    at process.processTicksAndRejections (node:internal/process/task_queues:95:5)\n    at async processResellerUpgradePayment (/root/BotVPN/app.js:6093:19)\n    at async /root/BotVPN/app.js:5295:5\n    at async execute (/root/BotVPN/node_modules/telegraf/lib/composer.js:518:17)\n    at async /root/BotVPN/node_modules/telegraf/lib/composer.js:519:21\n    at async execute (/root/BotVPN/node_modules/telegraf/lib/composer.js:518:17)\n    at async /root/BotVPN/node_modules/telegraf/lib/composer.js:519:21\n    at async execute (/root/BotVPN/node_modules/telegraf/lib/composer.js:518:17)\n    at async /root/BotVPN/node_modules/telegraf/lib/composer.js:519:21","status":401,"timestamp":"2026-01-17T18:06:03.182Z"}
info: Main menu sent {"timestamp":"2026-01-17T20:00:37.472Z"}
info: trial service menu sent {"timestamp":"2026-01-17T20:00:40.353Z"}
info: Main menu sent {"timestamp":"2026-01-17T21:27:32.299Z"}
info: create service menu sent {"timestamp":"2026-01-17T21:27:39.894Z"}
info: Main menu sent {"timestamp":"2026-01-17T21:28:02.263Z"}
info: Main menu sent {"timestamp":"2026-01-17T21:33:37.546Z"}
info: 🔍 User 756200352 memulai proses top-up saldo. {"timestamp":"2026-01-17T21:33:40.008Z"}
info: Payment processed successfully for user-756200352-1768685626376 {"timestamp":"2026-01-17T21:35:32.149Z"}
info: Main menu sent {"timestamp":"2026-01-17T21:35:54.068Z"}
info: create service menu sent {"timestamp":"2026-01-17T21:35:57.328Z"}
✅ total_create_akun ZIVPN++ untuk serverId 98 (exp=10)
info: Account create sukses untuk user 756200352, type: zivpn {"timestamp":"2026-01-17T21:36:16.862Z"}
info: Main menu sent {"timestamp":"2026-01-17T23:04:54.361Z"}
info: create service menu sent {"timestamp":"2026-01-17T23:04:57.055Z"}
Creating VMESS account for desi with expiry 7 days
✅ total_create_akun++ untuk serverId 90 (exp=7)
info: Account create sukses untuk user 6202490359, type: vmess {"timestamp":"2026-01-17T23:05:28.111Z"}
info: Main menu sent {"timestamp":"2026-01-17T23:59:10.672Z"}
info: trial service menu sent {"timestamp":"2026-01-17T23:59:12.938Z"}
info: ✅ Trial vmess dibuat oleh 7734149407 {"timestamp":"2026-01-17T23:59:23.251Z"}
Creating VMess account for trial-69r4x with expiry none days, quota 1 GB, IP limit 1
info: Main menu sent {"timestamp":"2026-01-18T00:04:40.937Z"}
info: 🔍 User 7734149407 memulai proses top-up saldo. {"timestamp":"2026-01-18T00:04:45.677Z"}
info: Payment processed successfully for user-7734149407-1768694697130 {"timestamp":"2026-01-18T00:05:32.748Z"}
info: Main menu sent {"timestamp":"2026-01-18T00:05:39.254Z"}
info: create service menu sent {"timestamp":"2026-01-18T00:05:42.320Z"}
Creating VMESS account for riyansunu with expiry 30 days
✅ total_create_akun++ untuk serverId 78 (exp=30)
info: Account create sukses untuk user 7734149407, type: vmess {"timestamp":"2026-01-18T00:06:14.689Z"}
info: Main menu sent {"timestamp":"2026-01-18T00:18:27.029Z"}
info: Main menu sent {"timestamp":"2026-01-18T01:00:42.136Z"}
info: create service menu sent {"timestamp":"2026-01-18T01:00:49.368Z"}
Creating VMESS account for sarahobo with expiry 5 days
✅ total_create_akun++ untuk serverId 93 (exp=5)
info: Account create sukses untuk user 6202490359, type: vmess {"timestamp":"2026-01-18T01:01:31.154Z"}
info: Main menu sent {"timestamp":"2026-01-18T01:29:30.436Z"}
info: create service menu sent {"timestamp":"2026-01-18T01:29:32.427Z"}
Creating VMESS account for ibengarara with expiry 7 days
✅ total_create_akun++ untuk serverId 92 (exp=7)
info: Account create sukses untuk user 6202490359, type: vmess {"timestamp":"2026-01-18T01:30:04.476Z"}
info: Main menu sent {"timestamp":"2026-01-18T03:13:31.083Z"}
info: 🔍 User 8192409872 memulai proses top-up saldo. {"timestamp":"2026-01-18T03:46:55.521Z"}
info: Payment processed successfully for user-8192409872-1768708022777 {"timestamp":"2026-01-18T03:48:13.727Z"}
info: Main menu sent {"timestamp":"2026-01-18T03:48:44.102Z"}
info: create service menu sent {"timestamp":"2026-01-18T03:48:45.819Z"}
⚠️ Exp ZIVPN 1 hari tidak dicatat ke total_create_akun
info: Account create sukses untuk user 8192409872, type: zivpn {"timestamp":"2026-01-18T03:49:07.949Z"}
info: create service menu sent {"timestamp":"2026-01-18T04:12:44.786Z"}
info: Main menu sent {"timestamp":"2026-01-18T04:13:11.165Z"}
info: create service menu sent {"timestamp":"2026-01-18T04:13:13.987Z"}
info: Main menu sent {"timestamp":"2026-01-18T04:40:23.768Z"}
info: Main menu sent {"timestamp":"2026-01-18T04:57:17.409Z"}
info: create service menu sent {"timestamp":"2026-01-18T04:57:21.224Z"}
info: Main menu sent {"timestamp":"2026-01-18T05:30:05.653Z"}
info: create service menu sent {"timestamp":"2026-01-18T05:30:09.371Z"}
info: Main menu sent {"timestamp":"2026-01-18T05:30:15.096Z"}
info: Main menu sent {"timestamp":"2026-01-18T05:54:36.908Z"}
info: create service menu sent {"timestamp":"2026-01-18T05:59:26.904Z"}
info: Main menu sent {"timestamp":"2026-01-18T05:59:46.162Z"}
info: renew service menu sent {"timestamp":"2026-01-18T05:59:55.837Z"}
info: Main menu sent {"timestamp":"2026-01-18T06:00:03.737Z"}
info: Main menu sent {"timestamp":"2026-01-18T06:00:45.090Z"}
info: create service menu sent {"timestamp":"2026-01-18T06:00:52.918Z"}
info: Main menu sent {"timestamp":"2026-01-18T06:01:14.087Z"}
info: 🔍 User 6323608762 memulai proses top-up saldo. {"timestamp":"2026-01-18T06:01:17.164Z"}
info: Payment processed successfully for user-6323608762-1768716082806 {"timestamp":"2026-01-18T06:02:03.762Z"}
info: Main menu sent {"timestamp":"2026-01-18T06:03:02.089Z"}
info: 🔍 User 8001507141 memulai proses top-up saldo. {"timestamp":"2026-01-18T06:03:04.588Z"}
info: Payment processed successfully for user-8001507141-1768716195611 {"timestamp":"2026-01-18T06:05:33.727Z"}
info: Main menu sent {"timestamp":"2026-01-18T06:05:48.813Z"}
info: create service menu sent {"timestamp":"2026-01-18T06:05:50.707Z"}
Creating SSH account for saya1 with expiry 7 days, IP limit 2
✅ total_create_akun++ untuk serverId 80 (exp=7)
info: Account create sukses untuk user 8001507141, type: ssh {"timestamp":"2026-01-18T06:06:21.837Z"}
info: Main menu sent {"timestamp":"2026-01-18T06:07:33.482Z"}
info: Main menu sent {"timestamp":"2026-01-18T06:18:01.683Z"}
info: create service menu sent {"timestamp":"2026-01-18T06:18:03.478Z"}
⚠️ Exp ZIVPN 1 hari tidak dicatat ke total_create_akun
info: Account create sukses untuk user 6323608762, type: zivpn {"timestamp":"2026-01-18T06:18:22.917Z"}
info: Main menu sent {"timestamp":"2026-01-18T07:20:37.027Z"}
info: renew service menu sent {"timestamp":"2026-01-18T07:20:52.848Z"}
info: Main menu sent {"timestamp":"2026-01-18T07:21:10.187Z"}
info: renew service menu sent {"timestamp":"2026-01-18T07:21:16.878Z"}
Renewing SSH account for bastian with expiry 1 days, limit IP 2 on server 78
⚠️ Exp 1 hari tidak dicatat (kurang dari 30 atau lebih dari 135)
info: Account renew sukses untuk user 6323608762, type: ssh {"timestamp":"2026-01-18T07:22:09.562Z"}
info: Main menu sent {"timestamp":"2026-01-18T08:58:23.371Z"}
info: Main menu sent {"timestamp":"2026-01-18T09:56:32.124Z"}
info: Main menu sent {"timestamp":"2026-01-18T09:59:42.124Z"}
info: create service menu sent {"timestamp":"2026-01-18T09:59:44.527Z"}
⚠️ Exp ZIVPN 1 hari tidak dicatat ke total_create_akun
info: Account create sukses untuk user 689357426, type: zivpn {"timestamp":"2026-01-18T10:00:02.147Z"}
info: Main menu sent {"timestamp":"2026-01-18T10:34:10.346Z"}
info: create service menu sent {"timestamp":"2026-01-18T10:34:18.127Z"}
info: Main menu sent {"timestamp":"2026-01-18T10:34:34.549Z"}
info: 🔍 User 8207886584 memulai proses top-up saldo. {"timestamp":"2026-01-18T10:34:44.620Z"}
info: Main menu sent {"timestamp":"2026-01-18T10:35:44.069Z"}
info: 🔍 User 8207886584 memulai proses top-up saldo. {"timestamp":"2026-01-18T10:35:46.644Z"}
info: Main menu sent {"timestamp":"2026-01-18T10:36:36.557Z"}
info: 🔍 User 8207886584 memulai proses top-up saldo. {"timestamp":"2026-01-18T10:36:42.202Z"}
info: Main menu sent {"timestamp":"2026-01-18T10:36:56.289Z"}
info: Main menu sent {"timestamp":"2026-01-18T10:37:17.711Z"}
info: create service menu sent {"timestamp":"2026-01-18T10:37:19.492Z"}
info: Main menu sent {"timestamp":"2026-01-18T10:38:18.379Z"}
info: Payment processed successfully for user-8207886584-1768732559262 {"timestamp":"2026-01-18T10:39:04.717Z"}
info: Main menu sent {"timestamp":"2026-01-18T10:39:13.342Z"}
info: create service menu sent {"timestamp":"2026-01-18T10:39:18.880Z"}
info: Main menu sent {"timestamp":"2026-01-18T10:39:45.951Z"}
info: create service menu sent {"timestamp":"2026-01-18T10:39:48.365Z"}
info: Main menu sent {"timestamp":"2026-01-18T10:39:58.020Z"}
info: create service menu sent {"timestamp":"2026-01-18T10:40:02.603Z"}
info: Main menu sent {"timestamp":"2026-01-18T10:40:23.158Z"}
info: create service menu sent {"timestamp":"2026-01-18T10:40:36.204Z"}
info: Main menu sent {"timestamp":"2026-01-18T10:40:40.196Z"}
info: trial service menu sent {"timestamp":"2026-01-18T10:40:43.987Z"}
info: Main menu sent {"timestamp":"2026-01-18T10:40:54.740Z"}
info: create service menu sent {"timestamp":"2026-01-18T10:40:58.203Z"}
⚠️ Exp ZIVPN 1 hari tidak dicatat ke total_create_akun
info: Account create sukses untuk user 8207886584, type: zivpn {"timestamp":"2026-01-18T10:41:42.148Z"}
info: Main menu sent {"timestamp":"2026-01-18T12:10:08.828Z"}
info: renew service menu sent {"timestamp":"2026-01-18T12:10:14.423Z"}
Renewing SSH account for bastian with expiry 5 days, limit IP 2 on server 78
✅ total_create_akun diperbarui untuk serverId 78 dengan exp 5
info: Account renew sukses untuk user 6323608762, type: ssh {"timestamp":"2026-01-18T12:10:43.145Z"}
info: Main menu sent {"timestamp":"2026-01-18T12:11:06.187Z"}
info: Main menu sent {"timestamp":"2026-01-18T13:55:01.335Z"}
info: create service menu sent {"timestamp":"2026-01-18T13:55:03.865Z"}
info: Main menu sent {"timestamp":"2026-01-18T13:55:26.662Z"}
info: Main menu sent {"timestamp":"2026-01-18T13:55:44.767Z"}
info: 🔍 User 7140057977 memulai proses top-up saldo. {"timestamp":"2026-01-18T13:55:50.490Z"}
info: Main menu sent {"timestamp":"2026-01-18T13:56:29.241Z"}
info: create service menu sent {"timestamp":"2026-01-18T13:56:34.595Z"}
info: 🔍 User 6323608762 memulai proses top-up saldo. {"timestamp":"2026-01-18T14:01:05.923Z"}
info: Main menu sent {"timestamp":"2026-01-18T14:45:31.826Z"}
info: trial service menu sent {"timestamp":"2026-01-18T14:45:35.331Z"}
info: Main menu sent {"timestamp":"2026-01-18T14:45:49.453Z"}
info: trial service menu sent {"timestamp":"2026-01-18T14:45:52.718Z"}
info: Main menu sent {"timestamp":"2026-01-18T14:45:56.318Z"}
info: trial service menu sent {"timestamp":"2026-01-18T14:46:02.055Z"}
info: Main menu sent {"timestamp":"2026-01-18T14:48:16.620Z"}
info: create service menu sent {"timestamp":"2026-01-18T14:48:25.514Z"}
info: Main menu sent {"timestamp":"2026-01-18T14:52:30.172Z"}
info: create service menu sent {"timestamp":"2026-01-18T14:52:49.035Z"}
info: Main menu sent {"timestamp":"2026-01-18T14:53:07.846Z"}
info: create service menu sent {"timestamp":"2026-01-18T14:53:10.118Z"}
info: Main menu sent {"timestamp":"2026-01-18T14:54:32.142Z"}
info: 🔍 User 8169707317 memulai proses top-up saldo. {"timestamp":"2026-01-18T14:54:34.980Z"}
info: Main menu sent {"timestamp":"2026-01-18T15:06:28.096Z"}
info: Main menu sent {"timestamp":"2026-01-18T15:06:59.377Z"}
info: 🔍 User 8169707317 memulai proses top-up saldo. {"timestamp":"2026-01-18T15:07:10.678Z"}
info: Main menu sent {"timestamp":"2026-01-18T15:13:18.835Z"}
info: renew service menu sent {"timestamp":"2026-01-18T15:13:27.039Z"}
info: Main menu sent {"timestamp":"2026-01-18T15:13:32.787Z"}
info: create service menu sent {"timestamp":"2026-01-18T15:13:36.969Z"}
info: Main menu sent {"timestamp":"2026-01-18T15:13:42.774Z"}
info: Main menu sent {"timestamp":"2026-01-18T15:13:49.102Z"}
info: create service menu sent {"timestamp":"2026-01-18T15:13:51.230Z"}
info: Main menu sent {"timestamp":"2026-01-18T15:13:52.695Z"}
info: create service menu sent {"timestamp":"2026-01-18T15:13:54.257Z"}
info: Main menu sent {"timestamp":"2026-01-18T15:14:11.900Z"}
Creating SSH account for wahyu with expiry 30 days, IP limit 2
error: Rollback saldo user 7768199065 (create gagal), respon: ❌  respons error:
username akun sudah di gunakan
masukan username baru! {"timestamp":"2026-01-18T15:14:17.297Z"}
info: create service menu sent {"timestamp":"2026-01-18T15:14:20.055Z"}
info: Main menu sent {"timestamp":"2026-01-18T15:14:22.554Z"}
info: create service menu sent {"timestamp":"2026-01-18T15:14:24.087Z"}
Creating SSH account for wahyuu with expiry 30 days, IP limit 2
✅ total_create_akun++ untuk serverId 80 (exp=30)
info: Account create sukses untuk user 7768199065, type: ssh {"timestamp":"2026-01-18T15:14:48.075Z"}
info: Main menu sent {"timestamp":"2026-01-18T15:20:56.098Z"}
info: Main menu sent {"timestamp":"2026-01-18T15:21:20.479Z"}
info: create service menu sent {"timestamp":"2026-01-18T15:24:16.785Z"}
info: Main menu sent {"timestamp":"2026-01-18T15:25:51.736Z"}
info: 🔍 User 8169707317 memulai proses top-up saldo. {"timestamp":"2026-01-18T15:25:54.735Z"}
info: Main menu sent {"timestamp":"2026-01-18T15:27:00.077Z"}
info: 🔍 User 8169707317 memulai proses top-up saldo. {"timestamp":"2026-01-18T15:27:01.691Z"}
info: Main menu sent {"timestamp":"2026-01-18T15:27:28.874Z"}
info: 🔍 User 8169707317 memulai proses top-up saldo. {"timestamp":"2026-01-18T15:27:31.170Z"}
info: Main menu sent {"timestamp":"2026-01-18T15:31:26.082Z"}
info: Main menu sent {"timestamp":"2026-01-18T15:34:55.746Z"}
info: Main menu sent {"timestamp":"2026-01-18T15:41:02.599Z"}
info: 🔍 User 8169707317 memulai proses top-up saldo. {"timestamp":"2026-01-18T15:41:04.334Z"}
info: Main menu sent {"timestamp":"2026-01-18T15:41:24.365Z"}
info: 🔍 User 8169707317 memulai proses top-up saldo. {"timestamp":"2026-01-18T15:41:26.087Z"}
info: Main menu sent {"timestamp":"2026-01-18T16:27:26.173Z"}
info: Main menu sent {"timestamp":"2026-01-18T16:41:11.527Z"}
info: create service menu sent {"timestamp":"2026-01-18T16:41:16.155Z"}
info: Main menu sent {"timestamp":"2026-01-18T16:41:27.539Z"}
info: 🔍 User 8169707317 memulai proses top-up saldo. {"timestamp":"2026-01-18T16:41:29.284Z"}
info: Main menu sent {"timestamp":"2026-01-18T16:43:55.781Z"}
info: Main menu sent {"timestamp":"2026-01-18T16:44:22.312Z"}
info: create service menu sent {"timestamp":"2026-01-18T16:44:24.382Z"}
info: Main menu sent {"timestamp":"2026-01-18T16:44:27.289Z"}
info: 🔍 User 8169707317 memulai proses top-up saldo. {"timestamp":"2026-01-18T16:44:29.464Z"}
info: Main menu sent {"timestamp":"2026-01-18T16:55:01.123Z"}
info: 🔍 User 8169707317 memulai proses top-up saldo. {"timestamp":"2026-01-18T16:55:02.691Z"}
info: Main menu sent {"timestamp":"2026-01-18T17:55:23.387Z"}
info: create service menu sent {"timestamp":"2026-01-18T17:55:25.705Z"}
info: Main menu sent {"timestamp":"2026-01-18T17:56:07.419Z"}
info: Main menu sent {"timestamp":"2026-01-18T17:57:19.069Z"}
info: create service menu sent {"timestamp":"2026-01-18T17:57:26.625Z"}
info: Main menu sent {"timestamp":"2026-01-18T17:59:43.344Z"}
info: Main menu sent {"timestamp":"2026-01-19T01:46:33.308Z"}
info: create service menu sent {"timestamp":"2026-01-19T01:46:40.701Z"}
Creating VMESS account for kanyek with expiry 1 days
error: Rollback saldo user 6294105375 (create gagal), respon: ❌  username akun sudah di gunakan
masukan username baru! {"timestamp":"2026-01-19T01:47:09.472Z"}
Creating VMESS account for kanyek with expiry 1 days
error: Rollback saldo user 6294105375 (create gagal), respon: ❌  username akun sudah di gunakan
masukan username baru! {"timestamp":"2026-01-19T01:47:31.290Z"}
Creating VMESS account for kitul with expiry 1 days
⚠️ Exp 1 hari tidak dicatat ke total_create_akun
info: Account create sukses untuk user 6294105375, type: vmess {"timestamp":"2026-01-19T01:47:55.801Z"}
info: Main menu sent {"timestamp":"2026-01-19T01:57:25.262Z"}
info: 🔍 User 7275025627 memulai proses top-up saldo. {"timestamp":"2026-01-19T02:55:44.966Z"}
error: Gagal deleteMessage di topup_saldo: 400: Bad Request: message can't be deleted for everyone {"on":{"method":"deleteMessage","payload":{"chat_id":7275025627,"message_id":35958}},"response":{"description":"Bad Request: message can't be deleted for everyone","error_code":400,"ok":false},"stack":"Error: 400: Bad Request: message can't be deleted for everyone\n    at Telegram.callApi (/root/BotVPN/node_modules/telegraf/lib/core/network/client.js:315:19)\n    at process.processTicksAndRejections (node:internal/process/task_queues:95:5)\n    at async /root/BotVPN/app.js:5314:7\n    at async execute (/root/BotVPN/node_modules/telegraf/lib/composer.js:518:17)\n    at async /root/BotVPN/node_modules/telegraf/lib/composer.js:519:21\n    at async execute (/root/BotVPN/node_modules/telegraf/lib/composer.js:518:17)\n    at async /root/BotVPN/node_modules/telegraf/lib/composer.js:519:21\n    at async execute (/root/BotVPN/node_modules/telegraf/lib/composer.js:518:17)\n    at async /root/BotVPN/node_modules/telegraf/lib/composer.js:519:21\n    at async execute (/root/BotVPN/node_modules/telegraf/lib/composer.js:518:17)","timestamp":"2026-01-19T02:55:45.142Z"}
info: Payment processed successfully for user-7275025627-1768791348428 {"timestamp":"2026-01-19T02:56:38.452Z"}
info: Main menu sent {"timestamp":"2026-01-19T02:56:43.037Z"}
info: trial service menu sent {"timestamp":"2026-01-19T02:56:44.979Z"}
info: ✅ Trial zivpn dibuat oleh 7275025627 {"timestamp":"2026-01-19T02:56:52.940Z"}
info: Main menu sent {"timestamp":"2026-01-19T06:32:25.745Z"}
info: Main menu sent {"timestamp":"2026-01-19T06:41:50.175Z"}
info: create service menu sent {"timestamp":"2026-01-19T06:41:53.345Z"}
TelegramError: 400: Bad Request: can't parse entities: Character '!' is reserved and must be escaped with the preceding '\'
    at Telegram.callApi (/root/BotVPN/node_modules/telegraf/lib/core/network/client.js:315:19)
    at process.processTicksAndRejections (node:internal/process/task_queues:95:5) {
  response: {
    ok: false,
    error_code: 400,
    description: "Bad Request: can't parse entities: Character '!' is reserved and must be escaped with the preceding '\\'"
  },
  on: {
    method: 'sendMessage',
    payload: {
      chat_id: 7768199065,
      message_thread_id: undefined,
      parse_mode: 'MarkdownV2',
      text: '*Broadcast Selesai!*\n' +
        '\n' +
        'Berhasil  : `296`\n' +
        'Gagal     : `4`\n' +
        'Dihapus   : `4`\n' +
        'Sisa user : `296`'
    }
  }
}
info: Main menu sent {"timestamp":"2026-01-19T06:59:04.709Z"}
info: create service menu sent {"timestamp":"2026-01-19T06:59:06.680Z"}
Creating VMESS account for buce with expiry 7 days
✅ total_create_akun++ untuk serverId 93 (exp=7)
info: Account create sukses untuk user 6202490359, type: vmess {"timestamp":"2026-01-19T06:59:57.468Z"}
info: Main menu sent {"timestamp":"2026-01-19T07:00:12.625Z"}
info: create service menu sent {"timestamp":"2026-01-19T07:00:19.306Z"}
info: Main menu sent {"timestamp":"2026-01-19T07:00:31.848Z"}
info: Main menu sent {"timestamp":"2026-01-19T07:04:12.723Z"}
info: 🔍 User 6323608762 memulai proses top-up saldo. {"timestamp":"2026-01-19T07:04:15.304Z"}
info: Main menu sent {"timestamp":"2026-01-19T07:06:29.538Z"}
info: create service menu sent {"timestamp":"2026-01-19T07:06:32.811Z"}
Creating VMESS account for alfa with expiry 7 days
✅ total_create_akun++ untuk serverId 92 (exp=7)
info: Account create sukses untuk user 6202490359, type: vmess {"timestamp":"2026-01-19T07:07:07.692Z"}
info: Main menu sent {"timestamp":"2026-01-19T07:55:28.367Z"}
info: create service menu sent {"timestamp":"2026-01-19T07:55:37.264Z"}
info: Main menu sent {"timestamp":"2026-01-19T08:01:07.006Z"}
info: create service menu sent {"timestamp":"2026-01-19T08:01:09.688Z"}
Creating SSH account for nakenmastur with expiry 7 days, IP limit 2
✅ total_create_akun++ untuk serverId 90 (exp=7)
info: Account create sukses untuk user 6202490359, type: ssh {"timestamp":"2026-01-19T08:01:44.176Z"}
info: Main menu sent {"timestamp":"2026-01-19T08:22:40.352Z"}
Renewing VMess account for firmangarara with expiry 7 days, quota 200 GB, limit IP 2
✅ total_create_akun diperbarui untuk serverId 92 dengan exp 7
info: Account renew sukses untuk user 6202490359, type: vmess {"timestamp":"2026-01-19T08:23:30.582Z"}
info: Main menu sent {"timestamp":"2026-01-19T08:24:24.572Z"}
info: 🔍 User 6323608762 memulai proses top-up saldo. {"timestamp":"2026-01-19T08:24:27.093Z"}
info: Payment processed successfully for user-6323608762-1768811071516 {"timestamp":"2026-01-19T08:25:09.396Z"}
info: Main menu sent {"timestamp":"2026-01-19T09:10:28.761Z"}
info: create service menu sent {"timestamp":"2026-01-19T09:10:42.268Z"}
info: Main menu sent {"timestamp":"2026-01-19T09:11:08.521Z"}
info: 🔍 User 8511207795 memulai proses top-up saldo. {"timestamp":"2026-01-19T09:11:11.454Z"}
info: Main menu sent {"timestamp":"2026-01-19T10:17:21.628Z"}
info: Main menu sent {"timestamp":"2026-01-19T10:21:32.515Z"}
info: Main menu sent {"timestamp":"2026-01-19T10:24:08.341Z"}
info: renew service menu sent {"timestamp":"2026-01-19T10:24:16.353Z"}
info: Main menu sent {"timestamp":"2026-01-19T10:24:29.253Z"}
info: create service menu sent {"timestamp":"2026-01-19T10:24:58.319Z"}
info: Main menu sent {"timestamp":"2026-01-19T10:25:05.915Z"}
info: create service menu sent {"timestamp":"2026-01-19T10:25:07.896Z"}
info: Main menu sent {"timestamp":"2026-01-19T10:25:12.249Z"}
info: renew service menu sent {"timestamp":"2026-01-19T10:25:16.680Z"}
info: Main menu sent {"timestamp":"2026-01-19T10:28:54.928Z"}
info: Main menu sent {"timestamp":"2026-01-19T10:37:41.377Z"}
info: Main menu sent {"timestamp":"2026-01-19T10:38:07.820Z"}
info: renew service menu sent {"timestamp":"2026-01-19T10:38:12.751Z"}
info: Main menu sent {"timestamp":"2026-01-19T10:38:38.079Z"}
info: Main menu sent {"timestamp":"2026-01-19T11:53:09.300Z"}
info: 🔍 User 7116741860 memulai proses top-up saldo. {"timestamp":"2026-01-19T11:53:13.678Z"}
info: Main menu sent {"timestamp":"2026-01-19T12:52:41.819Z"}
info: create service menu sent {"timestamp":"2026-01-19T12:52:45.966Z"}
info: create service menu sent {"timestamp":"2026-01-19T13:14:17.028Z"}
✅ total_create_akun ZIVPN++ untuk serverId 98 (exp=5)
info: Account create sukses untuk user 8192409872, type: zivpn {"timestamp":"2026-01-19T13:14:39.215Z"}
info: Main menu sent {"timestamp":"2026-01-19T13:59:18.894Z"}
info: Main menu sent {"timestamp":"2026-01-19T14:37:59.350Z"}
info: Main menu sent {"timestamp":"2026-01-19T14:44:26.184Z"}
info: Main menu sent {"timestamp":"2026-01-19T14:44:51.996Z"}
info: create service menu sent {"timestamp":"2026-01-19T14:44:53.845Z"}
info: Main menu sent {"timestamp":"2026-01-19T14:45:05.922Z"}
info: Main menu sent {"timestamp":"2026-01-19T15:02:22.638Z"}
info: create service menu sent {"timestamp":"2026-01-19T15:02:27.202Z"}
info: Main menu sent {"timestamp":"2026-01-19T15:09:44.004Z"}
info: create service menu sent {"timestamp":"2026-01-19T15:09:49.035Z"}
info: Main menu sent {"timestamp":"2026-01-19T15:10:00.592Z"}
info: Main menu sent {"timestamp":"2026-01-19T15:10:53.731Z"}
info: Main menu sent {"timestamp":"2026-01-19T15:13:26.601Z"}
info: create service menu sent {"timestamp":"2026-01-19T15:13:28.545Z"}
info: Main menu sent {"timestamp":"2026-01-19T15:24:08.262Z"}
info: create service menu sent {"timestamp":"2026-01-19T15:24:10.438Z"}
✅ total_create_akun ZIVPN++ untuk serverId 99 (exp=30)
info: Account create sukses untuk user 8029465743, type: zivpn {"timestamp":"2026-01-19T15:24:34.705Z"}
info: Admin menu requested {"timestamp":"2026-01-19T15:29:17.461Z"}
info: Admin menu sent as new message {"timestamp":"2026-01-19T15:29:18.003Z"}
info: Admin 7768199065 mengecek saldo user 8029465743: Rp29760 {"timestamp":"2026-01-19T15:29:21.385Z"}
info: Main menu sent {"timestamp":"2026-01-19T15:29:58.601Z"}
info: Main menu sent {"timestamp":"2026-01-19T15:53:52.939Z"}
info: create service menu sent {"timestamp":"2026-01-19T15:53:59.912Z"}
Creating VMESS account for darmajesika with expiry 7 days
✅ total_create_akun++ untuk serverId 91 (exp=7)
info: Account create sukses untuk user 6202490359, type: vmess {"timestamp":"2026-01-19T15:55:10.257Z"}
info: Admin 7768199065 mengecek saldo user 6202490359: Rp9090 {"timestamp":"2026-01-19T15:55:32.778Z"}
info: Main menu sent {"timestamp":"2026-01-19T16:04:34.514Z"}
info: Main menu sent {"timestamp":"2026-01-19T18:31:59.256Z"}
info: Main menu sent {"timestamp":"2026-01-19T18:52:31.152Z"}
info: 🔍 User 2097559075 memulai proses top-up saldo. {"timestamp":"2026-01-19T18:52:44.292Z"}
info: Main menu sent {"timestamp":"2026-01-19T18:52:51.189Z"}
info: create service menu sent {"timestamp":"2026-01-19T18:53:17.594Z"}
info: Main menu sent {"timestamp":"2026-01-19T18:53:45.453Z"}
info: Main menu sent {"timestamp":"2026-01-19T21:07:47.437Z"}
info: create service menu sent {"timestamp":"2026-01-19T21:07:49.542Z"}
error: Rollback saldo user 689357426 (create gagal), respon: ❌  gagal membuat akun zivpn:
username akun sudah di gunakan
masukan username baru! {"timestamp":"2026-01-19T21:08:02.146Z"}
info: Main menu sent {"timestamp":"2026-01-19T21:08:12.232Z"}
info: renew service menu sent {"timestamp":"2026-01-19T21:08:19.193Z"}
info: Main menu sent {"timestamp":"2026-01-19T21:08:42.054Z"}
info: create service menu sent {"timestamp":"2026-01-19T21:08:46.076Z"}
⚠️ Exp ZIVPN 1 hari tidak dicatat ke total_create_akun
info: Account create sukses untuk user 689357426, type: zivpn {"timestamp":"2026-01-19T21:09:09.976Z"}
info: Main menu sent {"timestamp":"2026-01-19T22:05:12.342Z"}
info: create service menu sent {"timestamp":"2026-01-19T22:05:15.271Z"}
info: Main menu sent {"timestamp":"2026-01-19T22:20:00.181Z"}
info: 🔍 User 6294105375 memulai proses top-up saldo. {"timestamp":"2026-01-19T22:21:17.859Z"}
info: Main menu sent {"timestamp":"2026-01-19T22:21:31.758Z"}
info: create service menu sent {"timestamp":"2026-01-19T22:25:49.175Z"}
info: Main menu sent {"timestamp":"2026-01-19T22:26:12.829Z"}
info: create service menu sent {"timestamp":"2026-01-19T22:26:26.961Z"}
Creating VMESS account for sloter with expiry 1 days
⚠️ Exp 1 hari tidak dicatat ke total_create_akun
info: Account create sukses untuk user 6294105375, type: vmess {"timestamp":"2026-01-19T22:26:54.813Z"}
info: Main menu sent {"timestamp":"2026-01-19T22:36:00.955Z"}
info: create service menu sent {"timestamp":"2026-01-19T22:36:04.483Z"}
info: Main menu sent {"timestamp":"2026-01-19T22:41:56.706Z"}
info: 🔍 User 7082484465 memulai proses top-up saldo. {"timestamp":"2026-01-19T23:54:50.261Z"}
info: Main menu sent {"timestamp":"2026-01-19T23:55:03.036Z"}
info: 🔍 User 7082484465 memulai proses top-up saldo. {"timestamp":"2026-01-19T23:55:05.283Z"}
info: Main menu sent {"timestamp":"2026-01-19T23:55:16.265Z"}
info: 🔍 User 7082484465 memulai proses top-up saldo. {"timestamp":"2026-01-19T23:55:17.827Z"}
info: Main menu sent {"timestamp":"2026-01-19T23:56:55.581Z"}
info: Payment processed successfully for user-7082484465-1768866922810 {"timestamp":"2026-01-19T23:58:52.735Z"}
info: Main menu sent {"timestamp":"2026-01-19T23:59:02.703Z"}
info: Main menu sent {"timestamp":"2026-01-20T00:01:32.006Z"}
info: trial service menu sent {"timestamp":"2026-01-20T00:50:16.563Z"}
info: ✅ Trial ssh dibuat oleh 7082484465 {"timestamp":"2026-01-20T00:50:22.417Z"}
Creating SSH account for trial-rjot3 with expiry 1 days, IP limit 1, and password none
info: Main menu sent {"timestamp":"2026-01-20T01:33:59.122Z"}
info: Main menu sent {"timestamp":"2026-01-20T01:38:53.745Z"}
info: Main menu sent {"timestamp":"2026-01-20T01:46:33.342Z"}
info: create service menu sent {"timestamp":"2026-01-20T01:46:39.039Z"}
Creating VMESS account for giogarara with expiry 7 days
✅ total_create_akun++ untuk serverId 92 (exp=7)
info: Account create sukses untuk user 6202490359, type: vmess {"timestamp":"2026-01-20T01:47:17.565Z"}
info: Main menu sent {"timestamp":"2026-01-20T02:23:14.165Z"}
info: Main menu sent {"timestamp":"2026-01-20T02:39:58.650Z"}
info: create service menu sent {"timestamp":"2026-01-20T02:40:03.954Z"}
info: Main menu sent {"timestamp":"2026-01-20T02:40:16.063Z"}
info: 🔍 User 5791333316 memulai proses top-up saldo. {"timestamp":"2026-01-20T02:40:28.864Z"}
info: Main menu sent {"timestamp":"2026-01-20T02:46:17.850Z"}
info: Main menu sent {"timestamp":"2026-01-20T02:56:03.129Z"}
info: Main menu sent {"timestamp":"2026-01-20T02:56:20.027Z"}
info: Main menu sent {"timestamp":"2026-01-20T02:56:41.795Z"}
info: create service menu sent {"timestamp":"2026-01-20T02:56:43.265Z"}
info: Main menu sent {"timestamp":"2026-01-20T03:02:29.052Z"}
info: Main menu sent {"timestamp":"2026-01-20T03:51:54.496Z"}
info: create service menu sent {"timestamp":"2026-01-20T03:52:02.471Z"}
info: Main menu sent {"timestamp":"2026-01-20T03:52:04.786Z"}
info: Main menu sent {"timestamp":"2026-01-20T03:52:14.236Z"}
info: Main menu sent {"timestamp":"2026-01-20T04:31:30.718Z"}
info: Main menu sent {"timestamp":"2026-01-20T04:35:52.333Z"}
info: create service menu sent {"timestamp":"2026-01-20T04:35:54.367Z"}
Creating VLESS account for zaidmastur with expiry 7 days
✅ total_create_akun++ untuk serverId 92 (exp=7)
info: Account create sukses untuk user 6202490359, type: vless {"timestamp":"2026-01-20T04:36:20.956Z"}
info: Main menu sent {"timestamp":"2026-01-20T05:53:43.807Z"}
info: create service menu sent {"timestamp":"2026-01-20T05:54:16.329Z"}
info: Main menu sent {"timestamp":"2026-01-20T06:00:50.664Z"}
info: create service menu sent {"timestamp":"2026-01-20T06:00:52.599Z"}
info: Main menu sent {"timestamp":"2026-01-20T06:03:46.532Z"}
info: 🔍 User 8169707317 memulai proses top-up saldo. {"timestamp":"2026-01-20T06:03:49.261Z"}
info: Main menu sent {"timestamp":"2026-01-20T06:04:21.791Z"}
info: 🔍 User 8169707317 memulai proses top-up saldo. {"timestamp":"2026-01-20T06:04:24.041Z"}
info: Main menu sent {"timestamp":"2026-01-20T06:06:49.357Z"}
info: Payment processed successfully for user-8169707317-1768889033993 {"timestamp":"2026-01-20T06:08:33.532Z"}
info: create service menu sent {"timestamp":"2026-01-20T06:08:50.793Z"}
info: Main menu sent {"timestamp":"2026-01-20T06:09:05.313Z"}
info: create service menu sent {"timestamp":"2026-01-20T06:09:07.324Z"}
Creating SSH account for zikri with expiry 30 days, IP limit 2
✅ total_create_akun++ untuk serverId 80 (exp=30)
info: Account create sukses untuk user 8169707317, type: ssh {"timestamp":"2026-01-20T06:09:29.648Z"}
⚠️ Exp ZIVPN 2 hari tidak dicatat ke total_create_akun
info: Account create sukses untuk user 6323608762, type: zivpn {"timestamp":"2026-01-20T06:09:34.705Z"}
info: Main menu sent {"timestamp":"2026-01-20T06:23:13.877Z"}
info: Main menu sent {"timestamp":"2026-01-20T06:23:35.762Z"}
info: create service menu sent {"timestamp":"2026-01-20T06:23:41.720Z"}
info: create service menu sent {"timestamp":"2026-01-20T06:24:55.421Z"}
Creating VLESS account for risti with expiry 7 days
✅ total_create_akun++ untuk serverId 92 (exp=7)
info: Account create sukses untuk user 6202490359, type: vless {"timestamp":"2026-01-20T06:25:07.895Z"}
info: Main menu sent {"timestamp":"2026-01-20T06:25:17.940Z"}
info: create service menu sent {"timestamp":"2026-01-20T06:25:21.049Z"}
info: Main menu sent {"timestamp":"2026-01-20T10:26:37.617Z"}
info: create service menu sent {"timestamp":"2026-01-20T10:26:40.081Z"}
Creating SSH account for alfarumaf with expiry 7 days, IP limit 2
✅ total_create_akun++ untuk serverId 90 (exp=7)
info: Account create sukses untuk user 6202490359, type: ssh {"timestamp":"2026-01-20T10:27:08.638Z"}
info: Main menu sent {"timestamp":"2026-01-20T10:46:29.489Z"}
info: trial service menu sent {"timestamp":"2026-01-20T10:46:32.276Z"}
info: ✅ Trial zivpn dibuat oleh 7768199065 {"timestamp":"2026-01-20T10:46:39.224Z"}
info: Admin menu requested {"timestamp":"2026-01-20T10:50:00.489Z"}
info: Admin menu sent as new message {"timestamp":"2026-01-20T10:50:01.071Z"}
info: Admin 7768199065 mengecek saldo user 6202490359: Rp3721 {"timestamp":"2026-01-20T10:50:03.659Z"}
info: Main menu sent {"timestamp":"2026-01-20T10:57:57.132Z"}
info: Main menu sent {"timestamp":"2026-01-20T10:58:48.227Z"}
info: create service menu sent {"timestamp":"2026-01-20T10:58:49.485Z"}
✅ total_create_akun ZIVPN++ untuk serverId 99 (exp=30)
info: Account create sukses untuk user 7768199065, type: zivpn {"timestamp":"2026-01-20T10:59:03.473Z"}
info: Main menu sent {"timestamp":"2026-01-20T11:29:06.387Z"}
info: create service menu sent {"timestamp":"2026-01-20T11:29:07.607Z"}
✅ total_create_akun ZIVPN++ untuk serverId 99 (exp=30)
info: Account create sukses untuk user 7768199065, type: zivpn {"timestamp":"2026-01-20T11:29:34.145Z"}
info: Main menu sent {"timestamp":"2026-01-20T11:45:02.678Z"}
info: create service menu sent {"timestamp":"2026-01-20T11:45:06.827Z"}
Creating SSH account for 12jann with expiry 7 days, IP limit 3
error: Rollback saldo user 7768199065 (create gagal), respon: ❌  respons error:
username akun sudah di gunakan
masukan username baru! {"timestamp":"2026-01-20T11:45:22.331Z"}
info: Main menu sent {"timestamp":"2026-01-20T11:56:37.869Z"}
info: create service menu sent {"timestamp":"2026-01-20T11:56:39.064Z"}
info: Main menu sent {"timestamp":"2026-01-20T11:56:41.881Z"}
info: create service menu sent {"timestamp":"2026-01-20T11:56:43.045Z"}
info: Main menu sent {"timestamp":"2026-01-20T11:56:49.698Z"}
info: create service menu sent {"timestamp":"2026-01-20T11:56:51.099Z"}
Creating SSH account for 20jan with expiry 7 days, IP limit 2
✅ total_create_akun++ untuk serverId 78 (exp=7)
info: Account create sukses untuk user 7768199065, type: ssh {"timestamp":"2026-01-20T11:57:07.973Z"}
info: Main menu sent {"timestamp":"2026-01-20T11:58:37.061Z"}
info: Main menu sent {"timestamp":"2026-01-20T12:57:30.580Z"}
info: Main menu sent {"timestamp":"2026-01-20T13:35:53.685Z"}
info: create service menu sent {"timestamp":"2026-01-20T13:35:56.270Z"}
⚠️ Exp ZIVPN 1 hari tidak dicatat ke total_create_akun
info: Account create sukses untuk user 7082484465, type: zivpn {"timestamp":"2026-01-20T13:36:14.622Z"}
info: Main menu sent {"timestamp":"2026-01-20T13:37:45.599Z"}
info: create service menu sent {"timestamp":"2026-01-20T13:37:47.256Z"}
✅ total_create_akun ZIVPN++ untuk serverId 98 (exp=20)
info: Account create sukses untuk user 7082484465, type: zivpn {"timestamp":"2026-01-20T13:38:11.849Z"}
info: Main menu sent {"timestamp":"2026-01-20T13:42:37.279Z"}
info: Main menu sent {"timestamp":"2026-01-20T13:48:19.441Z"}
info: create service menu sent {"timestamp":"2026-01-20T13:48:20.647Z"}
error: Rollback saldo user 7768199065 (create gagal), respon: ❌  gagal membuat akun zivpn:
username akun sudah di gunakan
masukan username baru! {"timestamp":"2026-01-20T13:48:28.682Z"}
info: Main menu sent {"timestamp":"2026-01-20T13:48:34.224Z"}
info: create service menu sent {"timestamp":"2026-01-20T13:48:35.376Z"}
✅ total_create_akun ZIVPN++ untuk serverId 99 (exp=30)
info: Account create sukses untuk user 7768199065, type: zivpn {"timestamp":"2026-01-20T13:48:43.077Z"}
info: Main menu sent {"timestamp":"2026-01-20T13:56:16.172Z"}
info: create service menu sent {"timestamp":"2026-01-20T13:56:17.467Z"}
info: Main menu sent {"timestamp":"2026-01-20T13:56:19.744Z"}
info: create service menu sent {"timestamp":"2026-01-20T13:56:20.857Z"}
✅ total_create_akun ZIVPN++ untuk serverId 99 (exp=30)
info: Account create sukses untuk user 7768199065, type: zivpn {"timestamp":"2026-01-20T13:56:28.770Z"}
info: Main menu sent {"timestamp":"2026-01-20T14:06:29.167Z"}
info: Main menu sent {"timestamp":"2026-01-20T14:06:32.953Z"}
info: Main menu sent {"timestamp":"2026-01-20T14:11:28.235Z"}
info: Main menu sent {"timestamp":"2026-01-20T14:11:44.935Z"}
info: renew service menu sent {"timestamp":"2026-01-20T14:12:01.425Z"}
info: Main menu sent {"timestamp":"2026-01-20T14:18:27.643Z"}
info: renew service menu sent {"timestamp":"2026-01-20T14:18:39.342Z"}
info: Main menu sent {"timestamp":"2026-01-20T14:58:49.395Z"}
info: create service menu sent {"timestamp":"2026-01-20T14:58:50.686Z"}
info: Main menu sent {"timestamp":"2026-01-20T14:58:53.586Z"}
info: create service menu sent {"timestamp":"2026-01-20T14:58:55.038Z"}
info: Main menu sent {"timestamp":"2026-01-20T14:59:10.553Z"}
info: create service menu sent {"timestamp":"2026-01-20T14:59:11.771Z"}
Creating VMESS account for ridone with expiry 30 days
✅ total_create_akun++ untuk serverId 80 (exp=30)
info: Account create sukses untuk user 7768199065, type: vmess {"timestamp":"2026-01-20T14:59:34.786Z"}
info: Main menu sent {"timestamp":"2026-01-20T15:30:34.992Z"}
info: Main menu sent {"timestamp":"2026-01-20T15:34:08.100Z"}
info: Main menu sent {"timestamp":"2026-01-20T15:34:16.776Z"}
info: Main menu sent {"timestamp":"2026-01-20T15:39:23.434Z"}
info: create service menu sent {"timestamp":"2026-01-20T15:39:25.675Z"}
info: Main menu sent {"timestamp":"2026-01-20T15:39:39.121Z"}
info: create service menu sent {"timestamp":"2026-01-20T15:39:41.885Z"}
info: Bot initialized {"timestamp":"2026-01-20T16:32:19.787Z"}
info: User state initialized {"timestamp":"2026-01-20T16:32:19.801Z"}
info: Server berjalan di port 6961 {"timestamp":"2026-01-20T16:32:19.812Z"}
info: Terhubung ke SQLite3 {"timestamp":"2026-01-20T16:32:19.907Z"}
info: Server table ready {"timestamp":"2026-01-20T16:32:19.919Z"}
info: Users table ready {"timestamp":"2026-01-20T16:32:19.921Z"}
info: Transactions table ready {"timestamp":"2026-01-20T16:32:19.923Z"}
info: Table user_accounts ready {"timestamp":"2026-01-20T16:32:19.924Z"}
info: Add IP price loaded from DB: 2000 {"timestamp":"2026-01-20T16:32:19.925Z"}
info: Pending deposit loaded: {"timestamp":"2026-01-20T16:32:19.926Z"}
info: Admin username detected: @xyztunnn {"timestamp":"2026-01-20T16:32:20.764Z"}
info: Main menu sent {"timestamp":"2026-01-20T16:32:21.191Z"}
info: Main menu sent {"timestamp":"2026-01-20T16:32:21.784Z"}
error: ❌ Kesalahan saat memproses upgrade reseller: Request failed with status code 401 {"code":"ERR_BAD_REQUEST","config":{"adapter":["xhr","http","fetch"],"allowAbsoluteUrls":true,"env":{},"headers":{"Accept":"application/json, text/plain, */*","Accept-Encoding":"gzip, compress, deflate, br","User-Agent":"axios/1.13.2"},"maxBodyLength":-1,"maxContentLength":-1,"method":"get","timeout":0,"transformRequest":[null],"transformResponse":[null],"transitional":{"clarifyTimeoutError":false,"forcedJSONParsing":true,"silentJSONParsing":true},"url":"https://api.rajaserverpremium.web.id/orderkuota/createpayment?apikey=AriApiPaymetGetwayMod&amount=50300&codeqr=00020101021126670016COM.NOBUBANK.WWW01189360050300000879140214139599269048920303UMI51440014ID.CO.QRIS.WWW0215ID20253948025940303UMI5204541153033605802ID5919XYUZSTORE OK23960556004BONE61059167162070703A01630489F4","xsrfCookieName":"XSRF-TOKEN","xsrfHeaderName":"X-XSRF-TOKEN"},"name":"AxiosError","request":{"_closed":true,"_contentLength":0,"_defaultKeepAlive":true,"_ended":true,"_events":{},"_eventsCount":7,"_hasBody":true,"_header":"GET /orderkuota/createpayment?apikey=AriApiPaymetGetwayMod&amount=50300&codeqr=00020101021126670016COM.NOBUBANK.WWW01189360050300000879140214139599269048920303UMI51440014ID.CO.QRIS.WWW0215ID20253948025940303UMI5204541153033605802ID5919XYUZSTORE%20OK23960556004BONE61059167162070703A01630489F4 HTTP/1.1\r\nAccept: application/json, text/plain, */*\r\nUser-Agent: axios/1.13.2\r\nAccept-Encoding: gzip, compress, deflate, br\r\nHost: api.rajaserverpremium.web.id\r\nConnection: keep-alive\r\n\r\n","_headerSent":true,"_keepAliveTimeout":0,"_last":true,"_redirectable":{"_currentRequest":"[Circular]","_currentUrl":"https://api.rajaserverpremium.web.id/orderkuota/createpayment?apikey=AriApiPaymetGetwayMod&amount=50300&codeqr=00020101021126670016COM.NOBUBANK.WWW01189360050300000879140214139599269048920303UMI51440014ID.CO.QRIS.WWW0215ID20253948025940303UMI5204541153033605802ID5919XYUZSTORE%20OK23960556004BONE61059167162070703A01630489F4","_ended":true,"_ending":true,"_events":{"socket":[null,null]},"_eventsCount":3,"_options":{"agents":{},"beforeRedirects":{},"headers":{"Accept":"application/json, text/plain, */*","Accept-Encoding":"gzip, compress, deflate, br","User-Agent":"axios/1.13.2"},"hostname":"api.rajaserverpremium.web.id","maxBodyLength":null,"maxRedirects":21,"method":"GET","nativeProtocols":{"http:":{"METHODS":["ACL","BIND","CHECKOUT","CONNECT","COPY","DELETE","GET","HEAD","LINK","LOCK","M-SEARCH","MERGE","MKACTIVITY","MKCALENDAR","MKCOL","MOVE","NOTIFY","OPTIONS","PATCH","POST","PROPFIND","PROPPATCH","PURGE","PUT","QUERY","REBIND","REPORT","SEARCH","SOURCE","SUBSCRIBE","TRACE","UNBIND","UNLINK","UNLOCK","UNSUBSCRIBE"],"STATUS_CODES":{"100":"Continue","101":"Switching Protocols","102":"Processing","103":"Early Hints","200":"OK","201":"Created","202":"Accepted","203":"Non-Authoritative Information","204":"No Content","205":"Reset Content","206":"Partial Content","207":"Multi-Status","208":"Already Reported","226":"IM Used","300":"Multiple Choices","301":"Moved Permanently","302":"Found","303":"See Other","304":"Not Modified","305":"Use Proxy","307":"Temporary Redirect","308":"Permanent Redirect","400":"Bad Request","401":"Unauthorized","402":"Payment Required","403":"Forbidden","404":"Not Found","405":"Method Not Allowed","406":"Not Acceptable","407":"Proxy Authentication Required","408":"Request Timeout","409":"Conflict","410":"Gone","411":"Length Required","412":"Precondition Failed","413":"Payload Too Large","414":"URI Too Long","415":"Unsupported Media Type","416":"Range Not Satisfiable","417":"Expectation Failed","418":"I'm a Teapot","421":"Misdirected Request","422":"Unprocessable Entity","423":"Locked","424":"Failed Dependency","425":"Too Early","426":"Upgrade Required","428":"Precondition Required","429":"Too Many Requests","431":"Request Header Fields Too Large","451":"Unavailable For Legal Reasons","500":"Internal Server Error","501":"Not Implemented","502":"Bad Gateway","503":"Service Unavailable","504":"Gateway Timeout","505":"HTTP Version Not Supported","506":"Variant Also Negotiates","507":"Insufficient Storage","508":"Loop Detected","509":"Bandwidth Limit Exceeded","510":"Not Extended","511":"Network Authentication Required"},"globalAgent":{"_events":{},"_eventsCount":2,"defaultPort":80,"freeSockets":{},"keepAlive":true,"keepAliveMsecs":1000,"maxFreeSockets":256,"maxSockets":null,"maxTotalSockets":null,"options":{"keepAlive":true,"noDelay":true,"path":null,"scheduling":"lifo","timeout":5000},"protocol":"http:","requests":{},"scheduling":"lifo","sockets":{},"totalSocketCount":0},"maxHeaderSize":16384},"https:":{"globalAgent":{"_events":{},"_eventsCount":2,"_sessionCache":{"list":["api.rajaserverpremium.web.id:443:::::::::::::::::::::"],"map":{"api.rajaserverpremium.web.id:443:::::::::::::::::::::":{"data":[48,130,5,65,2,1,1,2,2,3,4,4,2,19,2,4,32,30,10,34,223,95,11,72,186,127,24,95,95,72,32,243,105,19,86,193,19,39,180,127,65,83,8,174,195,238,196,123,179,4,48,125,15,241,13,33,163,103,117,54,235,170,52,215,111,233,138,179,128,172,221,146,118,22,111,32,220,255,152,129,86,110,206,205,249,88,111,253,221,51,107,127,110,247,32,179,120,66,136,161,6,2,4,105,111,174,27,162,4,2,2,28,32,163,130,3,209,48,130,3,205,48,130,3,114,160,3,2,1,2,2,16,83,100,82,125,214,58,243,187,14,11,131,211,98,161,77,124,48,10,6,8,42,134,72,206,61,4,3,2,48,59,49,11,48,9,6,3,85,4,6,19,2,85,83,49,30,48,28,6,3,85,4,10,19,21,71,111,111,103,108,101,32,84,114,117,115,116,32,83,101,114,118,105,99,101,115,49,12,48,10,6,3,85,4,3,19,3,87,69,49,48,30,23,13,50,53,49,50,49,53,48,51,53,49,51,53,90,23,13,50,54,48,51,49,53,48,52,52,57,48,54,90,48,35,49,33,48,31,6,3,85,4,3,19,24,114,97,106,97,115,101,114,118,101,114,112,114,101,109,105,117,109,46,119,101,98,46,105,100,48,89,48,19,6,7,42,134,72,206,61,2,1,6,8,42,134,72,206,61,3,1,7,3,66,0,4,209,65,248,198,152,178,80,43,76,156,21,181,92,1,237,118,53,13,210,42,15,124,212,102,245,214,179,237,66,78,179,128,178,124,71,4,150,143,103,173,213,93,32,127,178,132,49,155,107,84,200,182,247,77,43,187,116,4,84,48,228,78,239,92,163,130,2,110,48,130,2,106,48,14,6,3,85,29,15,1,1,255,4,4,3,2,7,128,48,19,6,3,85,29,37,4,12,48,10,6,8,43,6,1,5,5,7,3,1,48,12,6,3,85,29,19,1,1,255,4,2,48,0,48,29,6,3,85,29,14,4,22,4,20,139,247,2,230,192,10,215,58,117,122,101,186,168,30,149,38,246,33,63,110,48,31,6,3,85,29,35,4,24,48,22,128,20,144,119,146,53,103,196,255,168,204,169,230,123,217,128,121,123,204,147,249,56,48,94,6,8,43,6,1,5,5,7,1,1,4,82,48,80,48,39,6,8,43,6,1,5,5,7,48,1,134,27,104,116,116,112,58,47,47,111,46,112,107,105,46,103,111,111,103,47,115,47,119,101,49,47,85,50,81,48,37,6,8,43,6,1,5,5,7,48,2,134,25,104,116,116,112,58,47,47,105,46,112,107,105,46,103,111,111,103,47,119,101,49,46,99,114,116,48,63,6,3,85,29,17,4,56,48,54,130,24,114,97,106,97,115,101,114,118,101,114,112,114,101,109,105,117,109,46,119,101,98,46,105,100,130,26,42,46,114,97,106,97,115,101,114,118,101,114,112,114,101,109,105,117,109,46,119,101,98,46,105,100,48,19,6,3,85,29,32,4,12,48,10,48,8,6,6,103,129,12,1,2,1,48,54,6,3,85,29,31,4,47,48,45,48,43,160,41,160,39,134,37,104,116,116,112,58,47,47,99,46,112,107,105,46,103,111,111,103,47,119,101,49,47,66,119,89,107,100,53,88,107,89,56,99,46,99,114,108,48,130,1,5,6,10,43,6,1,4,1,214,121,2,4,2,4,129,246,4,129,243,0,241,0,119,0,100,17,196,108,164,18,236,167,137,28,162,2,46,0,188,171,79,40,7,212,30,53,39,171,234,254,213,3,201,125,205,240,0,0,1,155,32,89,131,239,0,0,4,3,0,72,48,70,2,33,0,200,14,101,120,225,210,194,22,149,176,32,104,187,40,61,59,152,52,162,76,181,1,107,107,34,138,194,10,152,31,67,210,2,33,0,187,47,172,38,105,252,86,88,70,255,204,206,105,116,55,85,230,209,241,104,206,164,37,105,241,129,67,198,103,185,225,129,0,118,0,14,87,148,188,243,174,169,62,51,27,44,153,7,179,247,144,223,155,194,61,113,50,37,221,33,169,37,172,97,197,78,33,0,0,1,155,32,89,132,33,0,0,4,3,0,71,48,69,2,32,124,23,13,124,214,207,104,188,163,13,194,132,106,215,65,63,181,238,171,124,183,6,105,127,159,198,231,84,52,82,168,184,2,33,0,194,221,136,115,191,240,84,86,177,105,57,180,237,26,177,2,186,192,62,120,143,46,7,211,68,212,223,238,47,195,204,255,48,10,6,8,42,134,72,206,61,4,3,2,3,73,0,48,70,2,33,0,196,136,149,225,67,116,128,137,116,100,48,36,4,77,73,93,122,88,9,34,194,24,83,222,208,76,104,232,239,68,178,179,2,33,0,137,111,135,125,148,246,200,35,101,217,140,190,214,214,4,129,43,40,18,114,232,92,81,91,68,7,68,27,45,45,173,126,164,2,4,0,166,30,4,28,97,112,105,46,114,97,106,97,115,101,114,118,101,114,112,114,101,109,105,117,109,46,119,101,98,46,105,100,169,5,2,3,0,253,32,170,129,195,4,129,192,106,83,162,200,67,66,194,5,33,51,170,246,153,254,181,178,107,66,35,51,74,222,166,50,132,90,192,21,94,72,209,101,136,142,31,107,23,65,119,104,74,26,143,193,214,16,125,218,219,116,235,126,120,16,52,52,149,242,191,45,223,83,103,82,167,254,245,207,108,195,11,98,146,97,101,74,162,253,62,56,246,63,148,223,73,107,116,69,42,238,61,213,137,166,156,164,253,255,178,94,40,254,26,189,167,206,13,95,117,147,130,215,190,233,96,25,14,37,113,87,144,250,243,13,220,2,91,211,124,200,19,38,39,177,59,38,97,85,116,192,211,93,90,42,230,8,31,35,123,246,27,243,108,19,29,38,163,252,28,28,86,18,182,71,207,200,156,38,23,169,151,92,93,53,252,2,87,119,91,203,174,207,90,179,166,143,151,180,223,180,49,242,174,7,2,5,0,147,99,70,178,179,3,2,1,29],"type":"Buffer"}}},"defaultPort":443,"freeSockets":{"api.rajaserverpremium.web.id:443:::::::::::::::::::::":[{"_SNICallback":null,"_closeAfterHandlingError":false,"_controlReleased":true,"_events":{"close":[null,null,null],"timeout":[null,null]},"_eventsCount":9,"_hadError":false,"_host":"api.rajaserverpremium.web.id","_httpMessage":null,"_newSessionPending":false,"_parent":null,"_pendingData":null,"_pendingEncoding":"","_readableState":{"awaitDrainWriters":null,"buffer":[],"bufferIndex":0,"highWaterMark":16384,"length":0,"pipes":[]},"_rejectUnauthorized":true,"_requestCert":true,"_secureEstablished":true,"_securePending":false,"_server":null,"_sockname":null,"_tlsOptions":{"isServer":false,"pipe":false,"rejectUnauthorized":true,"requestCert":true,"secureContext":{"context":{}}},"_writableState":{"bufferedIndex":0,"corked":0,"highWaterMark":16384,"length":0,"pendingcb":0,"writelen":0},"allowHalfOpen":false,"alpnProtocol":false,"authorizationError":null,"authorized":true,"autoSelectFamilyAttemptedAddresses":["104.21.71.150:443"],"connecting":false,"encrypted":true,"parser":null,"secureConnecting":false,"servername":"api.rajaserverpremium.web.id","ssl":{"_parent":{"onconnection":null,"reading":true},"_parentWrap":null,"_secureContext":{"context":{}},"reading":true},"timeout":5000}]},"keepAlive":true,"keepAliveMsecs":1000,"maxCachedSessions":100,"maxFreeSockets":256,"maxSockets":null,"maxTotalSockets":null,"options":{"keepAlive":true,"noDelay":true,"path":null,"scheduling":"lifo","timeout":5000},"protocol":"https:","requests":{},"scheduling":"lifo","sockets":{},"totalSocketCount":1}}},"path":"/orderkuota/createpayment?apikey=AriApiPaymetGetwayMod&amount=50300&codeqr=00020101021126670016COM.NOBUBANK.WWW01189360050300000879140214139599269048920303UMI51440014ID.CO.QRIS.WWW0215ID20253948025940303UMI5204541153033605802ID5919XYUZSTORE%20OK23960556004BONE61059167162070703A01630489F4","pathname":"/orderkuota/createpayment","port":"","protocol":"https:","search":"?apikey=AriApiPaymetGetwayMod&amount=50300&codeqr=00020101021126670016COM.NOBUBANK.WWW01189360050300000879140214139599269048920303UMI51440014ID.CO.QRIS.WWW0215ID20253948025940303UMI5204541153033605802ID5919XYUZSTORE%20OK23960556004BONE61059167162070703A01630489F4"},"_redirectCount":0,"_redirects":[],"_requestBodyBuffers":[],"_requestBodyLength":0,"_timeout":null,"_writableState":{"bufferedIndex":0,"corked":0,"highWaterMark":16384,"length":0,"pendingcb":0,"writelen":0}},"_removedConnection":false,"_removedContLen":false,"_removedTE":false,"_trailer":"","aborted":false,"agent":{"_events":{},"_eventsCount":2,"_sessionCache":{"list":["api.rajaserverpremium.web.id:443:::::::::::::::::::::"],"map":{"api.rajaserverpremium.web.id:443:::::::::::::::::::::":{"data":[48,130,5,65,2,1,1,2,2,3,4,4,2,19,2,4,32,30,10,34,223,95,11,72,186,127,24,95,95,72,32,243,105,19,86,193,19,39,180,127,65,83,8,174,195,238,196,123,179,4,48,125,15,241,13,33,163,103,117,54,235,170,52,215,111,233,138,179,128,172,221,146,118,22,111,32,220,255,152,129,86,110,206,205,249,88,111,253,221,51,107,127,110,247,32,179,120,66,136,161,6,2,4,105,111,174,27,162,4,2,2,28,32,163,130,3,209,48,130,3,205,48,130,3,114,160,3,2,1,2,2,16,83,100,82,125,214,58,243,187,14,11,131,211,98,161,77,124,48,10,6,8,42,134,72,206,61,4,3,2,48,59,49,11,48,9,6,3,85,4,6,19,2,85,83,49,30,48,28,6,3,85,4,10,19,21,71,111,111,103,108,101,32,84,114,117,115,116,32,83,101,114,118,105,99,101,115,49,12,48,10,6,3,85,4,3,19,3,87,69,49,48,30,23,13,50,53,49,50,49,53,48,51,53,49,51,53,90,23,13,50,54,48,51,49,53,48,52,52,57,48,54,90,48,35,49,33,48,31,6,3,85,4,3,19,24,114,97,106,97,115,101,114,118,101,114,112,114,101,109,105,117,109,46,119,101,98,46,105,100,48,89,48,19,6,7,42,134,72,206,61,2,1,6,8,42,134,72,206,61,3,1,7,3,66,0,4,209,65,248,198,152,178,80,43,76,156,21,181,92,1,237,118,53,13,210,42,15,124,212,102,245,214,179,237,66,78,179,128,178,124,71,4,150,143,103,173,213,93,32,127,178,132,49,155,107,84,200,182,247,77,43,187,116,4,84,48,228,78,239,92,163,130,2,110,48,130,2,106,48,14,6,3,85,29,15,1,1,255,4,4,3,2,7,128,48,19,6,3,85,29,37,4,12,48,10,6,8,43,6,1,5,5,7,3,1,48,12,6,3,85,29,19,1,1,255,4,2,48,0,48,29,6,3,85,29,14,4,22,4,20,139,247,2,230,192,10,215,58,117,122,101,186,168,30,149,38,246,33,63,110,48,31,6,3,85,29,35,4,24,48,22,128,20,144,119,146,53,103,196,255,168,204,169,230,123,217,128,121,123,204,147,249,56,48,94,6,8,43,6,1,5,5,7,1,1,4,82,48,80,48,39,6,8,43,6,1,5,5,7,48,1,134,27,104,116,116,112,58,47,47,111,46,112,107,105,46,103,111,111,103,47,115,47,119,101,49,47,85,50,81,48,37,6,8,43,6,1,5,5,7,48,2,134,25,104,116,116,112,58,47,47,105,46,112,107,105,46,103,111,111,103,47,119,101,49,46,99,114,116,48,63,6,3,85,29,17,4,56,48,54,130,24,114,97,106,97,115,101,114,118,101,114,112,114,101,109,105,117,109,46,119,101,98,46,105,100,130,26,42,46,114,97,106,97,115,101,114,118,101,114,112,114,101,109,105,117,109,46,119,101,98,46,105,100,48,19,6,3,85,29,32,4,12,48,10,48,8,6,6,103,129,12,1,2,1,48,54,6,3,85,29,31,4,47,48,45,48,43,160,41,160,39,134,37,104,116,116,112,58,47,47,99,46,112,107,105,46,103,111,111,103,47,119,101,49,47,66,119,89,107,100,53,88,107,89,56,99,46,99,114,108,48,130,1,5,6,10,43,6,1,4,1,214,121,2,4,2,4,129,246,4,129,243,0,241,0,119,0,100,17,196,108,164,18,236,167,137,28,162,2,46,0,188,171,79,40,7,212,30,53,39,171,234,254,213,3,201,125,205,240,0,0,1,155,32,89,131,239,0,0,4,3,0,72,48,70,2,33,0,200,14,101,120,225,210,194,22,149,176,32,104,187,40,61,59,152,52,162,76,181,1,107,107,34,138,194,10,152,31,67,210,2,33,0,187,47,172,38,105,252,86,88,70,255,204,206,105,116,55,85,230,209,241,104,206,164,37,105,241,129,67,198,103,185,225,129,0,118,0,14,87,148,188,243,174,169,62,51,27,44,153,7,179,247,144,223,155,194,61,113,50,37,221,33,169,37,172,97,197,78,33,0,0,1,155,32,89,132,33,0,0,4,3,0,71,48,69,2,32,124,23,13,124,214,207,104,188,163,13,194,132,106,215,65,63,181,238,171,124,183,6,105,127,159,198,231,84,52,82,168,184,2,33,0,194,221,136,115,191,240,84,86,177,105,57,180,237,26,177,2,186,192,62,120,143,46,7,211,68,212,223,238,47,195,204,255,48,10,6,8,42,134,72,206,61,4,3,2,3,73,0,48,70,2,33,0,196,136,149,225,67,116,128,137,116,100,48,36,4,77,73,93,122,88,9,34,194,24,83,222,208,76,104,232,239,68,178,179,2,33,0,137,111,135,125,148,246,200,35,101,217,140,190,214,214,4,129,43,40,18,114,232,92,81,91,68,7,68,27,45,45,173,126,164,2,4,0,166,30,4,28,97,112,105,46,114,97,106,97,115,101,114,118,101,114,112,114,101,109,105,117,109,46,119,101,98,46,105,100,169,5,2,3,0,253,32,170,129,195,4,129,192,106,83,162,200,67,66,194,5,33,51,170,246,153,254,181,178,107,66,35,51,74,222,166,50,132,90,192,21,94,72,209,101,136,142,31,107,23,65,119,104,74,26,143,193,214,16,125,218,219,116,235,126,120,16,52,52,149,242,191,45,223,83,103,82,167,254,245,207,108,195,11,98,146,97,101,74,162,253,62,56,246,63,148,223,73,107,116,69,42,238,61,213,137,166,156,164,253,255,178,94,40,254,26,189,167,206,13,95,117,147,130,215,190,233,96,25,14,37,113,87,144,250,243,13,220,2,91,211,124,200,19,38,39,177,59,38,97,85,116,192,211,93,90,42,230,8,31,35,123,246,27,243,108,19,29,38,163,252,28,28,86,18,182,71,207,200,156,38,23,169,151,92,93,53,252,2,87,119,91,203,174,207,90,179,166,143,151,180,223,180,49,242,174,7,2,5,0,147,99,70,178,179,3,2,1,29],"type":"Buffer"}}},"defaultPort":443,"freeSockets":{"api.rajaserverpremium.web.id:443:::::::::::::::::::::":[{"_SNICallback":null,"_closeAfterHandlingError":false,"_controlReleased":true,"_events":{"close":[null,null,null],"timeout":[null,null]},"_eventsCount":9,"_hadError":false,"_host":"api.rajaserverpremium.web.id","_httpMessage":null,"_newSessionPending":false,"_parent":null,"_pendingData":null,"_pendingEncoding":"","_readableState":{"awaitDrainWriters":null,"buffer":[],"bufferIndex":0,"highWaterMark":16384,"length":0,"pipes":[]},"_rejectUnauthorized":true,"_requestCert":true,"_secureEstablished":true,"_securePending":false,"_server":null,"_sockname":null,"_tlsOptions":{"isServer":false,"pipe":false,"rejectUnauthorized":true,"requestCert":true,"secureContext":{"context":{}}},"_writableState":{"bufferedIndex":0,"corked":0,"highWaterMark":16384,"length":0,"pendingcb":0,"writelen":0},"allowHalfOpen":false,"alpnProtocol":false,"authorizationError":null,"authorized":true,"autoSelectFamilyAttemptedAddresses":["104.21.71.150:443"],"connecting":false,"encrypted":true,"parser":null,"secureConnecting":false,"servername":"api.rajaserverpremium.web.id","ssl":{"_parent":{"onconnection":null,"reading":true},"_parentWrap":null,"_secureContext":{"context":{}},"reading":true},"timeout":5000}]},"keepAlive":true,"keepAliveMsecs":1000,"maxCachedSessions":100,"maxFreeSockets":256,"maxSockets":null,"maxTotalSockets":null,"options":{"keepAlive":true,"noDelay":true,"path":null,"scheduling":"lifo","timeout":5000},"protocol":"https:","requests":{},"scheduling":"lifo","sockets":{},"totalSocketCount":1},"chunkedEncoding":false,"destroyed":true,"finished":true,"host":"api.rajaserverpremium.web.id","maxHeadersCount":null,"maxRequestsOnConnectionReached":false,"method":"GET","outputData":[],"outputSize":0,"parser":null,"path":"/orderkuota/createpayment?apikey=AriApiPaymetGetwayMod&amount=50300&codeqr=00020101021126670016COM.NOBUBANK.WWW01189360050300000879140214139599269048920303UMI51440014ID.CO.QRIS.WWW0215ID20253948025940303UMI5204541153033605802ID5919XYUZSTORE%20OK23960556004BONE61059167162070703A01630489F4","protocol":"https:","res":{"_consuming":false,"_dumped":false,"_events":{"end":[null,null]},"_eventsCount":4,"_readableState":{"awaitDrainWriters":null,"buffer":[],"bufferIndex":0,"highWaterMark":16384,"length":0,"pipes":[]},"aborted":false,"client":{"_SNICallback":null,"_closeAfterHandlingError":false,"_controlReleased":true,"_events":{"close":[null,null,null],"timeout":[null,null]},"_eventsCount":9,"_hadError":false,"_host":"api.rajaserverpremium.web.id","_httpMessage":null,"_newSessionPending":false,"_parent":null,"_pendingData":null,"_pendingEncoding":"","_readableState":{"awaitDrainWriters":null,"buffer":[],"bufferIndex":0,"highWaterMark":16384,"length":0,"pipes":[]},"_rejectUnauthorized":true,"_requestCert":true,"_secureEstablished":true,"_securePending":false,"_server":null,"_sockname":null,"_tlsOptions":{"isServer":false,"pipe":false,"rejectUnauthorized":true,"requestCert":true,"secureContext":{"context":{}}},"_writableState":{"bufferedIndex":0,"corked":0,"highWaterMark":16384,"length":0,"pendingcb":0,"writelen":0},"allowHalfOpen":false,"alpnProtocol":false,"authorizationError":null,"authorized":true,"autoSelectFamilyAttemptedAddresses":["104.21.71.150:443"],"connecting":false,"encrypted":true,"parser":null,"secureConnecting":false,"servername":"api.rajaserverpremium.web.id","ssl":{"_parent":{"onconnection":null,"reading":true},"_parentWrap":null,"_secureContext":{"context":{}},"reading":true},"timeout":5000},"complete":true,"httpVersion":"1.1","httpVersionMajor":1,"httpVersionMinor":1,"method":null,"rawHeaders":["Date","Tue, 20 Jan 2026 16:33:11 GMT","Content-Type","application/json; charset=utf-8","Content-Length","45","Connection","keep-alive","access-control-allow-headers","Content-Type, X-API-Key, Authorization","access-control-allow-methods","GET, POST, PUT, DELETE","access-control-allow-origin","*","Age","0","Cache-Control","public, max-age=0, must-revalidate","etag","W/\"2d-d2fvxHDtVJhbZrJJJbqb3bCDRRw\"","Server","cloudflare","strict-transport-security","max-age=63072000","x-powered-by","Express","x-vercel-cache","MISS","x-vercel-id","sin1::iad1::sllt5-1768926790242-56c2ac5213e2","cf-cache-status","DYNAMIC","Nel","{\"report_to\":\"cf-nel\",\"success_fraction\":0.0,\"max_age\":604800}","Report-To","{\"group\":\"cf-nel\",\"max_age\":604800,\"endpoints\":[{\"url\":\"https://a.nel.cloudflare.com/report/v4?s=5uSvVrNiBV4N5JICcWLXKiTUP6XuQNZ%2Bp6kuv4eSZ16uWP0Fx%2BPUdTERYQDvL%2B8UzhhIJivcU2ex7QvM%2FvM0u33r7pToItiv8cAtD8Hi3ZzVckGa6TrJrF%2B6KRI%3D\"}]}","CF-RAY","9c0ff8d6d808fde6-SIN","alt-svc","h3=\":443\"; ma=86400"],"rawTrailers":[],"redirects":[],"req":"[Circular]","responseUrl":"https://api.rajaserverpremium.web.id/orderkuota/createpayment?apikey=AriApiPaymetGetwayMod&amount=50300&codeqr=00020101021126670016COM.NOBUBANK.WWW01189360050300000879140214139599269048920303UMI51440014ID.CO.QRIS.WWW0215ID20253948025940303UMI5204541153033605802ID5919XYUZSTORE%20OK23960556004BONE61059167162070703A01630489F4","socket":null,"statusCode":401,"statusMessage":"Unauthorized","upgrade":false,"url":""},"reusedSocket":false,"sendDate":false,"shouldKeepAlive":true,"socket":{"_SNICallback":null,"_closeAfterHandlingError":false,"_controlReleased":true,"_events":{"close":[null,null,null],"timeout":[null,null]},"_eventsCount":9,"_hadError":false,"_host":"api.rajaserverpremium.web.id","_httpMessage":null,"_newSessionPending":false,"_parent":null,"_pendingData":null,"_pendingEncoding":"","_readableState":{"awaitDrainWriters":null,"buffer":[],"bufferIndex":0,"highWaterMark":16384,"length":0,"pipes":[]},"_rejectUnauthorized":true,"_requestCert":true,"_secureEstablished":true,"_securePending":false,"_server":null,"_sockname":null,"_tlsOptions":{"isServer":false,"pipe":false,"rejectUnauthorized":true,"requestCert":true,"secureContext":{"context":{}}},"_writableState":{"bufferedIndex":0,"corked":0,"highWaterMark":16384,"length":0,"pendingcb":0,"writelen":0},"allowHalfOpen":false,"alpnProtocol":false,"authorizationError":null,"authorized":true,"autoSelectFamilyAttemptedAddresses":["104.21.71.150:443"],"connecting":false,"encrypted":true,"parser":null,"secureConnecting":false,"servername":"api.rajaserverpremium.web.id","ssl":{"_parent":{"onconnection":null,"reading":true},"_parentWrap":null,"_secureContext":{"context":{}},"reading":true},"timeout":5000},"strictContentLength":false,"timeoutCb":null,"upgradeOrConnect":false,"useChunkedEncodingByDefault":false,"writable":true},"response":{"config":{"adapter":["xhr","http","fetch"],"allowAbsoluteUrls":true,"env":{},"headers":{"Accept":"application/json, text/plain, */*","Accept-Encoding":"gzip, compress, deflate, br","User-Agent":"axios/1.13.2"},"maxBodyLength":-1,"maxContentLength":-1,"method":"get","timeout":0,"transformRequest":[null],"transformResponse":[null],"transitional":{"clarifyTimeoutError":false,"forcedJSONParsing":true,"silentJSONParsing":true},"url":"https://api.rajaserverpremium.web.id/orderkuota/createpayment?apikey=AriApiPaymetGetwayMod&amount=50300&codeqr=00020101021126670016COM.NOBUBANK.WWW01189360050300000879140214139599269048920303UMI51440014ID.CO.QRIS.WWW0215ID20253948025940303UMI5204541153033605802ID5919XYUZSTORE OK23960556004BONE61059167162070703A01630489F4","xsrfCookieName":"XSRF-TOKEN","xsrfHeaderName":"X-XSRF-TOKEN"},"data":{"message":"Invalid apikey","status":"error"},"headers":{"access-control-allow-headers":"Content-Type, X-API-Key, Authorization","access-control-allow-methods":"GET, POST, PUT, DELETE","access-control-allow-origin":"*","age":"0","alt-svc":"h3=\":443\"; ma=86400","cache-control":"public, max-age=0, must-revalidate","cf-cache-status":"DYNAMIC","cf-ray":"9c0ff8d6d808fde6-SIN","connection":"keep-alive","content-length":"45","content-type":"application/json; charset=utf-8","date":"Tue, 20 Jan 2026 16:33:11 GMT","etag":"W/\"2d-d2fvxHDtVJhbZrJJJbqb3bCDRRw\"","nel":"{\"report_to\":\"cf-nel\",\"success_fraction\":0.0,\"max_age\":604800}","report-to":"{\"group\":\"cf-nel\",\"max_age\":604800,\"endpoints\":[{\"url\":\"https://a.nel.cloudflare.com/report/v4?s=5uSvVrNiBV4N5JICcWLXKiTUP6XuQNZ%2Bp6kuv4eSZ16uWP0Fx%2BPUdTERYQDvL%2B8UzhhIJivcU2ex7QvM%2FvM0u33r7pToItiv8cAtD8Hi3ZzVckGa6TrJrF%2B6KRI%3D\"}]}","server":"cloudflare","strict-transport-security":"max-age=63072000","x-powered-by":"Express","x-vercel-cache":"MISS","x-vercel-id":"sin1::iad1::sllt5-1768926790242-56c2ac5213e2"},"request":{"_closed":true,"_contentLength":0,"_defaultKeepAlive":true,"_ended":true,"_events":{},"_eventsCount":7,"_hasBody":true,"_header":"GET /orderkuota/createpayment?apikey=AriApiPaymetGetwayMod&amount=50300&codeqr=00020101021126670016COM.NOBUBANK.WWW01189360050300000879140214139599269048920303UMI51440014ID.CO.QRIS.WWW0215ID20253948025940303UMI5204541153033605802ID5919XYUZSTORE%20OK23960556004BONE61059167162070703A01630489F4 HTTP/1.1\r\nAccept: application/json, text/plain, */*\r\nUser-Agent: axios/1.13.2\r\nAccept-Encoding: gzip, compress, deflate, br\r\nHost: api.rajaserverpremium.web.id\r\nConnection: keep-alive\r\n\r\n","_headerSent":true,"_keepAliveTimeout":0,"_last":true,"_redirectable":{"_currentRequest":"[Circular]","_currentUrl":"https://api.rajaserverpremium.web.id/orderkuota/createpayment?apikey=AriApiPaymetGetwayMod&amount=50300&codeqr=00020101021126670016COM.NOBUBANK.WWW01189360050300000879140214139599269048920303UMI51440014ID.CO.QRIS.WWW0215ID20253948025940303UMI5204541153033605802ID5919XYUZSTORE%20OK23960556004BONE61059167162070703A01630489F4","_ended":true,"_ending":true,"_events":{"socket":[null,null]},"_eventsCount":3,"_options":{"agents":{},"beforeRedirects":{},"headers":{"Accept":"application/json, text/plain, */*","Accept-Encoding":"gzip, compress, deflate, br","User-Agent":"axios/1.13.2"},"hostname":"api.rajaserverpremium.web.id","maxBodyLength":null,"maxRedirects":21,"method":"GET","nativeProtocols":{"http:":{"METHODS":["ACL","BIND","CHECKOUT","CONNECT","COPY","DELETE","GET","HEAD","LINK","LOCK","M-SEARCH","MERGE","MKACTIVITY","MKCALENDAR","MKCOL","MOVE","NOTIFY","OPTIONS","PATCH","POST","PROPFIND","PROPPATCH","PURGE","PUT","QUERY","REBIND","REPORT","SEARCH","SOURCE","SUBSCRIBE","TRACE","UNBIND","UNLINK","UNLOCK","UNSUBSCRIBE"],"STATUS_CODES":{"100":"Continue","101":"Switching Protocols","102":"Processing","103":"Early Hints","200":"OK","201":"Created","202":"Accepted","203":"Non-Authoritative Information","204":"No Content","205":"Reset Content","206":"Partial Content","207":"Multi-Status","208":"Already Reported","226":"IM Used","300":"Multiple Choices","301":"Moved Permanently","302":"Found","303":"See Other","304":"Not Modified","305":"Use Proxy","307":"Temporary Redirect","308":"Permanent Redirect","400":"Bad Request","401":"Unauthorized","402":"Payment Required","403":"Forbidden","404":"Not Found","405":"Method Not Allowed","406":"Not Acceptable","407":"Proxy Authentication Required","408":"Request Timeout","409":"Conflict","410":"Gone","411":"Length Required","412":"Precondition Failed","413":"Payload Too Large","414":"URI Too Long","415":"Unsupported Media Type","416":"Range Not Satisfiable","417":"Expectation Failed","418":"I'm a Teapot","421":"Misdirected Request","422":"Unprocessable Entity","423":"Locked","424":"Failed Dependency","425":"Too Early","426":"Upgrade Required","428":"Precondition Required","429":"Too Many Requests","431":"Request Header Fields Too Large","451":"Unavailable For Legal Reasons","500":"Internal Server Error","501":"Not Implemented","502":"Bad Gateway","503":"Service Unavailable","504":"Gateway Timeout","505":"HTTP Version Not Supported","506":"Variant Also Negotiates","507":"Insufficient Storage","508":"Loop Detected","509":"Bandwidth Limit Exceeded","510":"Not Extended","511":"Network Authentication Required"},"globalAgent":{"_events":{},"_eventsCount":2,"defaultPort":80,"freeSockets":{},"keepAlive":true,"keepAliveMsecs":1000,"maxFreeSockets":256,"maxSockets":null,"maxTotalSockets":null,"options":{"keepAlive":true,"noDelay":true,"path":null,"scheduling":"lifo","timeout":5000},"protocol":"http:","requests":{},"scheduling":"lifo","sockets":{},"totalSocketCount":0},"maxHeaderSize":16384},"https:":{"globalAgent":{"_events":{},"_eventsCount":2,"_sessionCache":{"list":["api.rajaserverpremium.web.id:443:::::::::::::::::::::"],"map":{"api.rajaserverpremium.web.id:443:::::::::::::::::::::":{"data":[48,130,5,65,2,1,1,2,2,3,4,4,2,19,2,4,32,30,10,34,223,95,11,72,186,127,24,95,95,72,32,243,105,19,86,193,19,39,180,127,65,83,8,174,195,238,196,123,179,4,48,125,15,241,13,33,163,103,117,54,235,170,52,215,111,233,138,179,128,172,221,146,118,22,111,32,220,255,152,129,86,110,206,205,249,88,111,253,221,51,107,127,110,247,32,179,120,66,136,161,6,2,4,105,111,174,27,162,4,2,2,28,32,163,130,3,209,48,130,3,205,48,130,3,114,160,3,2,1,2,2,16,83,100,82,125,214,58,243,187,14,11,131,211,98,161,77,124,48,10,6,8,42,134,72,206,61,4,3,2,48,59,49,11,48,9,6,3,85,4,6,19,2,85,83,49,30,48,28,6,3,85,4,10,19,21,71,111,111,103,108,101,32,84,114,117,115,116,32,83,101,114,118,105,99,101,115,49,12,48,10,6,3,85,4,3,19,3,87,69,49,48,30,23,13,50,53,49,50,49,53,48,51,53,49,51,53,90,23,13,50,54,48,51,49,53,48,52,52,57,48,54,90,48,35,49,33,48,31,6,3,85,4,3,19,24,114,97,106,97,115,101,114,118,101,114,112,114,101,109,105,117,109,46,119,101,98,46,105,100,48,89,48,19,6,7,42,134,72,206,61,2,1,6,8,42,134,72,206,61,3,1,7,3,66,0,4,209,65,248,198,152,178,80,43,76,156,21,181,92,1,237,118,53,13,210,42,15,124,212,102,245,214,179,237,66,78,179,128,178,124,71,4,150,143,103,173,213,93,32,127,178,132,49,155,107,84,200,182,247,77,43,187,116,4,84,48,228,78,239,92,163,130,2,110,48,130,2,106,48,14,6,3,85,29,15,1,1,255,4,4,3,2,7,128,48,19,6,3,85,29,37,4,12,48,10,6,8,43,6,1,5,5,7,3,1,48,12,6,3,85,29,19,1,1,255,4,2,48,0,48,29,6,3,85,29,14,4,22,4,20,139,247,2,230,192,10,215,58,117,122,101,186,168,30,149,38,246,33,63,110,48,31,6,3,85,29,35,4,24,48,22,128,20,144,119,146,53,103,196,255,168,204,169,230,123,217,128,121,123,204,147,249,56,48,94,6,8,43,6,1,5,5,7,1,1,4,82,48,80,48,39,6,8,43,6,1,5,5,7,48,1,134,27,104,116,116,112,58,47,47,111,46,112,107,105,46,103,111,111,103,47,115,47,119,101,49,47,85,50,81,48,37,6,8,43,6,1,5,5,7,48,2,134,25,104,116,116,112,58,47,47,105,46,112,107,105,46,103,111,111,103,47,119,101,49,46,99,114,116,48,63,6,3,85,29,17,4,56,48,54,130,24,114,97,106,97,115,101,114,118,101,114,112,114,101,109,105,117,109,46,119,101,98,46,105,100,130,26,42,46,114,97,106,97,115,101,114,118,101,114,112,114,101,109,105,117,109,46,119,101,98,46,105,100,48,19,6,3,85,29,32,4,12,48,10,48,8,6,6,103,129,12,1,2,1,48,54,6,3,85,29,31,4,47,48,45,48,43,160,41,160,39,134,37,104,116,116,112,58,47,47,99,46,112,107,105,46,103,111,111,103,47,119,101,49,47,66,119,89,107,100,53,88,107,89,56,99,46,99,114,108,48,130,1,5,6,10,43,6,1,4,1,214,121,2,4,2,4,129,246,4,129,243,0,241,0,119,0,100,17,196,108,164,18,236,167,137,28,162,2,46,0,188,171,79,40,7,212,30,53,39,171,234,254,213,3,201,125,205,240,0,0,1,155,32,89,131,239,0,0,4,3,0,72,48,70,2,33,0,200,14,101,120,225,210,194,22,149,176,32,104,187,40,61,59,152,52,162,76,181,1,107,107,34,138,194,10,152,31,67,210,2,33,0,187,47,172,38,105,252,86,88,70,255,204,206,105,116,55,85,230,209,241,104,206,164,37,105,241,129,67,198,103,185,225,129,0,118,0,14,87,148,188,243,174,169,62,51,27,44,153,7,179,247,144,223,155,194,61,113,50,37,221,33,169,37,172,97,197,78,33,0,0,1,155,32,89,132,33,0,0,4,3,0,71,48,69,2,32,124,23,13,124,214,207,104,188,163,13,194,132,106,215,65,63,181,238,171,124,183,6,105,127,159,198,231,84,52,82,168,184,2,33,0,194,221,136,115,191,240,84,86,177,105,57,180,237,26,177,2,186,192,62,120,143,46,7,211,68,212,223,238,47,195,204,255,48,10,6,8,42,134,72,206,61,4,3,2,3,73,0,48,70,2,33,0,196,136,149,225,67,116,128,137,116,100,48,36,4,77,73,93,122,88,9,34,194,24,83,222,208,76,104,232,239,68,178,179,2,33,0,137,111,135,125,148,246,200,35,101,217,140,190,214,214,4,129,43,40,18,114,232,92,81,91,68,7,68,27,45,45,173,126,164,2,4,0,166,30,4,28,97,112,105,46,114,97,106,97,115,101,114,118,101,114,112,114,101,109,105,117,109,46,119,101,98,46,105,100,169,5,2,3,0,253,32,170,129,195,4,129,192,106,83,162,200,67,66,194,5,33,51,170,246,153,254,181,178,107,66,35,51,74,222,166,50,132,90,192,21,94,72,209,101,136,142,31,107,23,65,119,104,74,26,143,193,214,16,125,218,219,116,235,126,120,16,52,52,149,242,191,45,223,83,103,82,167,254,245,207,108,195,11,98,146,97,101,74,162,253,62,56,246,63,148,223,73,107,116,69,42,238,61,213,137,166,156,164,253,255,178,94,40,254,26,189,167,206,13,95,117,147,130,215,190,233,96,25,14,37,113,87,144,250,243,13,220,2,91,211,124,200,19,38,39,177,59,38,97,85,116,192,211,93,90,42,230,8,31,35,123,246,27,243,108,19,29,38,163,252,28,28,86,18,182,71,207,200,156,38,23,169,151,92,93,53,252,2,87,119,91,203,174,207,90,179,166,143,151,180,223,180,49,242,174,7,2,5,0,147,99,70,178,179,3,2,1,29],"type":"Buffer"}}},"defaultPort":443,"freeSockets":{"api.rajaserverpremium.web.id:443:::::::::::::::::::::":[{"_SNICallback":null,"_closeAfterHandlingError":false,"_controlReleased":true,"_events":{"close":[null,null,null],"timeout":[null,null]},"_eventsCount":9,"_hadError":false,"_host":"api.rajaserverpremium.web.id","_httpMessage":null,"_newSessionPending":false,"_parent":null,"_pendingData":null,"_pendingEncoding":"","_readableState":{"awaitDrainWriters":null,"buffer":[],"bufferIndex":0,"highWaterMark":16384,"length":0,"pipes":[]},"_rejectUnauthorized":true,"_requestCert":true,"_secureEstablished":true,"_securePending":false,"_server":null,"_sockname":null,"_tlsOptions":{"isServer":false,"pipe":false,"rejectUnauthorized":true,"requestCert":true,"secureContext":{"context":{}}},"_writableState":{"bufferedIndex":0,"corked":0,"highWaterMark":16384,"length":0,"pendingcb":0,"writelen":0},"allowHalfOpen":false,"alpnProtocol":false,"authorizationError":null,"authorized":true,"autoSelectFamilyAttemptedAddresses":["104.21.71.150:443"],"connecting":false,"encrypted":true,"parser":null,"secureConnecting":false,"servername":"api.rajaserverpremium.web.id","ssl":{"_parent":{"onconnection":null,"reading":true},"_parentWrap":null,"_secureContext":{"context":{}},"reading":true},"timeout":5000}]},"keepAlive":true,"keepAliveMsecs":1000,"maxCachedSessions":100,"maxFreeSockets":256,"maxSockets":null,"maxTotalSockets":null,"options":{"keepAlive":true,"noDelay":true,"path":null,"scheduling":"lifo","timeout":5000},"protocol":"https:","requests":{},"scheduling":"lifo","sockets":{},"totalSocketCount":1}}},"path":"/orderkuota/createpayment?apikey=AriApiPaymetGetwayMod&amount=50300&codeqr=00020101021126670016COM.NOBUBANK.WWW01189360050300000879140214139599269048920303UMI51440014ID.CO.QRIS.WWW0215ID20253948025940303UMI5204541153033605802ID5919XYUZSTORE%20OK23960556004BONE61059167162070703A01630489F4","pathname":"/orderkuota/createpayment","port":"","protocol":"https:","search":"?apikey=AriApiPaymetGetwayMod&amount=50300&codeqr=00020101021126670016COM.NOBUBANK.WWW01189360050300000879140214139599269048920303UMI51440014ID.CO.QRIS.WWW0215ID20253948025940303UMI5204541153033605802ID5919XYUZSTORE%20OK23960556004BONE61059167162070703A01630489F4"},"_redirectCount":0,"_redirects":[],"_requestBodyBuffers":[],"_requestBodyLength":0,"_timeout":null,"_writableState":{"bufferedIndex":0,"corked":0,"highWaterMark":16384,"length":0,"pendingcb":0,"writelen":0}},"_removedConnection":false,"_removedContLen":false,"_removedTE":false,"_trailer":"","aborted":false,"agent":{"_events":{},"_eventsCount":2,"_sessionCache":{"list":["api.rajaserverpremium.web.id:443:::::::::::::::::::::"],"map":{"api.rajaserverpremium.web.id:443:::::::::::::::::::::":{"data":[48,130,5,65,2,1,1,2,2,3,4,4,2,19,2,4,32,30,10,34,223,95,11,72,186,127,24,95,95,72,32,243,105,19,86,193,19,39,180,127,65,83,8,174,195,238,196,123,179,4,48,125,15,241,13,33,163,103,117,54,235,170,52,215,111,233,138,179,128,172,221,146,118,22,111,32,220,255,152,129,86,110,206,205,249,88,111,253,221,51,107,127,110,247,32,179,120,66,136,161,6,2,4,105,111,174,27,162,4,2,2,28,32,163,130,3,209,48,130,3,205,48,130,3,114,160,3,2,1,2,2,16,83,100,82,125,214,58,243,187,14,11,131,211,98,161,77,124,48,10,6,8,42,134,72,206,61,4,3,2,48,59,49,11,48,9,6,3,85,4,6,19,2,85,83,49,30,48,28,6,3,85,4,10,19,21,71,111,111,103,108,101,32,84,114,117,115,116,32,83,101,114,118,105,99,101,115,49,12,48,10,6,3,85,4,3,19,3,87,69,49,48,30,23,13,50,53,49,50,49,53,48,51,53,49,51,53,90,23,13,50,54,48,51,49,53,48,52,52,57,48,54,90,48,35,49,33,48,31,6,3,85,4,3,19,24,114,97,106,97,115,101,114,118,101,114,112,114,101,109,105,117,109,46,119,101,98,46,105,100,48,89,48,19,6,7,42,134,72,206,61,2,1,6,8,42,134,72,206,61,3,1,7,3,66,0,4,209,65,248,198,152,178,80,43,76,156,21,181,92,1,237,118,53,13,210,42,15,124,212,102,245,214,179,237,66,78,179,128,178,124,71,4,150,143,103,173,213,93,32,127,178,132,49,155,107,84,200,182,247,77,43,187,116,4,84,48,228,78,239,92,163,130,2,110,48,130,2,106,48,14,6,3,85,29,15,1,1,255,4,4,3,2,7,128,48,19,6,3,85,29,37,4,12,48,10,6,8,43,6,1,5,5,7,3,1,48,12,6,3,85,29,19,1,1,255,4,2,48,0,48,29,6,3,85,29,14,4,22,4,20,139,247,2,230,192,10,215,58,117,122,101,186,168,30,149,38,246,33,63,110,48,31,6,3,85,29,35,4,24,48,22,128,20,144,119,146,53,103,196,255,168,204,169,230,123,217,128,121,123,204,147,249,56,48,94,6,8,43,6,1,5,5,7,1,1,4,82,48,80,48,39,6,8,43,6,1,5,5,7,48,1,134,27,104,116,116,112,58,47,47,111,46,112,107,105,46,103,111,111,103,47,115,47,119,101,49,47,85,50,81,48,37,6,8,43,6,1,5,5,7,48,2,134,25,104,116,116,112,58,47,47,105,46,112,107,105,46,103,111,111,103,47,119,101,49,46,99,114,116,48,63,6,3,85,29,17,4,56,48,54,130,24,114,97,106,97,115,101,114,118,101,114,112,114,101,109,105,117,109,46,119,101,98,46,105,100,130,26,42,46,114,97,106,97,115,101,114,118,101,114,112,114,101,109,105,117,109,46,119,101,98,46,105,100,48,19,6,3,85,29,32,4,12,48,10,48,8,6,6,103,129,12,1,2,1,48,54,6,3,85,29,31,4,47,48,45,48,43,160,41,160,39,134,37,104,116,116,112,58,47,47,99,46,112,107,105,46,103,111,111,103,47,119,101,49,47,66,119,89,107,100,53,88,107,89,56,99,46,99,114,108,48,130,1,5,6,10,43,6,1,4,1,214,121,2,4,2,4,129,246,4,129,243,0,241,0,119,0,100,17,196,108,164,18,236,167,137,28,162,2,46,0,188,171,79,40,7,212,30,53,39,171,234,254,213,3,201,125,205,240,0,0,1,155,32,89,131,239,0,0,4,3,0,72,48,70,2,33,0,200,14,101,120,225,210,194,22,149,176,32,104,187,40,61,59,152,52,162,76,181,1,107,107,34,138,194,10,152,31,67,210,2,33,0,187,47,172,38,105,252,86,88,70,255,204,206,105,116,55,85,230,209,241,104,206,164,37,105,241,129,67,198,103,185,225,129,0,118,0,14,87,148,188,243,174,169,62,51,27,44,153,7,179,247,144,223,155,194,61,113,50,37,221,33,169,37,172,97,197,78,33,0,0,1,155,32,89,132,33,0,0,4,3,0,71,48,69,2,32,124,23,13,124,214,207,104,188,163,13,194,132,106,215,65,63,181,238,171,124,183,6,105,127,159,198,231,84,52,82,168,184,2,33,0,194,221,136,115,191,240,84,86,177,105,57,180,237,26,177,2,186,192,62,120,143,46,7,211,68,212,223,238,47,195,204,255,48,10,6,8,42,134,72,206,61,4,3,2,3,73,0,48,70,2,33,0,196,136,149,225,67,116,128,137,116,100,48,36,4,77,73,93,122,88,9,34,194,24,83,222,208,76,104,232,239,68,178,179,2,33,0,137,111,135,125,148,246,200,35,101,217,140,190,214,214,4,129,43,40,18,114,232,92,81,91,68,7,68,27,45,45,173,126,164,2,4,0,166,30,4,28,97,112,105,46,114,97,106,97,115,101,114,118,101,114,112,114,101,109,105,117,109,46,119,101,98,46,105,100,169,5,2,3,0,253,32,170,129,195,4,129,192,106,83,162,200,67,66,194,5,33,51,170,246,153,254,181,178,107,66,35,51,74,222,166,50,132,90,192,21,94,72,209,101,136,142,31,107,23,65,119,104,74,26,143,193,214,16,125,218,219,116,235,126,120,16,52,52,149,242,191,45,223,83,103,82,167,254,245,207,108,195,11,98,146,97,101,74,162,253,62,56,246,63,148,223,73,107,116,69,42,238,61,213,137,166,156,164,253,255,178,94,40,254,26,189,167,206,13,95,117,147,130,215,190,233,96,25,14,37,113,87,144,250,243,13,220,2,91,211,124,200,19,38,39,177,59,38,97,85,116,192,211,93,90,42,230,8,31,35,123,246,27,243,108,19,29,38,163,252,28,28,86,18,182,71,207,200,156,38,23,169,151,92,93,53,252,2,87,119,91,203,174,207,90,179,166,143,151,180,223,180,49,242,174,7,2,5,0,147,99,70,178,179,3,2,1,29],"type":"Buffer"}}},"defaultPort":443,"freeSockets":{"api.rajaserverpremium.web.id:443:::::::::::::::::::::":[{"_SNICallback":null,"_closeAfterHandlingError":false,"_controlReleased":true,"_events":{"close":[null,null,null],"timeout":[null,null]},"_eventsCount":9,"_hadError":false,"_host":"api.rajaserverpremium.web.id","_httpMessage":null,"_newSessionPending":false,"_parent":null,"_pendingData":null,"_pendingEncoding":"","_readableState":{"awaitDrainWriters":null,"buffer":[],"bufferIndex":0,"highWaterMark":16384,"length":0,"pipes":[]},"_rejectUnauthorized":true,"_requestCert":true,"_secureEstablished":true,"_securePending":false,"_server":null,"_sockname":null,"_tlsOptions":{"isServer":false,"pipe":false,"rejectUnauthorized":true,"requestCert":true,"secureContext":{"context":{}}},"_writableState":{"bufferedIndex":0,"corked":0,"highWaterMark":16384,"length":0,"pendingcb":0,"writelen":0},"allowHalfOpen":false,"alpnProtocol":false,"authorizationError":null,"authorized":true,"autoSelectFamilyAttemptedAddresses":["104.21.71.150:443"],"connecting":false,"encrypted":true,"parser":null,"secureConnecting":false,"servername":"api.rajaserverpremium.web.id","ssl":{"_parent":{"onconnection":null,"reading":true},"_parentWrap":null,"_secureContext":{"context":{}},"reading":true},"timeout":5000}]},"keepAlive":true,"keepAliveMsecs":1000,"maxCachedSessions":100,"maxFreeSockets":256,"maxSockets":null,"maxTotalSockets":null,"options":{"keepAlive":true,"noDelay":true,"path":null,"scheduling":"lifo","timeout":5000},"protocol":"https:","requests":{},"scheduling":"lifo","sockets":{},"totalSocketCount":1},"chunkedEncoding":false,"destroyed":true,"finished":true,"host":"api.rajaserverpremium.web.id","maxHeadersCount":null,"maxRequestsOnConnectionReached":false,"method":"GET","outputData":[],"outputSize":0,"parser":null,"path":"/orderkuota/createpayment?apikey=AriApiPaymetGetwayMod&amount=50300&codeqr=00020101021126670016COM.NOBUBANK.WWW01189360050300000879140214139599269048920303UMI51440014ID.CO.QRIS.WWW0215ID20253948025940303UMI5204541153033605802ID5919XYUZSTORE%20OK23960556004BONE61059167162070703A01630489F4","protocol":"https:","res":{"_consuming":false,"_dumped":false,"_events":{"end":[null,null]},"_eventsCount":4,"_readableState":{"awaitDrainWriters":null,"buffer":[],"bufferIndex":0,"highWaterMark":16384,"length":0,"pipes":[]},"aborted":false,"client":{"_SNICallback":null,"_closeAfterHandlingError":false,"_controlReleased":true,"_events":{"close":[null,null,null],"timeout":[null,null]},"_eventsCount":9,"_hadError":false,"_host":"api.rajaserverpremium.web.id","_httpMessage":null,"_newSessionPending":false,"_parent":null,"_pendingData":null,"_pendingEncoding":"","_readableState":{"awaitDrainWriters":null,"buffer":[],"bufferIndex":0,"highWaterMark":16384,"length":0,"pipes":[]},"_rejectUnauthorized":true,"_requestCert":true,"_secureEstablished":true,"_securePending":false,"_server":null,"_sockname":null,"_tlsOptions":{"isServer":false,"pipe":false,"rejectUnauthorized":true,"requestCert":true,"secureContext":{"context":{}}},"_writableState":{"bufferedIndex":0,"corked":0,"highWaterMark":16384,"length":0,"pendingcb":0,"writelen":0},"allowHalfOpen":false,"alpnProtocol":false,"authorizationError":null,"authorized":true,"autoSelectFamilyAttemptedAddresses":["104.21.71.150:443"],"connecting":false,"encrypted":true,"parser":null,"secureConnecting":false,"servername":"api.rajaserverpremium.web.id","ssl":{"_parent":{"onconnection":null,"reading":true},"_parentWrap":null,"_secureContext":{"context":{}},"reading":true},"timeout":5000},"complete":true,"httpVersion":"1.1","httpVersionMajor":1,"httpVersionMinor":1,"method":null,"rawHeaders":["Date","Tue, 20 Jan 2026 16:33:11 GMT","Content-Type","application/json; charset=utf-8","Content-Length","45","Connection","keep-alive","access-control-allow-headers","Content-Type, X-API-Key, Authorization","access-control-allow-methods","GET, POST, PUT, DELETE","access-control-allow-origin","*","Age","0","Cache-Control","public, max-age=0, must-revalidate","etag","W/\"2d-d2fvxHDtVJhbZrJJJbqb3bCDRRw\"","Server","cloudflare","strict-transport-security","max-age=63072000","x-powered-by","Express","x-vercel-cache","MISS","x-vercel-id","sin1::iad1::sllt5-1768926790242-56c2ac5213e2","cf-cache-status","DYNAMIC","Nel","{\"report_to\":\"cf-nel\",\"success_fraction\":0.0,\"max_age\":604800}","Report-To","{\"group\":\"cf-nel\",\"max_age\":604800,\"endpoints\":[{\"url\":\"https://a.nel.cloudflare.com/report/v4?s=5uSvVrNiBV4N5JICcWLXKiTUP6XuQNZ%2Bp6kuv4eSZ16uWP0Fx%2BPUdTERYQDvL%2B8UzhhIJivcU2ex7QvM%2FvM0u33r7pToItiv8cAtD8Hi3ZzVckGa6TrJrF%2B6KRI%3D\"}]}","CF-RAY","9c0ff8d6d808fde6-SIN","alt-svc","h3=\":443\"; ma=86400"],"rawTrailers":[],"redirects":[],"req":"[Circular]","responseUrl":"https://api.rajaserverpremium.web.id/orderkuota/createpayment?apikey=AriApiPaymetGetwayMod&amount=50300&codeqr=00020101021126670016COM.NOBUBANK.WWW01189360050300000879140214139599269048920303UMI51440014ID.CO.QRIS.WWW0215ID20253948025940303UMI5204541153033605802ID5919XYUZSTORE%20OK23960556004BONE61059167162070703A01630489F4","socket":null,"statusCode":401,"statusMessage":"Unauthorized","upgrade":false,"url":""},"reusedSocket":false,"sendDate":false,"shouldKeepAlive":true,"socket":{"_SNICallback":null,"_closeAfterHandlingError":false,"_controlReleased":true,"_events":{"close":[null,null,null],"timeout":[null,null]},"_eventsCount":9,"_hadError":false,"_host":"api.rajaserverpremium.web.id","_httpMessage":null,"_newSessionPending":false,"_parent":null,"_pendingData":null,"_pendingEncoding":"","_readableState":{"awaitDrainWriters":null,"buffer":[],"bufferIndex":0,"highWaterMark":16384,"length":0,"pipes":[]},"_rejectUnauthorized":true,"_requestCert":true,"_secureEstablished":true,"_securePending":false,"_server":null,"_sockname":null,"_tlsOptions":{"isServer":false,"pipe":false,"rejectUnauthorized":true,"requestCert":true,"secureContext":{"context":{}}},"_writableState":{"bufferedIndex":0,"corked":0,"highWaterMark":16384,"length":0,"pendingcb":0,"writelen":0},"allowHalfOpen":false,"alpnProtocol":false,"authorizationError":null,"authorized":true,"autoSelectFamilyAttemptedAddresses":["104.21.71.150:443"],"connecting":false,"encrypted":true,"parser":null,"secureConnecting":false,"servername":"api.rajaserverpremium.web.id","ssl":{"_parent":{"onconnection":null,"reading":true},"_parentWrap":null,"_secureContext":{"context":{}},"reading":true},"timeout":5000},"strictContentLength":false,"timeoutCb":null,"upgradeOrConnect":false,"useChunkedEncodingByDefault":false,"writable":true},"status":401,"statusText":"Unauthorized"},"stack":"AxiosError: Request failed with status code 401\n    at settle (/root/BotVPN/node_modules/axios/dist/node/axios.cjs:2106:12)\n    at IncomingMessage.handleStreamEnd (/root/BotVPN/node_modules/axios/dist/node/axios.cjs:3491:11)\n    at IncomingMessage.emit (node:events:536:35)\n    at endReadableNT (node:internal/streams/readable:1698:12)\n    at process.processTicksAndRejections (node:internal/process/task_queues:82:21)\n    at Axios.request (/root/BotVPN/node_modules/axios/dist/node/axios.cjs:4731:41)\n    at process.processTicksAndRejections (node:internal/process/task_queues:95:5)\n    at async processResellerUpgradePayment (/root/BotVPN/app.js:6152:19)\n    at async /root/BotVPN/app.js:5354:5\n    at async execute (/root/BotVPN/node_modules/telegraf/lib/composer.js:518:17)\n    at async /root/BotVPN/node_modules/telegraf/lib/composer.js:519:21\n    at async execute (/root/BotVPN/node_modules/telegraf/lib/composer.js:518:17)\n    at async /root/BotVPN/node_modules/telegraf/lib/composer.js:519:21\n    at async execute (/root/BotVPN/node_modules/telegraf/lib/composer.js:518:17)\n    at async /root/BotVPN/node_modules/telegraf/lib/composer.js:519:21","status":401,"timestamp":"2026-01-20T16:32:27.599Z"}
info: Main menu sent {"timestamp":"2026-01-20T16:32:31.524Z"}
info: create service menu sent {"timestamp":"2026-01-20T16:32:34.877Z"}
info: Main menu sent {"timestamp":"2026-01-20T16:32:36.826Z"}
info: renew service menu sent {"timestamp":"2026-01-20T16:37:12.604Z"}
info: Main menu sent {"timestamp":"2026-01-20T16:37:16.231Z"}
info: renew service menu sent {"timestamp":"2026-01-20T16:37:21.505Z"}
info: Main menu sent {"timestamp":"2026-01-20T16:37:25.217Z"}
info: Main menu sent {"timestamp":"2026-01-20T16:37:26.987Z"}
info: create service menu sent {"timestamp":"2026-01-20T16:37:27.557Z"}
info: Main menu sent {"timestamp":"2026-01-20T16:38:01.494Z"}
info: create service menu sent {"timestamp":"2026-01-20T16:38:07.236Z"}
✅ total_create_akun ZIVPN++ untuk serverId 98 (exp=3)
info: Account create sukses untuk user 6323608762, type: zivpn {"timestamp":"2026-01-20T16:38:33.894Z"}
info: Main menu sent {"timestamp":"2026-01-20T16:40:14.331Z"}
/root/BotVPN/app.js:2876
    '♻️ *MENU RENEW*\n\nilih metode Renew:'
    ^^^^^^^^^^^^^^^^^^^^^^^^^^^^^^^^^^^^^^^

SyntaxError: missing ) after argument list
    at wrapSafe (node:internal/modules/cjs/loader:1464:18)
    at Module._compile (node:internal/modules/cjs/loader:1495:20)
    at Module._extensions..js (node:internal/modules/cjs/loader:1623:10)
    at Module.load (node:internal/modules/cjs/loader:1266:32)
    at Module._load (node:internal/modules/cjs/loader:1091:12)
    at Object.<anonymous> (/usr/local/lib/node_modules/pm2/lib/ProcessContainerFork.js:33:23)
    at Module._compile (node:internal/modules/cjs/loader:1521:14)
    at Module._extensions..js (node:internal/modules/cjs/loader:1623:10)
    at Module.load (node:internal/modules/cjs/loader:1266:32)
    at Module._load (node:internal/modules/cjs/loader:1091:12)
/root/BotVPN/app.js:2876
    '♻️ *MENU RENEW*\n\nilih metode Renew:'
    ^^^^^^^^^^^^^^^^^^^^^^^^^^^^^^^^^^^^^^^

SyntaxError: missing ) after argument list
    at wrapSafe (node:internal/modules/cjs/loader:1464:18)
    at Module._compile (node:internal/modules/cjs/loader:1495:20)
    at Module._extensions..js (node:internal/modules/cjs/loader:1623:10)
    at Module.load (node:internal/modules/cjs/loader:1266:32)
    at Module._load (node:internal/modules/cjs/loader:1091:12)
    at Object.<anonymous> (/usr/local/lib/node_modules/pm2/lib/ProcessContainerFork.js:33:23)
    at Module._compile (node:internal/modules/cjs/loader:1521:14)
    at Module._extensions..js (node:internal/modules/cjs/loader:1623:10)
    at Module.load (node:internal/modules/cjs/loader:1266:32)
    at Module._load (node:internal/modules/cjs/loader:1091:12)
/root/BotVPN/app.js:2876
    '♻️ *MENU RENEW*\n\nilih metode Renew:'
    ^^^^^^^^^^^^^^^^^^^^^^^^^^^^^^^^^^^^^^^

SyntaxError: missing ) after argument list
    at wrapSafe (node:internal/modules/cjs/loader:1464:18)
    at Module._compile (node:internal/modules/cjs/loader:1495:20)
    at Module._extensions..js (node:internal/modules/cjs/loader:1623:10)
    at Module.load (node:internal/modules/cjs/loader:1266:32)
    at Module._load (node:internal/modules/cjs/loader:1091:12)
    at Object.<anonymous> (/usr/local/lib/node_modules/pm2/lib/ProcessContainerFork.js:33:23)
    at Module._compile (node:internal/modules/cjs/loader:1521:14)
    at Module._extensions..js (node:internal/modules/cjs/loader:1623:10)
    at Module.load (node:internal/modules/cjs/loader:1266:32)
    at Module._load (node:internal/modules/cjs/loader:1091:12)
/root/BotVPN/app.js:2876
    '♻️ *MENU RENEW*\n\nilih metode Renew:'
    ^^^^^^^^^^^^^^^^^^^^^^^^^^^^^^^^^^^^^^^

SyntaxError: missing ) after argument list
    at wrapSafe (node:internal/modules/cjs/loader:1464:18)
    at Module._compile (node:internal/modules/cjs/loader:1495:20)
    at Module._extensions..js (node:internal/modules/cjs/loader:1623:10)
    at Module.load (node:internal/modules/cjs/loader:1266:32)
    at Module._load (node:internal/modules/cjs/loader:1091:12)
    at Object.<anonymous> (/usr/local/lib/node_modules/pm2/lib/ProcessContainerFork.js:33:23)
    at Module._compile (node:internal/modules/cjs/loader:1521:14)
    at Module._extensions..js (node:internal/modules/cjs/loader:1623:10)
    at Module.load (node:internal/modules/cjs/loader:1266:32)
    at Module._load (node:internal/modules/cjs/loader:1091:12)
/root/BotVPN/app.js:2876
    '♻️ *MENU RENEW*\n\nilih metode Renew:'
    ^^^^^^^^^^^^^^^^^^^^^^^^^^^^^^^^^^^^^^^

SyntaxError: missing ) after argument list
    at wrapSafe (node:internal/modules/cjs/loader:1464:18)
    at Module._compile (node:internal/modules/cjs/loader:1495:20)
    at Module._extensions..js (node:internal/modules/cjs/loader:1623:10)
    at Module.load (node:internal/modules/cjs/loader:1266:32)
    at Module._load (node:internal/modules/cjs/loader:1091:12)
    at Object.<anonymous> (/usr/local/lib/node_modules/pm2/lib/ProcessContainerFork.js:33:23)
    at Module._compile (node:internal/modules/cjs/loader:1521:14)
    at Module._extensions..js (node:internal/modules/cjs/loader:1623:10)
    at Module.load (node:internal/modules/cjs/loader:1266:32)
    at Module._load (node:internal/modules/cjs/loader:1091:12)
/root/BotVPN/app.js:2876
    '♻️ *MENU RENEW*\n\nilih metode Renew:'
    ^^^^^^^^^^^^^^^^^^^^^^^^^^^^^^^^^^^^^^^

SyntaxError: missing ) after argument list
    at wrapSafe (node:internal/modules/cjs/loader:1464:18)
    at Module._compile (node:internal/modules/cjs/loader:1495:20)
    at Module._extensions..js (node:internal/modules/cjs/loader:1623:10)
    at Module.load (node:internal/modules/cjs/loader:1266:32)
    at Module._load (node:internal/modules/cjs/loader:1091:12)
    at Object.<anonymous> (/usr/local/lib/node_modules/pm2/lib/ProcessContainerFork.js:33:23)
    at Module._compile (node:internal/modules/cjs/loader:1521:14)
    at Module._extensions..js (node:internal/modules/cjs/loader:1623:10)
    at Module.load (node:internal/modules/cjs/loader:1266:32)
    at Module._load (node:internal/modules/cjs/loader:1091:12)
/root/BotVPN/app.js:2876
    '♻️ *MENU RENEW*\n\nilih metode Renew:'
    ^^^^^^^^^^^^^^^^^^^^^^^^^^^^^^^^^^^^^^^

SyntaxError: missing ) after argument list
    at wrapSafe (node:internal/modules/cjs/loader:1464:18)
    at Module._compile (node:internal/modules/cjs/loader:1495:20)
    at Module._extensions..js (node:internal/modules/cjs/loader:1623:10)
    at Module.load (node:internal/modules/cjs/loader:1266:32)
    at Module._load (node:internal/modules/cjs/loader:1091:12)
    at Object.<anonymous> (/usr/local/lib/node_modules/pm2/lib/ProcessContainerFork.js:33:23)
    at Module._compile (node:internal/modules/cjs/loader:1521:14)
    at Module._extensions..js (node:internal/modules/cjs/loader:1623:10)
    at Module.load (node:internal/modules/cjs/loader:1266:32)
    at Module._load (node:internal/modules/cjs/loader:1091:12)
/root/BotVPN/app.js:2876
    '♻️ *MENU RENEW*\n\nilih metode Renew:'
    ^^^^^^^^^^^^^^^^^^^^^^^^^^^^^^^^^^^^^^^

SyntaxError: missing ) after argument list
    at wrapSafe (node:internal/modules/cjs/loader:1464:18)
    at Module._compile (node:internal/modules/cjs/loader:1495:20)
    at Module._extensions..js (node:internal/modules/cjs/loader:1623:10)
    at Module.load (node:internal/modules/cjs/loader:1266:32)
    at Module._load (node:internal/modules/cjs/loader:1091:12)
    at Object.<anonymous> (/usr/local/lib/node_modules/pm2/lib/ProcessContainerFork.js:33:23)
    at Module._compile (node:internal/modules/cjs/loader:1521:14)
    at Module._extensions..js (node:internal/modules/cjs/loader:1623:10)
    at Module.load (node:internal/modules/cjs/loader:1266:32)
    at Module._load (node:internal/modules/cjs/loader:1091:12)
/root/BotVPN/app.js:2876
    '♻️ *MENU RENEW*\n\nilih metode Renew:'
    ^^^^^^^^^^^^^^^^^^^^^^^^^^^^^^^^^^^^^^^

SyntaxError: missing ) after argument list
    at wrapSafe (node:internal/modules/cjs/loader:1464:18)
    at Module._compile (node:internal/modules/cjs/loader:1495:20)
    at Module._extensions..js (node:internal/modules/cjs/loader:1623:10)
    at Module.load (node:internal/modules/cjs/loader:1266:32)
    at Module._load (node:internal/modules/cjs/loader:1091:12)
    at Object.<anonymous> (/usr/local/lib/node_modules/pm2/lib/ProcessContainerFork.js:33:23)
    at Module._compile (node:internal/modules/cjs/loader:1521:14)
    at Module._extensions..js (node:internal/modules/cjs/loader:1623:10)
    at Module.load (node:internal/modules/cjs/loader:1266:32)
    at Module._load (node:internal/modules/cjs/loader:1091:12)
/root/BotVPN/app.js:2876
    '♻️ *MENU RENEW*\n\nilih metode Renew:'
    ^^^^^^^^^^^^^^^^^^^^^^^^^^^^^^^^^^^^^^^

SyntaxError: missing ) after argument list
    at wrapSafe (node:internal/modules/cjs/loader:1464:18)
    at Module._compile (node:internal/modules/cjs/loader:1495:20)
    at Module._extensions..js (node:internal/modules/cjs/loader:1623:10)
    at Module.load (node:internal/modules/cjs/loader:1266:32)
    at Module._load (node:internal/modules/cjs/loader:1091:12)
    at Object.<anonymous> (/usr/local/lib/node_modules/pm2/lib/ProcessContainerFork.js:33:23)
    at Module._compile (node:internal/modules/cjs/loader:1521:14)
    at Module._extensions..js (node:internal/modules/cjs/loader:1623:10)
    at Module.load (node:internal/modules/cjs/loader:1266:32)
    at Module._load (node:internal/modules/cjs/loader:1091:12)
/root/BotVPN/app.js:2876
    '♻️ *MENU RENEW*\n\nilih metode Renew:'
    ^^^^^^^^^^^^^^^^^^^^^^^^^^^^^^^^^^^^^^^

SyntaxError: missing ) after argument list
    at wrapSafe (node:internal/modules/cjs/loader:1464:18)
    at Module._compile (node:internal/modules/cjs/loader:1495:20)
    at Module._extensions..js (node:internal/modules/cjs/loader:1623:10)
    at Module.load (node:internal/modules/cjs/loader:1266:32)
    at Module._load (node:internal/modules/cjs/loader:1091:12)
    at Object.<anonymous> (/usr/local/lib/node_modules/pm2/lib/ProcessContainerFork.js:33:23)
    at Module._compile (node:internal/modules/cjs/loader:1521:14)
    at Module._extensions..js (node:internal/modules/cjs/loader:1623:10)
    at Module.load (node:internal/modules/cjs/loader:1266:32)
    at Module._load (node:internal/modules/cjs/loader:1091:12)
/root/BotVPN/app.js:2876
    '♻️ *MENU RENEW*\n\nilih metode Renew:'
    ^^^^^^^^^^^^^^^^^^^^^^^^^^^^^^^^^^^^^^^

SyntaxError: missing ) after argument list
    at wrapSafe (node:internal/modules/cjs/loader:1464:18)
    at Module._compile (node:internal/modules/cjs/loader:1495:20)
    at Module._extensions..js (node:internal/modules/cjs/loader:1623:10)
    at Module.load (node:internal/modules/cjs/loader:1266:32)
    at Module._load (node:internal/modules/cjs/loader:1091:12)
    at Object.<anonymous> (/usr/local/lib/node_modules/pm2/lib/ProcessContainerFork.js:33:23)
    at Module._compile (node:internal/modules/cjs/loader:1521:14)
    at Module._extensions..js (node:internal/modules/cjs/loader:1623:10)
    at Module.load (node:internal/modules/cjs/loader:1266:32)
    at Module._load (node:internal/modules/cjs/loader:1091:12)
/root/BotVPN/app.js:2876
    '♻️ *MENU RENEW*\n\nilih metode Renew:'
    ^^^^^^^^^^^^^^^^^^^^^^^^^^^^^^^^^^^^^^^

SyntaxError: missing ) after argument list
    at wrapSafe (node:internal/modules/cjs/loader:1464:18)
    at Module._compile (node:internal/modules/cjs/loader:1495:20)
    at Module._extensions..js (node:internal/modules/cjs/loader:1623:10)
    at Module.load (node:internal/modules/cjs/loader:1266:32)
    at Module._load (node:internal/modules/cjs/loader:1091:12)
    at Object.<anonymous> (/usr/local/lib/node_modules/pm2/lib/ProcessContainerFork.js:33:23)
    at Module._compile (node:internal/modules/cjs/loader:1521:14)
    at Module._extensions..js (node:internal/modules/cjs/loader:1623:10)
    at Module.load (node:internal/modules/cjs/loader:1266:32)
    at Module._load (node:internal/modules/cjs/loader:1091:12)
/root/BotVPN/app.js:2876
    '♻️ *MENU RENEW*\n\nilih metode Renew:'
    ^^^^^^^^^^^^^^^^^^^^^^^^^^^^^^^^^^^^^^^

SyntaxError: missing ) after argument list
    at wrapSafe (node:internal/modules/cjs/loader:1464:18)
    at Module._compile (node:internal/modules/cjs/loader:1495:20)
    at Module._extensions..js (node:internal/modules/cjs/loader:1623:10)
    at Module.load (node:internal/modules/cjs/loader:1266:32)
    at Module._load (node:internal/modules/cjs/loader:1091:12)
    at Object.<anonymous> (/usr/local/lib/node_modules/pm2/lib/ProcessContainerFork.js:33:23)
    at Module._compile (node:internal/modules/cjs/loader:1521:14)
    at Module._extensions..js (node:internal/modules/cjs/loader:1623:10)
    at Module.load (node:internal/modules/cjs/loader:1266:32)
    at Module._load (node:internal/modules/cjs/loader:1091:12)
/root/BotVPN/app.js:2876
    '♻️ *MENU RENEW*\n\nilih metode Renew:'
    ^^^^^^^^^^^^^^^^^^^^^^^^^^^^^^^^^^^^^^^

SyntaxError: missing ) after argument list
    at wrapSafe (node:internal/modules/cjs/loader:1464:18)
    at Module._compile (node:internal/modules/cjs/loader:1495:20)
    at Module._extensions..js (node:internal/modules/cjs/loader:1623:10)
    at Module.load (node:internal/modules/cjs/loader:1266:32)
    at Module._load (node:internal/modules/cjs/loader:1091:12)
    at Object.<anonymous> (/usr/local/lib/node_modules/pm2/lib/ProcessContainerFork.js:33:23)
    at Module._compile (node:internal/modules/cjs/loader:1521:14)
    at Module._extensions..js (node:internal/modules/cjs/loader:1623:10)
    at Module.load (node:internal/modules/cjs/loader:1266:32)
    at Module._load (node:internal/modules/cjs/loader:1091:12)
/root/BotVPN/app.js:2876
    '♻️ *MENU RENEW*\n\nilih metode Renew:'
    ^^^^^^^^^^^^^^^^^^^^^^^^^^^^^^^^^^^^^^^

SyntaxError: missing ) after argument list
    at wrapSafe (node:internal/modules/cjs/loader:1464:18)
    at Module._compile (node:internal/modules/cjs/loader:1495:20)
    at Module._extensions..js (node:internal/modules/cjs/loader:1623:10)
    at Module.load (node:internal/modules/cjs/loader:1266:32)
    at Module._load (node:internal/modules/cjs/loader:1091:12)
    at Object.<anonymous> (/usr/local/lib/node_modules/pm2/lib/ProcessContainerFork.js:33:23)
    at Module._compile (node:internal/modules/cjs/loader:1521:14)
    at Module._extensions..js (node:internal/modules/cjs/loader:1623:10)
    at Module.load (node:internal/modules/cjs/loader:1266:32)
    at Module._load (node:internal/modules/cjs/loader:1091:12)
info: Bot initialized {"timestamp":"2026-01-20T16:44:11.493Z"}
info: User state initialized {"timestamp":"2026-01-20T16:44:11.502Z"}
info: Server berjalan di port 6961 {"timestamp":"2026-01-20T16:44:11.510Z"}
info: Terhubung ke SQLite3 {"timestamp":"2026-01-20T16:44:11.592Z"}
info: Server table ready {"timestamp":"2026-01-20T16:44:11.603Z"}
info: Users table ready {"timestamp":"2026-01-20T16:44:11.604Z"}
info: Transactions table ready {"timestamp":"2026-01-20T16:44:11.605Z"}
info: Table user_accounts ready {"timestamp":"2026-01-20T16:44:11.606Z"}
info: Add IP price loaded from DB: 2000 {"timestamp":"2026-01-20T16:44:11.607Z"}
info: Pending deposit loaded: {"timestamp":"2026-01-20T16:44:11.608Z"}
info: Admin username detected: @xyztunnn {"timestamp":"2026-01-20T16:44:12.317Z"}
info: Main menu sent {"timestamp":"2026-01-20T16:44:16.030Z"}
info: Main menu sent {"timestamp":"2026-01-20T16:45:07.262Z"}
info: Main menu sent {"timestamp":"2026-01-20T18:10:16.965Z"}
info: Main menu sent {"timestamp":"2026-01-20T18:27:50.572Z"}
info: Main menu sent {"timestamp":"2026-01-20T18:57:55.265Z"}
info: Main menu sent {"timestamp":"2026-01-21T00:05:51.077Z"}
info: Main menu sent {"timestamp":"2026-01-21T00:06:15.081Z"}
info: Main menu sent {"timestamp":"2026-01-21T00:06:26.775Z"}
info: create service menu sent {"timestamp":"2026-01-21T00:06:28.425Z"}
info: Main menu sent {"timestamp":"2026-01-21T00:07:07.770Z"}
info: Main menu sent {"timestamp":"2026-01-21T00:57:24.686Z"}
info: create service menu sent {"timestamp":"2026-01-21T01:29:30.909Z"}
⚠️ Exp ZIVPN 2 hari tidak dicatat ke total_create_akun
info: Account create sukses untuk user 8192409872, type: zivpn {"timestamp":"2026-01-21T01:29:59.263Z"}
info: Main menu sent {"timestamp":"2026-01-21T01:52:00.557Z"}
info: create service menu sent {"timestamp":"2026-01-21T01:52:05.375Z"}
Creating VMESS account for 21jan with expiry 7 days
✅ total_create_akun++ untuk serverId 92 (exp=7)
info: Account create sukses untuk user 7960158114, type: vmess {"timestamp":"2026-01-21T01:52:26.930Z"}
info: Main menu sent {"timestamp":"2026-01-21T01:53:44.230Z"}
info: create service menu sent {"timestamp":"2026-01-21T01:53:58.108Z"}
info: Main menu sent {"timestamp":"2026-01-21T01:54:12.007Z"}
info: Main menu sent {"timestamp":"2026-01-21T03:08:46.749Z"}
info: create service menu sent {"timestamp":"2026-01-21T03:08:56.325Z"}
info: Main menu sent {"timestamp":"2026-01-21T04:02:11.485Z"}
info: create service menu sent {"timestamp":"2026-01-21T04:02:12.844Z"}
Creating VMESS account for manut with expiry 30 days
✅ total_create_akun++ untuk serverId 79 (exp=30)
info: Account create sukses untuk user 7768199065, type: vmess {"timestamp":"2026-01-21T04:02:31.291Z"}
info: Main menu sent {"timestamp":"2026-01-21T04:04:36.922Z"}
info: Main menu sent {"timestamp":"2026-01-21T04:47:53.256Z"}
info: Main menu sent {"timestamp":"2026-01-21T04:48:27.823Z"}
info: create service menu sent {"timestamp":"2026-01-21T04:48:29.069Z"}
info: Main menu sent {"timestamp":"2026-01-21T06:18:34.465Z"}
info: Main menu sent {"timestamp":"2026-01-21T07:01:26.933Z"}
info: 🔍 User 5634189798 memulai proses top-up saldo. {"timestamp":"2026-01-21T07:01:34.079Z"}
info: Main menu sent {"timestamp":"2026-01-21T08:34:22.460Z"}
info: create service menu sent {"timestamp":"2026-01-21T08:34:25.233Z"}
✅ total_create_akun ZIVPN++ untuk serverId 98 (exp=3)
info: Account create sukses untuk user 6323608762, type: zivpn {"timestamp":"2026-01-21T08:34:49.871Z"}
info: Main menu sent {"timestamp":"2026-01-21T09:48:45.703Z"}
info: 🔍 User 6458987354 memulai proses top-up saldo. {"timestamp":"2026-01-21T09:48:49.131Z"}
info: Main menu sent {"timestamp":"2026-01-21T09:48:54.671Z"}
info: create service menu sent {"timestamp":"2026-01-21T09:48:57.404Z"}
info: Main menu sent {"timestamp":"2026-01-21T09:48:59.404Z"}
info: Main menu sent {"timestamp":"2026-01-21T10:29:49.694Z"}
info: 🔍 User 6323608762 memulai proses top-up saldo. {"timestamp":"2026-01-21T10:36:04.579Z"}
info: Main menu sent {"timestamp":"2026-01-21T10:36:33.547Z"}
info: 🔍 User 6323608762 memulai proses top-up saldo. {"timestamp":"2026-01-21T10:36:35.355Z"}
info: Payment processed successfully for user-6323608762-1768991801767 {"timestamp":"2026-01-21T10:37:26.706Z"}
info: Main menu sent {"timestamp":"2026-01-21T10:47:52.548Z"}
info: del service menu sent {"timestamp":"2026-01-21T10:47:55.446Z"}
info: Main menu sent {"timestamp":"2026-01-21T10:48:18.934Z"}
info: Main menu sent {"timestamp":"2026-01-21T10:48:51.364Z"}
info: Main menu sent {"timestamp":"2026-01-21T10:50:00.801Z"}
info: del service menu sent {"timestamp":"2026-01-21T10:50:04.539Z"}
🧪 ID Pengguna: 6202490359
📂 Daftar Ressel: [ '7570184058', '8461801575', '7960158114', '6202490359' ]
Renewing VMess account for mmraffa with expiry none days, quota none GB, limit IP none
⚠️ FULL DATA: {
  "meta": {
    "code": 200,
    "status": "success",
    "ip_address": "103.175.219.124",
    "message": "Success delete mmraffa"
  },
  "data": {
    "username": "mmraffa"
  }
}
info: ✅ Akun vmess berhasil dihapus oleh 6202490359 {"timestamp":"2026-01-21T10:50:31.556Z"}
info: Main menu sent {"timestamp":"2026-01-21T10:50:41.975Z"}
info: Main menu sent {"timestamp":"2026-01-21T10:56:16.964Z"}
info: create service menu sent {"timestamp":"2026-01-21T10:56:31.246Z"}
info: Main menu sent {"timestamp":"2026-01-21T10:56:45.136Z"}
info: Main menu sent {"timestamp":"2026-01-21T10:57:58.760Z"}
info: create service menu sent {"timestamp":"2026-01-21T10:58:01.114Z"}
Creating VLESS account for riagarara with expiry 7 days
✅ total_create_akun++ untuk serverId 90 (exp=7)
info: Account create sukses untuk user 6202490359, type: vless {"timestamp":"2026-01-21T10:58:42.253Z"}
info: Main menu sent {"timestamp":"2026-01-21T11:28:47.493Z"}
info: Main menu sent {"timestamp":"2026-01-21T11:34:46.594Z"}
info: create service menu sent {"timestamp":"2026-01-21T11:34:47.858Z"}
info: Main menu sent {"timestamp":"2026-01-21T11:34:51.791Z"}
info: create service menu sent {"timestamp":"2026-01-21T11:34:54.004Z"}
info: Admin menu requested {"timestamp":"2026-01-21T11:35:15.770Z"}
info: Admin menu sent as new message {"timestamp":"2026-01-21T11:35:16.308Z"}
info: Edit server total create akun process started {"timestamp":"2026-01-21T11:35:18.516Z"}
info: User 7768199065 memilih untuk mengedit total create akun server dengan ID: 81 {"timestamp":"2026-01-21T11:35:25.728Z"}
info: Main menu sent {"timestamp":"2026-01-21T11:35:32.948Z"}
info: create service menu sent {"timestamp":"2026-01-21T11:35:34.104Z"}
info: create service menu sent as new message {"timestamp":"2026-01-21T11:35:35.034Z"}
info: User 7768199065 memilih untuk mengedit total create akun server dengan ID: 78 {"timestamp":"2026-01-21T11:35:45.189Z"}
info: Main menu sent {"timestamp":"2026-01-21T11:36:03.128Z"}
info: create service menu sent {"timestamp":"2026-01-21T11:36:04.453Z"}
info: Main menu sent {"timestamp":"2026-01-21T11:37:51.497Z"}
info: create service menu sent {"timestamp":"2026-01-21T11:37:52.671Z"}
info: Main menu sent {"timestamp":"2026-01-21T11:51:22.728Z"}
TelegramError: 400: Bad Request: can't parse entities: Character '!' is reserved and must be escaped with the preceding '\'
    at Telegram.callApi (/root/BotVPN/node_modules/telegraf/lib/core/network/client.js:315:19)
    at process.processTicksAndRejections (node:internal/process/task_queues:95:5) {
  response: {
    ok: false,
    error_code: 400,
    description: "Bad Request: can't parse entities: Character '!' is reserved and must be escaped with the preceding '\\'"
  },
  on: {
    method: 'sendMessage',
    payload: {
      chat_id: 7768199065,
      message_thread_id: undefined,
      parse_mode: 'MarkdownV2',
      text: '*Broadcast Selesai!*\n' +
        '\n' +
        'Berhasil  : `308`\n' +
        'Gagal     : `3`\n' +
        'Dihapus   : `3`\n' +
        'Sisa user : `308`'
    }
  }
}
info: Main menu sent {"timestamp":"2026-01-21T11:53:55.993Z"}
info: Main menu sent {"timestamp":"2026-01-21T11:54:45.341Z"}
info: Main menu sent {"timestamp":"2026-01-21T11:55:39.244Z"}
info: Main menu sent {"timestamp":"2026-01-21T12:03:29.954Z"}
info: create service menu sent {"timestamp":"2026-01-21T12:03:34.300Z"}
info: Main menu sent {"timestamp":"2026-01-21T12:26:26.888Z"}
info: create service menu sent {"timestamp":"2026-01-21T12:34:43.938Z"}
info: Main menu sent {"timestamp":"2026-01-21T12:57:23.382Z"}
info: Main menu sent {"timestamp":"2026-01-21T13:03:18.782Z"}
info: Main menu sent {"timestamp":"2026-01-21T13:13:18.739Z"}
info: 🔍 User 6869306122 memulai proses top-up saldo. {"timestamp":"2026-01-21T13:13:26.375Z"}
info: Main menu sent {"timestamp":"2026-01-21T14:10:07.760Z"}
info: create service menu sent {"timestamp":"2026-01-21T14:10:13.037Z"}
info: Main menu sent {"timestamp":"2026-01-21T14:10:16.954Z"}
info: 🔍 User 8169707317 memulai proses top-up saldo. {"timestamp":"2026-01-21T14:10:35.785Z"}
info: Payment processed successfully for user-8169707317-1769004749419 {"timestamp":"2026-01-21T14:14:17.744Z"}
info: Main menu sent {"timestamp":"2026-01-21T14:14:31.948Z"}
info: trial service menu sent {"timestamp":"2026-01-21T14:14:34.171Z"}
info: ✅ Trial ssh dibuat oleh 8169707317 {"timestamp":"2026-01-21T14:14:46.384Z"}
Creating SSH account for trial-85uaf with expiry 1 days, IP limit 1, and password none
info: Main menu sent {"timestamp":"2026-01-21T14:15:04.860Z"}
info: Main menu sent {"timestamp":"2026-01-21T15:07:05.346Z"}
info: Main menu sent {"timestamp":"2026-01-21T18:07:13.629Z"}
info: create service menu sent {"timestamp":"2026-01-21T18:07:17.706Z"}
⚠️ Exp ZIVPN 1 hari tidak dicatat ke total_create_akun
info: Account create sukses untuk user 6964730304, type: zivpn {"timestamp":"2026-01-21T18:07:46.496Z"}
info: Main menu sent {"timestamp":"2026-01-21T19:50:45.608Z"}
info: Main menu sent {"timestamp":"2026-01-21T22:03:46.487Z"}
info: create service menu sent {"timestamp":"2026-01-21T22:03:48.666Z"}
⚠️ Exp ZIVPN 1 hari tidak dicatat ke total_create_akun
info: Account create sukses untuk user 689357426, type: zivpn {"timestamp":"2026-01-21T22:04:15.314Z"}
info: Main menu sent {"timestamp":"2026-01-22T00:54:52.335Z"}
info: Main menu sent {"timestamp":"2026-01-22T00:57:21.661Z"}
info: Main menu sent {"timestamp":"2026-01-22T02:12:18.722Z"}
Renewing VMess account for ancagarara with expiry 7 days, quota 200 GB, limit IP 2
✅ total_create_akun diperbarui untuk serverId 90 dengan exp 7
info: Account renew sukses untuk user 6202490359, type: vmess {"timestamp":"2026-01-22T02:12:53.797Z"}
info: Main menu sent {"timestamp":"2026-01-22T02:40:59.250Z"}
info: Main menu sent {"timestamp":"2026-01-22T02:58:04.971Z"}
info: create service menu sent {"timestamp":"2026-01-22T02:58:54.107Z"}
info: Main menu sent {"timestamp":"2026-01-22T03:16:22.490Z"}
info: Main menu sent {"timestamp":"2026-01-22T04:17:39.865Z"}
info: 🔍 User 687172918 memulai proses top-up saldo. {"timestamp":"2026-01-22T04:17:45.871Z"}
info: Payment processed successfully for user-687172918-1769055476968 {"timestamp":"2026-01-22T04:18:40.568Z"}
info: Main menu sent {"timestamp":"2026-01-22T04:18:48.594Z"}
info: trial service menu sent {"timestamp":"2026-01-22T04:18:50.545Z"}
info: ✅ Trial zivpn dibuat oleh 687172918 {"timestamp":"2026-01-22T04:19:03.079Z"}
info: Main menu sent {"timestamp":"2026-01-22T04:19:58.608Z"}
Renewing VMess account for ramsiii with expiry 7 days, quota 300 GB, limit IP 3
✅ total_create_akun diperbarui untuk serverId 79 dengan exp 7
info: Account renew sukses untuk user 7768199065, type: vmess {"timestamp":"2026-01-22T04:20:14.949Z"}
info: Main menu sent {"timestamp":"2026-01-22T04:20:23.086Z"}
info: Main menu sent {"timestamp":"2026-01-22T04:39:44.282Z"}
info: create service menu sent {"timestamp":"2026-01-22T04:39:51.689Z"}
info: trial service menu sent {"timestamp":"2026-01-22T05:05:18.002Z"}
info: ✅ Trial vmess dibuat oleh 7768199065 {"timestamp":"2026-01-22T05:05:25.089Z"}
Creating VMess account for trial-8rr42 with expiry none days, quota 1 GB, IP limit 1
info: Main menu sent {"timestamp":"2026-01-22T05:06:02.664Z"}
info: trial service menu sent {"timestamp":"2026-01-22T05:06:04.182Z"}
info: Main menu sent {"timestamp":"2026-01-22T05:06:15.021Z"}
info: trial service menu sent {"timestamp":"2026-01-22T05:06:17.048Z"}
info: ✅ Trial ssh dibuat oleh 7960158114 {"timestamp":"2026-01-22T05:06:20.751Z"}
Creating SSH account for trial-a1b5j with expiry 1 days, IP limit 1, and password none
info: Main menu sent {"timestamp":"2026-01-22T05:06:27.084Z"}
info: Main menu sent {"timestamp":"2026-01-22T05:14:42.261Z"}
info: create service menu sent {"timestamp":"2026-01-22T05:14:44.435Z"}
info: Main menu sent {"timestamp":"2026-01-22T05:14:47.067Z"}
info: Main menu sent {"timestamp":"2026-01-22T05:37:21.284Z"}
info: create service menu sent {"timestamp":"2026-01-22T05:37:23.419Z"}
info: Main menu sent {"timestamp":"2026-01-22T05:38:36.755Z"}
info: create service menu sent {"timestamp":"2026-01-22T05:38:38.770Z"}
info: Main menu sent {"timestamp":"2026-01-22T05:39:05.082Z"}
Creating VMESS account for nisasetiti with expiry 5 days
✅ total_create_akun++ untuk serverId 92 (exp=5)
info: Account create sukses untuk user 6202490359, type: vmess {"timestamp":"2026-01-22T05:39:23.285Z"}
info: Admin menu requested {"timestamp":"2026-01-22T05:40:10.542Z"}
info: Admin menu sent as new message {"timestamp":"2026-01-22T05:40:11.083Z"}
info: Admin 7768199065 mengecek saldo user 6202490359: Rp383 {"timestamp":"2026-01-22T05:40:13.584Z"}
info: Main menu sent {"timestamp":"2026-01-22T05:42:07.363Z"}
info: Main menu sent {"timestamp":"2026-01-22T05:58:39.438Z"}
info: Main menu sent {"timestamp":"2026-01-22T06:11:11.120Z"}
info: create service menu sent {"timestamp":"2026-01-22T06:11:12.487Z"}
Creating SSH account for azmi with expiry 30 days, IP limit 2
✅ total_create_akun++ untuk serverId 90 (exp=30)
info: Account create sukses untuk user 7960158114, type: ssh {"timestamp":"2026-01-22T06:11:33.578Z"}
info: Main menu sent {"timestamp":"2026-01-22T06:12:01.547Z"}
info: del service menu sent {"timestamp":"2026-01-22T06:12:03.295Z"}
🧪 ID Pengguna: 7960158114
📂 Daftar Ressel: [ '7570184058', '8461801575', '7960158114', '6202490359' ]
Delete SSH account for azmi with expiry none days, IP limit none, and password none
⚠️ FULL DATA: {
  "meta": {
    "code": 200,
    "status": "success",
    "ip_address": "64.120.94.55",
    "message": "Success delete azmi"
  },
  "data": {
    "username": "azmi"
  }
}
info: ✅ Akun ssh berhasil dihapus oleh 7960158114 {"timestamp":"2026-01-22T06:12:15.236Z"}
info: Main menu sent {"timestamp":"2026-01-22T06:12:19.005Z"}
info: create service menu sent {"timestamp":"2026-01-22T06:12:21.220Z"}
Creating VMESS account for azmi with expiry 30 days
✅ total_create_akun++ untuk serverId 90 (exp=30)
info: Account create sukses untuk user 7960158114, type: vmess {"timestamp":"2026-01-22T06:12:34.999Z"}
TelegramError: 400: Bad Request: can't parse entities: Character '!' is reserved and must be escaped with the preceding '\'
    at Telegram.callApi (/root/BotVPN/node_modules/telegraf/lib/core/network/client.js:315:19)
    at process.processTicksAndRejections (node:internal/process/task_queues:95:5) {
  response: {
    ok: false,
    error_code: 400,
    description: "Bad Request: can't parse entities: Character '!' is reserved and must be escaped with the preceding '\\'"
  },
  on: {
    method: 'sendMessage',
    payload: {
      chat_id: 7768199065,
      message_thread_id: undefined,
      parse_mode: 'MarkdownV2',
      text: '*Broadcast Selesai!*\n' +
        '\n' +
        'Berhasil  : `308`\n' +
        'Gagal     : `0`\n' +
        'Dihapus   : `0`\n' +
        'Sisa user : `308`'
    }
  }
}
info: Main menu sent {"timestamp":"2026-01-22T06:25:23.068Z"}
info: Main menu sent {"timestamp":"2026-01-22T06:26:45.739Z"}
info: create service menu sent {"timestamp":"2026-01-22T06:26:47.839Z"}
✅ total_create_akun ZIVPN++ untuk serverId 98 (exp=7)
info: Account create sukses untuk user 6323608762, type: zivpn {"timestamp":"2026-01-22T06:27:17.372Z"}
info: Main menu sent {"timestamp":"2026-01-22T06:27:43.958Z"}
info: create service menu sent {"timestamp":"2026-01-22T06:27:46.854Z"}
info: Main menu sent {"timestamp":"2026-01-22T06:28:01.570Z"}
info: create service menu sent {"timestamp":"2026-01-22T06:28:06.791Z"}
info: Main menu sent {"timestamp":"2026-01-22T06:28:19.552Z"}
info: Main menu sent {"timestamp":"2026-01-22T06:33:57.765Z"}
info: Main menu sent {"timestamp":"2026-01-22T06:36:46.983Z"}
info: Bot initialized {"timestamp":"2026-01-22T06:37:11.025Z"}
info: User state initialized {"timestamp":"2026-01-22T06:37:11.039Z"}
info: Server berjalan di port 6961 {"timestamp":"2026-01-22T06:37:11.049Z"}
info: Terhubung ke SQLite3 {"timestamp":"2026-01-22T06:37:11.153Z"}
info: Server table ready {"timestamp":"2026-01-22T06:37:11.170Z"}
info: Users table ready {"timestamp":"2026-01-22T06:37:11.171Z"}
info: Transactions table ready {"timestamp":"2026-01-22T06:37:11.173Z"}
info: Table user_accounts ready {"timestamp":"2026-01-22T06:37:11.174Z"}
info: Add IP price loaded from DB: 2000 {"timestamp":"2026-01-22T06:37:11.177Z"}
info: Pending deposit loaded: {"timestamp":"2026-01-22T06:37:11.179Z"}
info: Admin username detected: @xyztunnn {"timestamp":"2026-01-22T06:37:11.877Z"}
info: Main menu sent {"timestamp":"2026-01-22T06:37:14.867Z"}
info: trial service menu sent {"timestamp":"2026-01-22T06:37:24.289Z"}
info: ✅ Trial ssh dibuat oleh 7089793571 {"timestamp":"2026-01-22T06:38:08.008Z"}
Creating SSH account for trial-6cdpg with expiry 1 days, IP limit 1, and password none
info: Main menu sent {"timestamp":"2026-01-22T06:39:28.512Z"}
info: Bot initialized {"timestamp":"2026-01-22T06:39:52.352Z"}
info: User state initialized {"timestamp":"2026-01-22T06:39:52.363Z"}
info: Server berjalan di port 6961 {"timestamp":"2026-01-22T06:39:52.372Z"}
info: Terhubung ke SQLite3 {"timestamp":"2026-01-22T06:39:52.463Z"}
info: Server table ready {"timestamp":"2026-01-22T06:39:52.479Z"}
info: Users table ready {"timestamp":"2026-01-22T06:39:52.481Z"}
info: Transactions table ready {"timestamp":"2026-01-22T06:39:52.484Z"}
info: Table user_accounts ready {"timestamp":"2026-01-22T06:39:52.486Z"}
info: Add IP price loaded from DB: 2000 {"timestamp":"2026-01-22T06:39:52.487Z"}
info: Pending deposit loaded: {"timestamp":"2026-01-22T06:39:52.488Z"}
info: Admin username detected: @xyztunnn {"timestamp":"2026-01-22T06:39:53.212Z"}
info: Main menu sent {"timestamp":"2026-01-22T06:42:08.694Z"}
info: Bot initialized {"timestamp":"2026-01-22T06:44:02.302Z"}
info: User state initialized {"timestamp":"2026-01-22T06:44:02.313Z"}
info: Server berjalan di port 6961 {"timestamp":"2026-01-22T06:44:02.324Z"}
info: Terhubung ke SQLite3 {"timestamp":"2026-01-22T06:44:02.419Z"}
info: Server table ready {"timestamp":"2026-01-22T06:44:02.431Z"}
info: Users table ready {"timestamp":"2026-01-22T06:44:02.432Z"}
info: Transactions table ready {"timestamp":"2026-01-22T06:44:02.434Z"}
info: Table user_accounts ready {"timestamp":"2026-01-22T06:44:02.435Z"}
info: Add IP price loaded from DB: 2000 {"timestamp":"2026-01-22T06:44:02.435Z"}
info: Pending deposit loaded: {"timestamp":"2026-01-22T06:44:02.436Z"}
info: Admin username detected: @xyztunnn {"timestamp":"2026-01-22T06:44:03.138Z"}
info: Main menu sent {"timestamp":"2026-01-22T06:45:07.722Z"}
info: 🔍 User 7089793571 memulai proses top-up saldo. {"timestamp":"2026-01-22T06:45:11.554Z"}
info: Payment processed successfully for user-7089793571-1769064322260 {"timestamp":"2026-01-22T06:47:03.775Z"}
info: Main menu sent {"timestamp":"2026-01-22T06:47:15.857Z"}
info: create service menu sent {"timestamp":"2026-01-22T06:47:21.602Z"}
Creating SSH account for cahyapyouth with expiry 30 days, IP limit 2
✅ total_create_akun++ untuk serverId 78 (exp=30)
info: Account create sukses untuk user 7089793571, type: ssh {"timestamp":"2026-01-22T06:49:01.699Z"}
info: Bot initialized {"timestamp":"2026-01-22T07:03:23.392Z"}
info: User state initialized {"timestamp":"2026-01-22T07:03:23.400Z"}
info: Server berjalan di port 6961 {"timestamp":"2026-01-22T07:03:23.407Z"}
info: Terhubung ke SQLite3 {"timestamp":"2026-01-22T07:03:23.505Z"}
info: Server table ready {"timestamp":"2026-01-22T07:03:23.520Z"}
info: Users table ready {"timestamp":"2026-01-22T07:03:23.521Z"}
info: Transactions table ready {"timestamp":"2026-01-22T07:03:23.523Z"}
info: Table user_accounts ready {"timestamp":"2026-01-22T07:03:23.524Z"}
info: Add IP price loaded from DB: 2000 {"timestamp":"2026-01-22T07:03:23.524Z"}
info: Pending deposit loaded: {"timestamp":"2026-01-22T07:03:23.525Z"}
info: Admin username detected: @xyztunnn {"timestamp":"2026-01-22T07:03:24.242Z"}
info: Main menu sent {"timestamp":"2026-01-22T07:03:40.346Z"}
info: Bot initialized {"timestamp":"2026-01-22T07:05:37.670Z"}
info: User state initialized {"timestamp":"2026-01-22T07:05:37.680Z"}
info: Server berjalan di port 6961 {"timestamp":"2026-01-22T07:05:37.688Z"}
info: Terhubung ke SQLite3 {"timestamp":"2026-01-22T07:05:37.755Z"}
info: Server table ready {"timestamp":"2026-01-22T07:05:37.768Z"}
info: Users table ready {"timestamp":"2026-01-22T07:05:37.769Z"}
info: Transactions table ready {"timestamp":"2026-01-22T07:05:37.770Z"}
info: Table user_accounts ready {"timestamp":"2026-01-22T07:05:37.770Z"}
info: Add IP price loaded from DB: 2000 {"timestamp":"2026-01-22T07:05:37.771Z"}
info: Pending deposit loaded: {"timestamp":"2026-01-22T07:05:37.772Z"}
info: Admin username detected: @xyztunnn {"timestamp":"2026-01-22T07:05:38.486Z"}
info: Bot initialized {"timestamp":"2026-01-22T07:08:09.672Z"}
info: User state initialized {"timestamp":"2026-01-22T07:08:09.679Z"}
info: Server berjalan di port 6961 {"timestamp":"2026-01-22T07:08:09.686Z"}
info: Terhubung ke SQLite3 {"timestamp":"2026-01-22T07:08:09.753Z"}
info: Server table ready {"timestamp":"2026-01-22T07:08:09.765Z"}
info: Users table ready {"timestamp":"2026-01-22T07:08:09.767Z"}
info: Transactions table ready {"timestamp":"2026-01-22T07:08:09.767Z"}
info: Table user_accounts ready {"timestamp":"2026-01-22T07:08:09.768Z"}
info: Add IP price loaded from DB: 2000 {"timestamp":"2026-01-22T07:08:09.769Z"}
info: Pending deposit loaded: {"timestamp":"2026-01-22T07:08:09.770Z"}
info: Admin username detected: @xyztunnn {"timestamp":"2026-01-22T07:08:10.542Z"}
info: Main menu sent {"timestamp":"2026-01-22T07:08:39.364Z"}
info: Bot initialized {"timestamp":"2026-01-22T07:09:43.806Z"}
info: User state initialized {"timestamp":"2026-01-22T07:09:43.817Z"}
info: Server berjalan di port 6961 {"timestamp":"2026-01-22T07:09:43.827Z"}
info: Terhubung ke SQLite3 {"timestamp":"2026-01-22T07:09:43.937Z"}
info: Server table ready {"timestamp":"2026-01-22T07:09:43.953Z"}
info: Users table ready {"timestamp":"2026-01-22T07:09:43.955Z"}
info: Transactions table ready {"timestamp":"2026-01-22T07:09:43.957Z"}
info: Table user_accounts ready {"timestamp":"2026-01-22T07:09:43.959Z"}
info: Add IP price loaded from DB: 2000 {"timestamp":"2026-01-22T07:09:43.960Z"}
info: Pending deposit loaded: {"timestamp":"2026-01-22T07:09:43.962Z"}
info: Admin username detected: @xyztunnn {"timestamp":"2026-01-22T07:09:44.665Z"}
info: Main menu sent {"timestamp":"2026-01-22T07:09:48.749Z"}
info: Main menu sent {"timestamp":"2026-01-22T07:10:40.962Z"}
info: renew service menu sent {"timestamp":"2026-01-22T07:10:51.023Z"}
info: Main menu sent {"timestamp":"2026-01-22T07:10:52.298Z"}
info: Main menu sent {"timestamp":"2026-01-22T07:11:02.132Z"}
info: create service menu sent {"timestamp":"2026-01-22T07:11:05.131Z"}
info: renew service menu sent {"timestamp":"2026-01-22T07:11:06.152Z"}
Renewing SSH account for sarep with expiry 30 days, limit IP 2 on server 80
✅ total_create_akun diperbarui untuk serverId 80 dengan exp 30
info: Account renew sukses untuk user 7768199065, type: ssh {"timestamp":"2026-01-22T07:11:22.870Z"}
info: Main menu sent {"timestamp":"2026-01-22T07:11:23.329Z"}
info: 🔍 User 7344857558 memulai proses top-up saldo. {"timestamp":"2026-01-22T07:11:32.883Z"}
info: Main menu sent {"timestamp":"2026-01-22T07:11:41.121Z"}
info: Main menu sent {"timestamp":"2026-01-22T07:11:55.582Z"}
info: 🔍 User 7344857558 memulai proses top-up saldo. {"timestamp":"2026-01-22T07:11:58.122Z"}
info: Main menu sent {"timestamp":"2026-01-22T07:12:19.931Z"}
info: Main menu sent {"timestamp":"2026-01-22T07:47:24.132Z"}
info: create service menu sent {"timestamp":"2026-01-22T07:47:27.751Z"}
info: Main menu sent {"timestamp":"2026-01-22T07:47:46.927Z"}
info: create service menu sent {"timestamp":"2026-01-22T07:47:53.541Z"}
info: Main menu sent {"timestamp":"2026-01-22T07:47:57.028Z"}
info: create service menu sent {"timestamp":"2026-01-22T07:47:58.475Z"}
info: Main menu sent {"timestamp":"2026-01-22T07:48:10.109Z"}
info: Main menu sent {"timestamp":"2026-01-22T08:10:24.051Z"}
info: create service menu sent {"timestamp":"2026-01-22T08:10:26.620Z"}
info: Main menu sent {"timestamp":"2026-01-22T08:10:45.643Z"}
info: 🔍 User 1192806438 memulai proses top-up saldo. {"timestamp":"2026-01-22T08:10:49.983Z"}
info: Main menu sent {"timestamp":"2026-01-22T08:11:02.122Z"}
info: create service menu sent {"timestamp":"2026-01-22T08:11:10.751Z"}
info: Main menu sent {"timestamp":"2026-01-22T08:11:59.869Z"}
info: Main menu sent {"timestamp":"2026-01-22T08:51:06.906Z"}
info: Main menu sent {"timestamp":"2026-01-22T09:08:43.054Z"}
info: 🔍 User 6323608762 memulai proses top-up saldo. {"timestamp":"2026-01-22T09:13:04.002Z"}
info: Payment processed successfully for user-6323608762-1769073189121 {"timestamp":"2026-01-22T09:13:35.844Z"}
info: Main menu sent {"timestamp":"2026-01-22T09:15:14.561Z"}
info: Main menu sent {"timestamp":"2026-01-22T09:34:43.412Z"}
info: Main menu sent {"timestamp":"2026-01-22T09:53:13.297Z"}
info: create service menu sent {"timestamp":"2026-01-22T09:53:29.392Z"}
info: Main menu sent {"timestamp":"2026-01-22T09:54:05.221Z"}
info: 🔍 User 6741034021 memulai proses top-up saldo. {"timestamp":"2026-01-22T09:54:07.208Z"}
info: Payment processed successfully for user-6741034021-1769075657721 {"timestamp":"2026-01-22T09:55:15.599Z"}
info: Main menu sent {"timestamp":"2026-01-22T09:55:28.538Z"}
info: create service menu sent {"timestamp":"2026-01-22T09:55:30.560Z"}
⚠️ Exp ZIVPN 1 hari tidak dicatat ke total_create_akun
info: Account create sukses untuk user 6741034021, type: zivpn {"timestamp":"2026-01-22T09:55:50.352Z"}
info: Main menu sent {"timestamp":"2026-01-22T10:00:06.570Z"}
info: Main menu sent {"timestamp":"2026-01-22T10:35:30.153Z"}
info: create service menu sent {"timestamp":"2026-01-22T10:35:32.972Z"}
info: Main menu sent {"timestamp":"2026-01-22T10:35:35.981Z"}
info: Main menu sent {"timestamp":"2026-01-22T10:36:28.710Z"}
info: Main menu sent {"timestamp":"2026-01-22T10:36:48.979Z"}
info: Main menu sent {"timestamp":"2026-01-22T10:51:41.486Z"}
info: 🔍 User 687172918 memulai proses top-up saldo. {"timestamp":"2026-01-22T10:51:43.012Z"}
info: Main menu sent {"timestamp":"2026-01-22T10:52:00.613Z"}
info: Main menu sent {"timestamp":"2026-01-22T10:52:16.315Z"}
info: trial service menu sent {"timestamp":"2026-01-22T10:52:19.536Z"}
info: Main menu sent {"timestamp":"2026-01-22T10:52:24.401Z"}
info: create service menu sent {"timestamp":"2026-01-22T10:52:40.329Z"}
info: Main menu sent {"timestamp":"2026-01-22T10:52:47.003Z"}
info: Main menu sent {"timestamp":"2026-01-22T11:08:06.810Z"}
info: renew service menu sent {"timestamp":"2026-01-22T11:08:31.423Z"}
info: Main menu sent {"timestamp":"2026-01-22T11:09:02.026Z"}
info: renew service menu sent {"timestamp":"2026-01-22T11:09:06.697Z"}
Renewing SSH account for yusu with expiry 5 days, limit IP 2 on server 92
❌ Respons error: {
  meta: {
    code: 401,
    status: 'error',
    ip_address: '103.175.219.124',
    message: 'Client yusu not exists, Try another name'
  },
  data: {}
}
error: Rollback saldo user 8461801575 (renew gagal), respon: ❌ respons error:
client yusu not exists, try another name {"timestamp":"2026-01-22T11:11:34.912Z"}
info: Main menu sent {"timestamp":"2026-01-22T11:14:05.528Z"}
info: Main menu sent {"timestamp":"2026-01-22T11:17:23.885Z"}
info: Main menu sent {"timestamp":"2026-01-22T11:23:13.921Z"}
info: create service menu sent {"timestamp":"2026-01-22T11:23:23.313Z"}
info: Main menu sent {"timestamp":"2026-01-22T11:23:40.137Z"}
info: Main menu sent {"timestamp":"2026-01-22T12:33:45.498Z"}
info: 🔍 User 6869306122 memulai proses top-up saldo. {"timestamp":"2026-01-22T12:33:57.505Z"}
info: Main menu sent {"timestamp":"2026-01-22T12:34:05.892Z"}
info: Main menu sent {"timestamp":"2026-01-22T12:37:00.794Z"}
info: 🔍 User 6869306122 memulai proses top-up saldo. {"timestamp":"2026-01-22T12:37:03.042Z"}
info: Main menu sent {"timestamp":"2026-01-22T12:38:21.291Z"}
info: Main menu sent {"timestamp":"2026-01-22T12:38:58.200Z"}
info: create service menu sent {"timestamp":"2026-01-22T12:39:32.937Z"}
info: Main menu sent {"timestamp":"2026-01-22T12:39:37.061Z"}
info: Main menu sent {"timestamp":"2026-01-22T12:39:46.306Z"}
info: Payment processed successfully for user-6869306122-1769085428187 {"timestamp":"2026-01-22T12:40:55.856Z"}
info: Main menu sent {"timestamp":"2026-01-22T12:41:13.806Z"}
info: create service menu sent {"timestamp":"2026-01-22T12:41:16.343Z"}
⚠️ Exp ZIVPN 1 hari tidak dicatat ke total_create_akun
info: Account create sukses untuk user 6869306122, type: zivpn {"timestamp":"2026-01-22T12:41:53.922Z"}
info: Main menu sent {"timestamp":"2026-01-22T13:56:04.893Z"}
info: Main menu sent {"timestamp":"2026-01-22T14:09:14.537Z"}
info: Main menu sent {"timestamp":"2026-01-22T14:15:45.425Z"}
info: Main menu sent {"timestamp":"2026-01-22T14:17:09.510Z"}
info: renew service menu sent {"timestamp":"2026-01-22T14:17:21.247Z"}
info: Main menu sent {"timestamp":"2026-01-22T14:17:53.269Z"}
info: 🔍 User 7800481265 memulai proses top-up saldo. {"timestamp":"2026-01-22T14:17:56.972Z"}
info: Payment processed successfully for user-7800481265-1769091489196 {"timestamp":"2026-01-22T14:18:56.481Z"}
info: Main menu sent {"timestamp":"2026-01-22T14:19:04.423Z"}
info: create service menu sent {"timestamp":"2026-01-22T14:19:09.998Z"}
Creating SSH account for haymax with expiry 30 days, IP limit 2
error: Rollback saldo user 7800481265 (create gagal), respon: ❌  respons error:
username akun sudah di gunakan
masukan username baru! {"timestamp":"2026-01-22T14:20:11.372Z"}
info: Main menu sent {"timestamp":"2026-01-22T14:20:35.817Z"}
info: renew service menu sent {"timestamp":"2026-01-22T14:20:43.527Z"}
Renewing SSH account for haybiznet with expiry 30 days, limit IP 2 on server 80
❌ Respons error: {
  meta: {
    code: 401,
    status: 'error',
    ip_address: '103.175.219.124',
    message: 'Client haybiznet not exists, Try another name'
  },
  data: {}
}
error: Rollback saldo user 7800481265 (renew gagal), respon: ❌ respons error:
client haybiznet not exists, try another name {"timestamp":"2026-01-22T14:21:05.332Z"}
Renewing SSH account for haybiznet with expiry 30 days, limit IP 2 on server 80
❌ Respons error: {
  meta: {
    code: 401,
    status: 'error',
    ip_address: '103.175.219.124',
    message: 'Client haybiznet not exists, Try another name'
  },
  data: {}
}
error: Rollback saldo user 7800481265 (renew gagal), respon: ❌ respons error:
client haybiznet not exists, try another name {"timestamp":"2026-01-22T14:21:20.356Z"}
info: Main menu sent {"timestamp":"2026-01-22T14:21:30.966Z"}
info: create service menu sent {"timestamp":"2026-01-22T14:21:34.297Z"}
Creating SSH account for hayat with expiry 30 days, IP limit 2
✅ total_create_akun++ untuk serverId 80 (exp=30)
info: Account create sukses untuk user 7800481265, type: ssh {"timestamp":"2026-01-22T14:21:57.994Z"}
info: Main menu sent {"timestamp":"2026-01-22T15:17:30.378Z"}
info: Main menu sent {"timestamp":"2026-01-22T15:17:54.218Z"}
info: Main menu sent {"timestamp":"2026-01-22T15:18:01.970Z"}
info: Main menu sent {"timestamp":"2026-01-22T15:38:16.484Z"}
info: Main menu sent {"timestamp":"2026-01-22T15:38:37.203Z"}
info: create service menu sent {"timestamp":"2026-01-22T15:40:52.679Z"}
info: Main menu sent {"timestamp":"2026-01-22T15:43:01.832Z"}
info: create service menu sent {"timestamp":"2026-01-22T15:43:04.728Z"}
info: Main menu sent {"timestamp":"2026-01-22T15:43:11.592Z"}
info: create service menu sent {"timestamp":"2026-01-22T15:43:13.601Z"}
info: Main menu sent {"timestamp":"2026-01-22T16:51:55.174Z"}
info: trial service menu sent {"timestamp":"2026-01-22T16:51:57.263Z"}
info: ✅ Trial ssh dibuat oleh 689357426 {"timestamp":"2026-01-22T16:52:07.363Z"}
Creating SSH account for trial-sabrr with expiry 1 days, IP limit 1, and password none
info: Main menu sent {"timestamp":"2026-01-22T22:08:27.425Z"}
info: 🔍 User 6736483291 memulai proses top-up saldo. {"timestamp":"2026-01-22T22:08:49.785Z"}
info: Payment processed successfully for user-6736483291-1769119734473 {"timestamp":"2026-01-22T22:09:38.174Z"}
info: Main menu sent {"timestamp":"2026-01-22T22:09:48.832Z"}
info: create service menu sent {"timestamp":"2026-01-22T22:09:52.537Z"}
info: Main menu sent {"timestamp":"2026-01-22T22:10:13.531Z"}
info: create service menu sent {"timestamp":"2026-01-22T22:10:17.464Z"}
Creating VMESS account for bahrijink with expiry 6 days
✅ total_create_akun++ untuk serverId 80 (exp=6)
info: Account create sukses untuk user 6736483291, type: vmess {"timestamp":"2026-01-22T22:10:40.979Z"}
info: create service menu sent {"timestamp":"2026-01-22T23:13:40.750Z"}
info: Main menu sent {"timestamp":"2026-01-22T23:13:55.021Z"}
info: Main menu sent {"timestamp":"2026-01-22T23:35:05.535Z"}
info: create service menu sent {"timestamp":"2026-01-22T23:35:10.900Z"}
info: Main menu sent {"timestamp":"2026-01-22T23:35:47.837Z"}
info: create service menu sent {"timestamp":"2026-01-22T23:35:49.868Z"}
Creating SSH account for ibnu with expiry 1 days, IP limit 2
⚠️ Exp 1 hari tidak dicatat ke total_create_akun
info: Account create sukses untuk user 689357426, type: ssh {"timestamp":"2026-01-22T23:36:03.925Z"}
info: Main menu sent {"timestamp":"2026-01-23T00:21:05.174Z"}
info: create service menu sent {"timestamp":"2026-01-23T00:21:10.497Z"}
Creating SSH account for xsat with expiry 7 days, IP limit 2
✅ total_create_akun++ untuk serverId 78 (exp=7)
info: Account create sukses untuk user 1734416542, type: ssh {"timestamp":"2026-01-23T00:21:49.998Z"}
info: Main menu sent {"timestamp":"2026-01-23T00:34:02.975Z"}
info: trial service menu sent {"timestamp":"2026-01-23T00:34:06.437Z"}
info: ✅ Trial zivpn dibuat oleh 7768199065 {"timestamp":"2026-01-23T00:34:10.047Z"}
info: Main menu sent {"timestamp":"2026-01-23T00:47:20.571Z"}
TelegramError: 400: Bad Request: can't parse entities: Character '!' is reserved and must be escaped with the preceding '\'
    at Telegram.callApi (/root/BotVPN/node_modules/telegraf/lib/core/network/client.js:315:19)
    at process.processTicksAndRejections (node:internal/process/task_queues:95:5) {
  response: {
    ok: false,
    error_code: 400,
    description: "Bad Request: can't parse entities: Character '!' is reserved and must be escaped with the preceding '\\'"
  },
  on: {
    method: 'sendMessage',
    payload: {
      chat_id: 7768199065,
      message_thread_id: undefined,
      parse_mode: 'MarkdownV2',
      text: '*Broadcast Selesai!*\n' +
        '\n' +
        'Berhasil  : `309`\n' +
        'Gagal     : `3`\n' +
        'Dihapus   : `3`\n' +
        'Sisa user : `309`'
    }
  }
}
info: Main menu sent {"timestamp":"2026-01-23T00:57:05.608Z"}
info: Main menu sent {"timestamp":"2026-01-23T01:17:52.045Z"}
info: create service menu sent {"timestamp":"2026-01-23T01:17:56.152Z"}
info: Main menu sent {"timestamp":"2026-01-23T02:18:03.519Z"}
info: create service menu sent {"timestamp":"2026-01-23T02:18:12.913Z"}
Creating SSH account for fitt with expiry 7 days, IP limit 2
✅ total_create_akun++ untuk serverId 78 (exp=7)
info: Account create sukses untuk user 1913963530, type: ssh {"timestamp":"2026-01-23T02:18:51.514Z"}
info: Main menu sent {"timestamp":"2026-01-23T02:28:31.860Z"}
info: Main menu sent {"timestamp":"2026-01-23T02:40:24.234Z"}
info: create service menu sent {"timestamp":"2026-01-23T02:40:25.534Z"}
info: create service menu sent {"timestamp":"2026-01-23T02:44:22.967Z"}
info: Main menu sent {"timestamp":"2026-01-23T02:44:41.322Z"}
info: create service menu sent {"timestamp":"2026-01-23T02:44:43.456Z"}
info: Main menu sent {"timestamp":"2026-01-23T02:45:00.819Z"}
info: Main menu sent {"timestamp":"2026-01-23T03:27:09.155Z"}
info: 🔍 User 7768199065 memulai proses top-up saldo. {"timestamp":"2026-01-23T03:27:10.719Z"}
info: Bot initialized {"timestamp":"2026-01-23T03:29:01.692Z"}
info: User state initialized {"timestamp":"2026-01-23T03:29:01.705Z"}
info: Server berjalan di port 6961 {"timestamp":"2026-01-23T03:29:01.716Z"}
info: Terhubung ke SQLite3 {"timestamp":"2026-01-23T03:29:01.800Z"}
info: Server table ready {"timestamp":"2026-01-23T03:29:01.809Z"}
info: Users table ready {"timestamp":"2026-01-23T03:29:01.810Z"}
info: Transactions table ready {"timestamp":"2026-01-23T03:29:01.813Z"}
info: Table user_accounts ready {"timestamp":"2026-01-23T03:29:01.814Z"}
info: Add IP price loaded from DB: 2000 {"timestamp":"2026-01-23T03:29:01.816Z"}
info: Pending deposit loaded: {"timestamp":"2026-01-23T03:29:01.818Z"}
info: Admin username detected: @xyztunnn {"timestamp":"2026-01-23T03:29:02.531Z"}
info: Bot initialized {"timestamp":"2026-01-23T03:32:17.080Z"}
info: User state initialized {"timestamp":"2026-01-23T03:32:17.093Z"}
info: Server berjalan di port 6961 {"timestamp":"2026-01-23T03:32:17.102Z"}
info: Terhubung ke SQLite3 {"timestamp":"2026-01-23T03:32:17.193Z"}
info: Server table ready {"timestamp":"2026-01-23T03:32:17.210Z"}
info: Users table ready {"timestamp":"2026-01-23T03:32:17.212Z"}
info: Transactions table ready {"timestamp":"2026-01-23T03:32:17.213Z"}
info: Table user_accounts ready {"timestamp":"2026-01-23T03:32:17.214Z"}
info: Add IP price loaded from DB: 2000 {"timestamp":"2026-01-23T03:32:17.214Z"}
info: Pending deposit loaded: {"timestamp":"2026-01-23T03:32:17.216Z"}
info: Admin username detected: @xyztunnn {"timestamp":"2026-01-23T03:32:17.924Z"}
info: Main menu sent {"timestamp":"2026-01-23T03:33:27.539Z"}
info: Main menu sent {"timestamp":"2026-01-23T03:47:24.197Z"}
info: 🔍 User 6294105375 memulai proses top-up saldo. {"timestamp":"2026-01-23T03:53:19.924Z"}
info: Main menu sent {"timestamp":"2026-01-23T03:58:39.957Z"}
info: create service menu sent {"timestamp":"2026-01-23T03:58:44.578Z"}
info: Main menu sent {"timestamp":"2026-01-23T03:59:02.080Z"}
info: create service menu sent {"timestamp":"2026-01-23T03:59:04.102Z"}
info: Main menu sent {"timestamp":"2026-01-23T03:59:21.282Z"}
info: Main menu sent {"timestamp":"2026-01-23T04:02:09.825Z"}
info: Main menu sent {"timestamp":"2026-01-23T04:20:32.926Z"}
info: Main menu sent {"timestamp":"2026-01-23T04:35:29.245Z"}
info: Main menu sent {"timestamp":"2026-01-23T04:36:23.447Z"}
info: create service menu sent {"timestamp":"2026-01-23T04:36:31.964Z"}
info: Main menu sent {"timestamp":"2026-01-23T04:36:45.810Z"}
info: Main menu sent {"timestamp":"2026-01-23T05:05:43.062Z"}
info: create service menu sent {"timestamp":"2026-01-23T05:05:45.687Z"}
info: Main menu sent {"timestamp":"2026-01-23T06:48:25.887Z"}
info: Main menu sent {"timestamp":"2026-01-23T06:51:52.867Z"}
info: create service menu sent {"timestamp":"2026-01-23T06:52:16.162Z"}
info: Main menu sent {"timestamp":"2026-01-23T06:52:18.430Z"}
info: 🔍 User 7570184058 memulai proses top-up saldo. {"timestamp":"2026-01-23T06:52:21.440Z"}
info: 🔍 Reseller 7570184058 diminta untuk memasukkan jumlah nominal saldo (keypad). {"timestamp":"2026-01-23T06:52:21.792Z"}
info: Main menu sent {"timestamp":"2026-01-23T06:53:12.555Z"}
info: Main menu sent {"timestamp":"2026-01-23T07:05:14.921Z"}
info: trial service menu sent {"timestamp":"2026-01-23T07:05:17.372Z"}
info: Main menu sent {"timestamp":"2026-01-23T07:05:31.028Z"}
info: trial service menu sent {"timestamp":"2026-01-23T07:05:33.054Z"}
info: trial service menu sent as new message {"timestamp":"2026-01-23T07:05:33.994Z"}
info: ✅ Trial zivpn dibuat oleh 7960158114 {"timestamp":"2026-01-23T07:05:37.558Z"}
info: Main menu sent {"timestamp":"2026-01-23T07:19:05.935Z"}
info: Main menu sent {"timestamp":"2026-01-23T07:21:43.423Z"}
info: create service menu sent {"timestamp":"2026-01-23T07:21:45.764Z"}
info: Main menu sent {"timestamp":"2026-01-23T07:22:10.356Z"}
info: 🔍 User 6202490359 memulai proses top-up saldo. {"timestamp":"2026-01-23T07:22:14.489Z"}
info: 🔍 Reseller 6202490359 diminta untuk memasukkan jumlah nominal saldo (keypad). {"timestamp":"2026-01-23T07:22:14.832Z"}
info: create service menu sent {"timestamp":"2026-01-23T08:40:38.884Z"}
info: Main menu sent {"timestamp":"2026-01-23T08:40:45.151Z"}
info: Main menu sent {"timestamp":"2026-01-23T09:19:50.118Z"}
info: Main menu sent {"timestamp":"2026-01-23T09:24:29.682Z"}
info: create service menu sent {"timestamp":"2026-01-23T09:24:42.375Z"}
info: Main menu sent {"timestamp":"2026-01-23T09:24:46.901Z"}
info: lock service menu sent {"timestamp":"2026-01-23T09:36:06.829Z"}
🧪 ID Pengguna: 7960158114
📂 Daftar Ressel: [ '7570184058', '8461801575', '7960158114', '6202490359' ]
Lock TROJAN account for xyuzstorez with expiry none days, quota none GB, limit IP none
info: ✅ Akun trojan berhasil di kunci oleh 7960158114 {"timestamp":"2026-01-23T09:36:18.827Z"}
info: Main menu sent {"timestamp":"2026-01-23T09:37:06.672Z"}
info: Main menu sent {"timestamp":"2026-01-23T09:38:20.248Z"}
info: unlock service menu sent {"timestamp":"2026-01-23T09:38:22.575Z"}
🧪 ID Pengguna: 7960158114
📂 Daftar Ressel: [ '7570184058', '8461801575', '7960158114', '6202490359' ]
Renewing TROJAN account for xyuzstorez with expiry none days, quota none GB, limit IP none
info: ✅ Akun trojan berhasil unlock oleh 7960158114 {"timestamp":"2026-01-23T09:40:42.617Z"}
info: Main menu sent {"timestamp":"2026-01-23T09:42:58.035Z"}
info: del service menu sent {"timestamp":"2026-01-23T09:42:59.763Z"}
info: Main menu sent {"timestamp":"2026-01-23T09:43:01.588Z"}
info: lock service menu sent {"timestamp":"2026-01-23T09:43:03.105Z"}
🧪 ID Pengguna: 7960158114
📂 Daftar Ressel: [ '7570184058', '8461801575', '7960158114', '6202490359' ]
Lock TROJAN account for xyuzstorez with expiry none days, quota none GB, limit IP none
info: ✅ Akun trojan berhasil di kunci oleh 7960158114 {"timestamp":"2026-01-23T09:43:15.567Z"}
info: Main menu sent {"timestamp":"2026-01-23T09:47:57.532Z"}
info: unlock service menu sent {"timestamp":"2026-01-23T09:47:59.915Z"}
🧪 ID Pengguna: 7960158114
📂 Daftar Ressel: [ '7570184058', '8461801575', '7960158114', '6202490359' ]
Renewing TROJAN account for xyuzstorez with expiry none days, quota none GB, limit IP none
info: ✅ Akun trojan berhasil unlock oleh 7960158114 {"timestamp":"2026-01-23T09:48:08.292Z"}
info: Bot initialized {"timestamp":"2026-01-23T10:16:17.736Z"}
info: User state initialized {"timestamp":"2026-01-23T10:16:17.744Z"}
info: Server berjalan di port 6961 {"timestamp":"2026-01-23T10:16:17.752Z"}
info: Terhubung ke SQLite3 {"timestamp":"2026-01-23T10:16:17.821Z"}
info: Server table ready {"timestamp":"2026-01-23T10:16:17.831Z"}
info: Users table ready {"timestamp":"2026-01-23T10:16:17.833Z"}
info: Transactions table ready {"timestamp":"2026-01-23T10:16:17.834Z"}
info: Table user_accounts ready {"timestamp":"2026-01-23T10:16:17.835Z"}
info: Add IP price loaded from DB: 2000 {"timestamp":"2026-01-23T10:16:17.835Z"}
info: Pending deposit loaded: {"timestamp":"2026-01-23T10:16:17.836Z"}
info: Admin username detected: @xyztunnn {"timestamp":"2026-01-23T10:16:18.533Z"}
info: Bot initialized {"timestamp":"2026-01-23T10:19:19.053Z"}
info: User state initialized {"timestamp":"2026-01-23T10:19:19.064Z"}
info: Server berjalan di port 6961 {"timestamp":"2026-01-23T10:19:19.075Z"}
info: Terhubung ke SQLite3 {"timestamp":"2026-01-23T10:19:19.176Z"}
info: Server table ready {"timestamp":"2026-01-23T10:19:19.191Z"}
info: Users table ready {"timestamp":"2026-01-23T10:19:19.192Z"}
info: Transactions table ready {"timestamp":"2026-01-23T10:19:19.194Z"}
info: Table user_accounts ready {"timestamp":"2026-01-23T10:19:19.195Z"}
info: Add IP price loaded from DB: 2000 {"timestamp":"2026-01-23T10:19:19.196Z"}
info: Pending deposit loaded: {"timestamp":"2026-01-23T10:19:19.196Z"}
info: Admin username detected: @xyztunnn {"timestamp":"2026-01-23T10:19:19.741Z"}
info: Main menu sent {"timestamp":"2026-01-23T10:22:39.399Z"}
info: Bot initialized {"timestamp":"2026-01-23T10:38:45.948Z"}
info: User state initialized {"timestamp":"2026-01-23T10:38:45.962Z"}
info: Server berjalan di port 6961 {"timestamp":"2026-01-23T10:38:45.972Z"}
info: Terhubung ke SQLite3 {"timestamp":"2026-01-23T10:38:46.065Z"}
info: Server table ready {"timestamp":"2026-01-23T10:38:46.073Z"}
info: Users table ready {"timestamp":"2026-01-23T10:38:46.075Z"}
info: Transactions table ready {"timestamp":"2026-01-23T10:38:46.076Z"}
info: Table user_accounts ready {"timestamp":"2026-01-23T10:38:46.076Z"}
info: Add IP price loaded from DB: 2000 {"timestamp":"2026-01-23T10:38:46.077Z"}
info: Pending deposit loaded: {"timestamp":"2026-01-23T10:38:46.078Z"}
info: Admin username detected: @xyztunnn {"timestamp":"2026-01-23T10:38:46.806Z"}
info: Main menu sent {"timestamp":"2026-01-23T10:48:08.910Z"}
info: create service menu sent {"timestamp":"2026-01-23T10:48:34.537Z"}
info: Main menu sent {"timestamp":"2026-01-23T10:48:39.814Z"}
error: ❌ Kesalahan saat memproses upgrade reseller: Request failed with status code 401 {"code":"ERR_BAD_REQUEST","config":{"adapter":["xhr","http","fetch"],"allowAbsoluteUrls":true,"env":{},"headers":{"Accept":"application/json, text/plain, */*","Accept-Encoding":"gzip, compress, deflate, br","User-Agent":"axios/1.13.2"},"maxBodyLength":-1,"maxContentLength":-1,"method":"get","timeout":0,"transformRequest":[null],"transformResponse":[null],"transitional":{"clarifyTimeoutError":false,"forcedJSONParsing":true,"silentJSONParsing":true},"url":"https://api.rajaserverpremium.web.id/orderkuota/createpayment?apikey=AriApiPaymetGetwayMod&amount=50044&codeqr=00020101021126670016COM.NOBUBANK.WWW01189360050300000879140214139599269048920303UMI51440014ID.CO.QRIS.WWW0215ID20253948025940303UMI5204541153033605802ID5919XYUZSTORE OK23960556004BONE61059167162070703A01630489F4","xsrfCookieName":"XSRF-TOKEN","xsrfHeaderName":"X-XSRF-TOKEN"},"name":"AxiosError","request":{"_closed":true,"_contentLength":0,"_defaultKeepAlive":true,"_ended":true,"_events":{},"_eventsCount":7,"_hasBody":true,"_header":"GET /orderkuota/createpayment?apikey=AriApiPaymetGetwayMod&amount=50044&codeqr=00020101021126670016COM.NOBUBANK.WWW01189360050300000879140214139599269048920303UMI51440014ID.CO.QRIS.WWW0215ID20253948025940303UMI5204541153033605802ID5919XYUZSTORE%20OK23960556004BONE61059167162070703A01630489F4 HTTP/1.1\r\nAccept: application/json, text/plain, */*\r\nUser-Agent: axios/1.13.2\r\nAccept-Encoding: gzip, compress, deflate, br\r\nHost: api.rajaserverpremium.web.id\r\nConnection: keep-alive\r\n\r\n","_headerSent":true,"_keepAliveTimeout":0,"_last":true,"_redirectable":{"_currentRequest":"[Circular]","_currentUrl":"https://api.rajaserverpremium.web.id/orderkuota/createpayment?apikey=AriApiPaymetGetwayMod&amount=50044&codeqr=00020101021126670016COM.NOBUBANK.WWW01189360050300000879140214139599269048920303UMI51440014ID.CO.QRIS.WWW0215ID20253948025940303UMI5204541153033605802ID5919XYUZSTORE%20OK23960556004BONE61059167162070703A01630489F4","_ended":true,"_ending":true,"_events":{"socket":[null,null]},"_eventsCount":3,"_options":{"agents":{},"beforeRedirects":{},"headers":{"Accept":"application/json, text/plain, */*","Accept-Encoding":"gzip, compress, deflate, br","User-Agent":"axios/1.13.2"},"hostname":"api.rajaserverpremium.web.id","maxBodyLength":null,"maxRedirects":21,"method":"GET","nativeProtocols":{"http:":{"METHODS":["ACL","BIND","CHECKOUT","CONNECT","COPY","DELETE","GET","HEAD","LINK","LOCK","M-SEARCH","MERGE","MKACTIVITY","MKCALENDAR","MKCOL","MOVE","NOTIFY","OPTIONS","PATCH","POST","PROPFIND","PROPPATCH","PURGE","PUT","QUERY","REBIND","REPORT","SEARCH","SOURCE","SUBSCRIBE","TRACE","UNBIND","UNLINK","UNLOCK","UNSUBSCRIBE"],"STATUS_CODES":{"100":"Continue","101":"Switching Protocols","102":"Processing","103":"Early Hints","200":"OK","201":"Created","202":"Accepted","203":"Non-Authoritative Information","204":"No Content","205":"Reset Content","206":"Partial Content","207":"Multi-Status","208":"Already Reported","226":"IM Used","300":"Multiple Choices","301":"Moved Permanently","302":"Found","303":"See Other","304":"Not Modified","305":"Use Proxy","307":"Temporary Redirect","308":"Permanent Redirect","400":"Bad Request","401":"Unauthorized","402":"Payment Required","403":"Forbidden","404":"Not Found","405":"Method Not Allowed","406":"Not Acceptable","407":"Proxy Authentication Required","408":"Request Timeout","409":"Conflict","410":"Gone","411":"Length Required","412":"Precondition Failed","413":"Payload Too Large","414":"URI Too Long","415":"Unsupported Media Type","416":"Range Not Satisfiable","417":"Expectation Failed","418":"I'm a Teapot","421":"Misdirected Request","422":"Unprocessable Entity","423":"Locked","424":"Failed Dependency","425":"Too Early","426":"Upgrade Required","428":"Precondition Required","429":"Too Many Requests","431":"Request Header Fields Too Large","451":"Unavailable For Legal Reasons","500":"Internal Server Error","501":"Not Implemented","502":"Bad Gateway","503":"Service Unavailable","504":"Gateway Timeout","505":"HTTP Version Not Supported","506":"Variant Also Negotiates","507":"Insufficient Storage","508":"Loop Detected","509":"Bandwidth Limit Exceeded","510":"Not Extended","511":"Network Authentication Required"},"globalAgent":{"_events":{},"_eventsCount":2,"defaultPort":80,"freeSockets":{},"keepAlive":true,"keepAliveMsecs":1000,"maxFreeSockets":256,"maxSockets":null,"maxTotalSockets":null,"options":{"keepAlive":true,"noDelay":true,"path":null,"scheduling":"lifo","timeout":5000},"protocol":"http:","requests":{},"scheduling":"lifo","sockets":{},"totalSocketCount":0},"maxHeaderSize":16384},"https:":{"globalAgent":{"_events":{},"_eventsCount":2,"_sessionCache":{"list":["api.rajaserverpremium.web.id:443:::::::::::::::::::::"],"map":{"api.rajaserverpremium.web.id:443:::::::::::::::::::::":{"data":[48,130,5,64,2,1,1,2,2,3,4,4,2,19,2,4,32,167,58,83,246,86,62,76,31,58,54,20,31,220,186,72,53,105,178,39,160,67,10,70,239,63,82,61,59,166,116,50,196,4,48,215,248,243,178,185,141,185,29,161,91,70,176,0,156,53,195,39,104,37,187,210,178,176,176,79,16,179,202,95,162,198,225,220,68,21,243,135,5,31,189,87,84,82,71,165,136,111,175,161,6,2,4,105,115,82,11,162,4,2,2,28,32,163,130,3,209,48,130,3,205,48,130,3,114,160,3,2,1,2,2,16,83,100,82,125,214,58,243,187,14,11,131,211,98,161,77,124,48,10,6,8,42,134,72,206,61,4,3,2,48,59,49,11,48,9,6,3,85,4,6,19,2,85,83,49,30,48,28,6,3,85,4,10,19,21,71,111,111,103,108,101,32,84,114,117,115,116,32,83,101,114,118,105,99,101,115,49,12,48,10,6,3,85,4,3,19,3,87,69,49,48,30,23,13,50,53,49,50,49,53,48,51,53,49,51,53,90,23,13,50,54,48,51,49,53,48,52,52,57,48,54,90,48,35,49,33,48,31,6,3,85,4,3,19,24,114,97,106,97,115,101,114,118,101,114,112,114,101,109,105,117,109,46,119,101,98,46,105,100,48,89,48,19,6,7,42,134,72,206,61,2,1,6,8,42,134,72,206,61,3,1,7,3,66,0,4,209,65,248,198,152,178,80,43,76,156,21,181,92,1,237,118,53,13,210,42,15,124,212,102,245,214,179,237,66,78,179,128,178,124,71,4,150,143,103,173,213,93,32,127,178,132,49,155,107,84,200,182,247,77,43,187,116,4,84,48,228,78,239,92,163,130,2,110,48,130,2,106,48,14,6,3,85,29,15,1,1,255,4,4,3,2,7,128,48,19,6,3,85,29,37,4,12,48,10,6,8,43,6,1,5,5,7,3,1,48,12,6,3,85,29,19,1,1,255,4,2,48,0,48,29,6,3,85,29,14,4,22,4,20,139,247,2,230,192,10,215,58,117,122,101,186,168,30,149,38,246,33,63,110,48,31,6,3,85,29,35,4,24,48,22,128,20,144,119,146,53,103,196,255,168,204,169,230,123,217,128,121,123,204,147,249,56,48,94,6,8,43,6,1,5,5,7,1,1,4,82,48,80,48,39,6,8,43,6,1,5,5,7,48,1,134,27,104,116,116,112,58,47,47,111,46,112,107,105,46,103,111,111,103,47,115,47,119,101,49,47,85,50,81,48,37,6,8,43,6,1,5,5,7,48,2,134,25,104,116,116,112,58,47,47,105,46,112,107,105,46,103,111,111,103,47,119,101,49,46,99,114,116,48,63,6,3,85,29,17,4,56,48,54,130,24,114,97,106,97,115,101,114,118,101,114,112,114,101,109,105,117,109,46,119,101,98,46,105,100,130,26,42,46,114,97,106,97,115,101,114,118,101,114,112,114,101,109,105,117,109,46,119,101,98,46,105,100,48,19,6,3,85,29,32,4,12,48,10,48,8,6,6,103,129,12,1,2,1,48,54,6,3,85,29,31,4,47,48,45,48,43,160,41,160,39,134,37,104,116,116,112,58,47,47,99,46,112,107,105,46,103,111,111,103,47,119,101,49,47,66,119,89,107,100,53,88,107,89,56,99,46,99,114,108,48,130,1,5,6,10,43,6,1,4,1,214,121,2,4,2,4,129,246,4,129,243,0,241,0,119,0,100,17,196,108,164,18,236,167,137,28,162,2,46,0,188,171,79,40,7,212,30,53,39,171,234,254,213,3,201,125,205,240,0,0,1,155,32,89,131,239,0,0,4,3,0,72,48,70,2,33,0,200,14,101,120,225,210,194,22,149,176,32,104,187,40,61,59,152,52,162,76,181,1,107,107,34,138,194,10,152,31,67,210,2,33,0,187,47,172,38,105,252,86,88,70,255,204,206,105,116,55,85,230,209,241,104,206,164,37,105,241,129,67,198,103,185,225,129,0,118,0,14,87,148,188,243,174,169,62,51,27,44,153,7,179,247,144,223,155,194,61,113,50,37,221,33,169,37,172,97,197,78,33,0,0,1,155,32,89,132,33,0,0,4,3,0,71,48,69,2,32,124,23,13,124,214,207,104,188,163,13,194,132,106,215,65,63,181,238,171,124,183,6,105,127,159,198,231,84,52,82,168,184,2,33,0,194,221,136,115,191,240,84,86,177,105,57,180,237,26,177,2,186,192,62,120,143,46,7,211,68,212,223,238,47,195,204,255,48,10,6,8,42,134,72,206,61,4,3,2,3,73,0,48,70,2,33,0,196,136,149,225,67,116,128,137,116,100,48,36,4,77,73,93,122,88,9,34,194,24,83,222,208,76,104,232,239,68,178,179,2,33,0,137,111,135,125,148,246,200,35,101,217,140,190,214,214,4,129,43,40,18,114,232,92,81,91,68,7,68,27,45,45,173,126,164,2,4,0,166,30,4,28,97,112,105,46,114,97,106,97,115,101,114,118,101,114,112,114,101,109,105,117,109,46,119,101,98,46,105,100,169,5,2,3,0,253,32,170,129,195,4,129,192,102,24,219,162,161,213,167,245,132,144,74,201,207,50,254,71,161,27,203,1,243,90,250,139,17,119,214,113,20,175,142,162,35,248,192,240,24,226,165,145,58,180,163,61,30,219,228,1,240,176,227,66,11,195,117,179,20,100,224,177,82,87,26,165,98,242,58,97,166,96,214,232,158,112,111,186,29,202,203,157,89,24,20,195,239,252,23,163,178,157,199,70,212,72,219,75,52,37,5,56,181,39,87,245,78,104,246,122,176,210,75,45,209,253,174,20,207,163,151,28,8,250,216,4,80,53,68,208,108,126,9,28,117,21,219,185,90,184,6,181,202,186,188,185,104,66,87,72,119,36,41,65,146,30,107,16,124,175,58,38,153,241,200,40,252,186,53,17,176,76,195,183,150,160,86,165,170,70,34,236,250,198,108,28,24,66,63,189,76,181,88,112,174,6,2,4,78,53,255,58,179,3,2,1,29],"type":"Buffer"}}},"defaultPort":443,"freeSockets":{"api.rajaserverpremium.web.id:443:::::::::::::::::::::":[{"_SNICallback":null,"_closeAfterHandlingError":false,"_controlReleased":true,"_events":{"close":[null,null,null],"timeout":[null,null]},"_eventsCount":9,"_hadError":false,"_host":"api.rajaserverpremium.web.id","_httpMessage":null,"_newSessionPending":false,"_parent":null,"_pendingData":null,"_pendingEncoding":"","_readableState":{"awaitDrainWriters":null,"buffer":[],"bufferIndex":0,"highWaterMark":16384,"length":0,"pipes":[]},"_rejectUnauthorized":true,"_requestCert":true,"_secureEstablished":true,"_securePending":false,"_server":null,"_sockname":null,"_tlsOptions":{"isServer":false,"pipe":false,"rejectUnauthorized":true,"requestCert":true,"secureContext":{"context":{}}},"_writableState":{"bufferedIndex":0,"corked":0,"highWaterMark":16384,"length":0,"pendingcb":0,"writelen":0},"allowHalfOpen":false,"alpnProtocol":false,"authorizationError":null,"authorized":true,"autoSelectFamilyAttemptedAddresses":["104.21.71.150:443"],"connecting":false,"encrypted":true,"parser":null,"secureConnecting":false,"servername":"api.rajaserverpremium.web.id","ssl":{"_parent":{"onconnection":null,"reading":true},"_parentWrap":null,"_secureContext":{"context":{}},"reading":true},"timeout":5000}]},"keepAlive":true,"keepAliveMsecs":1000,"maxCachedSessions":100,"maxFreeSockets":256,"maxSockets":null,"maxTotalSockets":null,"options":{"keepAlive":true,"noDelay":true,"path":null,"scheduling":"lifo","timeout":5000},"protocol":"https:","requests":{},"scheduling":"lifo","sockets":{},"totalSocketCount":1}}},"path":"/orderkuota/createpayment?apikey=AriApiPaymetGetwayMod&amount=50044&codeqr=00020101021126670016COM.NOBUBANK.WWW01189360050300000879140214139599269048920303UMI51440014ID.CO.QRIS.WWW0215ID20253948025940303UMI5204541153033605802ID5919XYUZSTORE%20OK23960556004BONE61059167162070703A01630489F4","pathname":"/orderkuota/createpayment","port":"","protocol":"https:","search":"?apikey=AriApiPaymetGetwayMod&amount=50044&codeqr=00020101021126670016COM.NOBUBANK.WWW01189360050300000879140214139599269048920303UMI51440014ID.CO.QRIS.WWW0215ID20253948025940303UMI5204541153033605802ID5919XYUZSTORE%20OK23960556004BONE61059167162070703A01630489F4"},"_redirectCount":0,"_redirects":[],"_requestBodyBuffers":[],"_requestBodyLength":0,"_timeout":null,"_writableState":{"bufferedIndex":0,"corked":0,"highWaterMark":16384,"length":0,"pendingcb":0,"writelen":0}},"_removedConnection":false,"_removedContLen":false,"_removedTE":false,"_trailer":"","aborted":false,"agent":{"_events":{},"_eventsCount":2,"_sessionCache":{"list":["api.rajaserverpremium.web.id:443:::::::::::::::::::::"],"map":{"api.rajaserverpremium.web.id:443:::::::::::::::::::::":{"data":[48,130,5,64,2,1,1,2,2,3,4,4,2,19,2,4,32,167,58,83,246,86,62,76,31,58,54,20,31,220,186,72,53,105,178,39,160,67,10,70,239,63,82,61,59,166,116,50,196,4,48,215,248,243,178,185,141,185,29,161,91,70,176,0,156,53,195,39,104,37,187,210,178,176,176,79,16,179,202,95,162,198,225,220,68,21,243,135,5,31,189,87,84,82,71,165,136,111,175,161,6,2,4,105,115,82,11,162,4,2,2,28,32,163,130,3,209,48,130,3,205,48,130,3,114,160,3,2,1,2,2,16,83,100,82,125,214,58,243,187,14,11,131,211,98,161,77,124,48,10,6,8,42,134,72,206,61,4,3,2,48,59,49,11,48,9,6,3,85,4,6,19,2,85,83,49,30,48,28,6,3,85,4,10,19,21,71,111,111,103,108,101,32,84,114,117,115,116,32,83,101,114,118,105,99,101,115,49,12,48,10,6,3,85,4,3,19,3,87,69,49,48,30,23,13,50,53,49,50,49,53,48,51,53,49,51,53,90,23,13,50,54,48,51,49,53,48,52,52,57,48,54,90,48,35,49,33,48,31,6,3,85,4,3,19,24,114,97,106,97,115,101,114,118,101,114,112,114,101,109,105,117,109,46,119,101,98,46,105,100,48,89,48,19,6,7,42,134,72,206,61,2,1,6,8,42,134,72,206,61,3,1,7,3,66,0,4,209,65,248,198,152,178,80,43,76,156,21,181,92,1,237,118,53,13,210,42,15,124,212,102,245,214,179,237,66,78,179,128,178,124,71,4,150,143,103,173,213,93,32,127,178,132,49,155,107,84,200,182,247,77,43,187,116,4,84,48,228,78,239,92,163,130,2,110,48,130,2,106,48,14,6,3,85,29,15,1,1,255,4,4,3,2,7,128,48,19,6,3,85,29,37,4,12,48,10,6,8,43,6,1,5,5,7,3,1,48,12,6,3,85,29,19,1,1,255,4,2,48,0,48,29,6,3,85,29,14,4,22,4,20,139,247,2,230,192,10,215,58,117,122,101,186,168,30,149,38,246,33,63,110,48,31,6,3,85,29,35,4,24,48,22,128,20,144,119,146,53,103,196,255,168,204,169,230,123,217,128,121,123,204,147,249,56,48,94,6,8,43,6,1,5,5,7,1,1,4,82,48,80,48,39,6,8,43,6,1,5,5,7,48,1,134,27,104,116,116,112,58,47,47,111,46,112,107,105,46,103,111,111,103,47,115,47,119,101,49,47,85,50,81,48,37,6,8,43,6,1,5,5,7,48,2,134,25,104,116,116,112,58,47,47,105,46,112,107,105,46,103,111,111,103,47,119,101,49,46,99,114,116,48,63,6,3,85,29,17,4,56,48,54,130,24,114,97,106,97,115,101,114,118,101,114,112,114,101,109,105,117,109,46,119,101,98,46,105,100,130,26,42,46,114,97,106,97,115,101,114,118,101,114,112,114,101,109,105,117,109,46,119,101,98,46,105,100,48,19,6,3,85,29,32,4,12,48,10,48,8,6,6,103,129,12,1,2,1,48,54,6,3,85,29,31,4,47,48,45,48,43,160,41,160,39,134,37,104,116,116,112,58,47,47,99,46,112,107,105,46,103,111,111,103,47,119,101,49,47,66,119,89,107,100,53,88,107,89,56,99,46,99,114,108,48,130,1,5,6,10,43,6,1,4,1,214,121,2,4,2,4,129,246,4,129,243,0,241,0,119,0,100,17,196,108,164,18,236,167,137,28,162,2,46,0,188,171,79,40,7,212,30,53,39,171,234,254,213,3,201,125,205,240,0,0,1,155,32,89,131,239,0,0,4,3,0,72,48,70,2,33,0,200,14,101,120,225,210,194,22,149,176,32,104,187,40,61,59,152,52,162,76,181,1,107,107,34,138,194,10,152,31,67,210,2,33,0,187,47,172,38,105,252,86,88,70,255,204,206,105,116,55,85,230,209,241,104,206,164,37,105,241,129,67,198,103,185,225,129,0,118,0,14,87,148,188,243,174,169,62,51,27,44,153,7,179,247,144,223,155,194,61,113,50,37,221,33,169,37,172,97,197,78,33,0,0,1,155,32,89,132,33,0,0,4,3,0,71,48,69,2,32,124,23,13,124,214,207,104,188,163,13,194,132,106,215,65,63,181,238,171,124,183,6,105,127,159,198,231,84,52,82,168,184,2,33,0,194,221,136,115,191,240,84,86,177,105,57,180,237,26,177,2,186,192,62,120,143,46,7,211,68,212,223,238,47,195,204,255,48,10,6,8,42,134,72,206,61,4,3,2,3,73,0,48,70,2,33,0,196,136,149,225,67,116,128,137,116,100,48,36,4,77,73,93,122,88,9,34,194,24,83,222,208,76,104,232,239,68,178,179,2,33,0,137,111,135,125,148,246,200,35,101,217,140,190,214,214,4,129,43,40,18,114,232,92,81,91,68,7,68,27,45,45,173,126,164,2,4,0,166,30,4,28,97,112,105,46,114,97,106,97,115,101,114,118,101,114,112,114,101,109,105,117,109,46,119,101,98,46,105,100,169,5,2,3,0,253,32,170,129,195,4,129,192,102,24,219,162,161,213,167,245,132,144,74,201,207,50,254,71,161,27,203,1,243,90,250,139,17,119,214,113,20,175,142,162,35,248,192,240,24,226,165,145,58,180,163,61,30,219,228,1,240,176,227,66,11,195,117,179,20,100,224,177,82,87,26,165,98,242,58,97,166,96,214,232,158,112,111,186,29,202,203,157,89,24,20,195,239,252,23,163,178,157,199,70,212,72,219,75,52,37,5,56,181,39,87,245,78,104,246,122,176,210,75,45,209,253,174,20,207,163,151,28,8,250,216,4,80,53,68,208,108,126,9,28,117,21,219,185,90,184,6,181,202,186,188,185,104,66,87,72,119,36,41,65,146,30,107,16,124,175,58,38,153,241,200,40,252,186,53,17,176,76,195,183,150,160,86,165,170,70,34,236,250,198,108,28,24,66,63,189,76,181,88,112,174,6,2,4,78,53,255,58,179,3,2,1,29],"type":"Buffer"}}},"defaultPort":443,"freeSockets":{"api.rajaserverpremium.web.id:443:::::::::::::::::::::":[{"_SNICallback":null,"_closeAfterHandlingError":false,"_controlReleased":true,"_events":{"close":[null,null,null],"timeout":[null,null]},"_eventsCount":9,"_hadError":false,"_host":"api.rajaserverpremium.web.id","_httpMessage":null,"_newSessionPending":false,"_parent":null,"_pendingData":null,"_pendingEncoding":"","_readableState":{"awaitDrainWriters":null,"buffer":[],"bufferIndex":0,"highWaterMark":16384,"length":0,"pipes":[]},"_rejectUnauthorized":true,"_requestCert":true,"_secureEstablished":true,"_securePending":false,"_server":null,"_sockname":null,"_tlsOptions":{"isServer":false,"pipe":false,"rejectUnauthorized":true,"requestCert":true,"secureContext":{"context":{}}},"_writableState":{"bufferedIndex":0,"corked":0,"highWaterMark":16384,"length":0,"pendingcb":0,"writelen":0},"allowHalfOpen":false,"alpnProtocol":false,"authorizationError":null,"authorized":true,"autoSelectFamilyAttemptedAddresses":["104.21.71.150:443"],"connecting":false,"encrypted":true,"parser":null,"secureConnecting":false,"servername":"api.rajaserverpremium.web.id","ssl":{"_parent":{"onconnection":null,"reading":true},"_parentWrap":null,"_secureContext":{"context":{}},"reading":true},"timeout":5000}]},"keepAlive":true,"keepAliveMsecs":1000,"maxCachedSessions":100,"maxFreeSockets":256,"maxSockets":null,"maxTotalSockets":null,"options":{"keepAlive":true,"noDelay":true,"path":null,"scheduling":"lifo","timeout":5000},"protocol":"https:","requests":{},"scheduling":"lifo","sockets":{},"totalSocketCount":1},"chunkedEncoding":false,"destroyed":true,"finished":true,"host":"api.rajaserverpremium.web.id","maxHeadersCount":null,"maxRequestsOnConnectionReached":false,"method":"GET","outputData":[],"outputSize":0,"parser":null,"path":"/orderkuota/createpayment?apikey=AriApiPaymetGetwayMod&amount=50044&codeqr=00020101021126670016COM.NOBUBANK.WWW01189360050300000879140214139599269048920303UMI51440014ID.CO.QRIS.WWW0215ID20253948025940303UMI5204541153033605802ID5919XYUZSTORE%20OK23960556004BONE61059167162070703A01630489F4","protocol":"https:","res":{"_consuming":false,"_dumped":false,"_events":{"end":[null,null]},"_eventsCount":4,"_readableState":{"awaitDrainWriters":null,"buffer":[],"bufferIndex":0,"highWaterMark":16384,"length":0,"pipes":[]},"aborted":false,"client":{"_SNICallback":null,"_closeAfterHandlingError":false,"_controlReleased":true,"_events":{"close":[null,null,null],"timeout":[null,null]},"_eventsCount":9,"_hadError":false,"_host":"api.rajaserverpremium.web.id","_httpMessage":null,"_newSessionPending":false,"_parent":null,"_pendingData":null,"_pendingEncoding":"","_readableState":{"awaitDrainWriters":null,"buffer":[],"bufferIndex":0,"highWaterMark":16384,"length":0,"pipes":[]},"_rejectUnauthorized":true,"_requestCert":true,"_secureEstablished":true,"_securePending":false,"_server":null,"_sockname":null,"_tlsOptions":{"isServer":false,"pipe":false,"rejectUnauthorized":true,"requestCert":true,"secureContext":{"context":{}}},"_writableState":{"bufferedIndex":0,"corked":0,"highWaterMark":16384,"length":0,"pendingcb":0,"writelen":0},"allowHalfOpen":false,"alpnProtocol":false,"authorizationError":null,"authorized":true,"autoSelectFamilyAttemptedAddresses":["104.21.71.150:443"],"connecting":false,"encrypted":true,"parser":null,"secureConnecting":false,"servername":"api.rajaserverpremium.web.id","ssl":{"_parent":{"onconnection":null,"reading":true},"_parentWrap":null,"_secureContext":{"context":{}},"reading":true},"timeout":5000},"complete":true,"httpVersion":"1.1","httpVersionMajor":1,"httpVersionMinor":1,"method":null,"rawHeaders":["Date","Fri, 23 Jan 2026 10:49:33 GMT","Content-Type","application/json; charset=utf-8","Content-Length","45","Connection","keep-alive","access-control-allow-headers","Content-Type, X-API-Key, Authorization","access-control-allow-methods","GET, POST, PUT, DELETE","access-control-allow-origin","*","Age","0","Cache-Control","public, max-age=0, must-revalidate","etag","W/\"2d-d2fvxHDtVJhbZrJJJbqb3bCDRRw\"","Server","cloudflare","strict-transport-security","max-age=63072000","x-powered-by","Express","x-vercel-cache","MISS","x-vercel-id","sin1::iad1::jhnc2-1769165373000-a0571c930949","cf-cache-status","DYNAMIC","Nel","{\"report_to\":\"cf-nel\",\"success_fraction\":0.0,\"max_age\":604800}","Report-To","{\"group\":\"cf-nel\",\"max_age\":604800,\"endpoints\":[{\"url\":\"https://a.nel.cloudflare.com/report/v4?s=e6zd0Jk5J%2FGwlQ8zmaD2UXIMoBsE0gguIF2zJ4TOo8IVoryxAJAzjkQazK4PiqH7Q8vkZAjuNUyCdqxgRrvMalKWJcn7AYd5Zvq7LEVbL%2Fi4avioR%2FCWP%2BUBAaM%3D\"}]}","CF-RAY","9c26b99d1a74ce65-SIN","alt-svc","h3=\":443\"; ma=86400"],"rawTrailers":[],"redirects":[],"req":"[Circular]","responseUrl":"https://api.rajaserverpremium.web.id/orderkuota/createpayment?apikey=AriApiPaymetGetwayMod&amount=50044&codeqr=00020101021126670016COM.NOBUBANK.WWW01189360050300000879140214139599269048920303UMI51440014ID.CO.QRIS.WWW0215ID20253948025940303UMI5204541153033605802ID5919XYUZSTORE%20OK23960556004BONE61059167162070703A01630489F4","socket":null,"statusCode":401,"statusMessage":"Unauthorized","upgrade":false,"url":""},"reusedSocket":false,"sendDate":false,"shouldKeepAlive":true,"socket":{"_SNICallback":null,"_closeAfterHandlingError":false,"_controlReleased":true,"_events":{"close":[null,null,null],"timeout":[null,null]},"_eventsCount":9,"_hadError":false,"_host":"api.rajaserverpremium.web.id","_httpMessage":null,"_newSessionPending":false,"_parent":null,"_pendingData":null,"_pendingEncoding":"","_readableState":{"awaitDrainWriters":null,"buffer":[],"bufferIndex":0,"highWaterMark":16384,"length":0,"pipes":[]},"_rejectUnauthorized":true,"_requestCert":true,"_secureEstablished":true,"_securePending":false,"_server":null,"_sockname":null,"_tlsOptions":{"isServer":false,"pipe":false,"rejectUnauthorized":true,"requestCert":true,"secureContext":{"context":{}}},"_writableState":{"bufferedIndex":0,"corked":0,"highWaterMark":16384,"length":0,"pendingcb":0,"writelen":0},"allowHalfOpen":false,"alpnProtocol":false,"authorizationError":null,"authorized":true,"autoSelectFamilyAttemptedAddresses":["104.21.71.150:443"],"connecting":false,"encrypted":true,"parser":null,"secureConnecting":false,"servername":"api.rajaserverpremium.web.id","ssl":{"_parent":{"onconnection":null,"reading":true},"_parentWrap":null,"_secureContext":{"context":{}},"reading":true},"timeout":5000},"strictContentLength":false,"timeoutCb":null,"upgradeOrConnect":false,"useChunkedEncodingByDefault":false,"writable":true},"response":{"config":{"adapter":["xhr","http","fetch"],"allowAbsoluteUrls":true,"env":{},"headers":{"Accept":"application/json, text/plain, */*","Accept-Encoding":"gzip, compress, deflate, br","User-Agent":"axios/1.13.2"},"maxBodyLength":-1,"maxContentLength":-1,"method":"get","timeout":0,"transformRequest":[null],"transformResponse":[null],"transitional":{"clarifyTimeoutError":false,"forcedJSONParsing":true,"silentJSONParsing":true},"url":"https://api.rajaserverpremium.web.id/orderkuota/createpayment?apikey=AriApiPaymetGetwayMod&amount=50044&codeqr=00020101021126670016COM.NOBUBANK.WWW01189360050300000879140214139599269048920303UMI51440014ID.CO.QRIS.WWW0215ID20253948025940303UMI5204541153033605802ID5919XYUZSTORE OK23960556004BONE61059167162070703A01630489F4","xsrfCookieName":"XSRF-TOKEN","xsrfHeaderName":"X-XSRF-TOKEN"},"data":{"message":"Invalid apikey","status":"error"},"headers":{"access-control-allow-headers":"Content-Type, X-API-Key, Authorization","access-control-allow-methods":"GET, POST, PUT, DELETE","access-control-allow-origin":"*","age":"0","alt-svc":"h3=\":443\"; ma=86400","cache-control":"public, max-age=0, must-revalidate","cf-cache-status":"DYNAMIC","cf-ray":"9c26b99d1a74ce65-SIN","connection":"keep-alive","content-length":"45","content-type":"application/json; charset=utf-8","date":"Fri, 23 Jan 2026 10:49:33 GMT","etag":"W/\"2d-d2fvxHDtVJhbZrJJJbqb3bCDRRw\"","nel":"{\"report_to\":\"cf-nel\",\"success_fraction\":0.0,\"max_age\":604800}","report-to":"{\"group\":\"cf-nel\",\"max_age\":604800,\"endpoints\":[{\"url\":\"https://a.nel.cloudflare.com/report/v4?s=e6zd0Jk5J%2FGwlQ8zmaD2UXIMoBsE0gguIF2zJ4TOo8IVoryxAJAzjkQazK4PiqH7Q8vkZAjuNUyCdqxgRrvMalKWJcn7AYd5Zvq7LEVbL%2Fi4avioR%2FCWP%2BUBAaM%3D\"}]}","server":"cloudflare","strict-transport-security":"max-age=63072000","x-powered-by":"Express","x-vercel-cache":"MISS","x-vercel-id":"sin1::iad1::jhnc2-1769165373000-a0571c930949"},"request":{"_closed":true,"_contentLength":0,"_defaultKeepAlive":true,"_ended":true,"_events":{},"_eventsCount":7,"_hasBody":true,"_header":"GET /orderkuota/createpayment?apikey=AriApiPaymetGetwayMod&amount=50044&codeqr=00020101021126670016COM.NOBUBANK.WWW01189360050300000879140214139599269048920303UMI51440014ID.CO.QRIS.WWW0215ID20253948025940303UMI5204541153033605802ID5919XYUZSTORE%20OK23960556004BONE61059167162070703A01630489F4 HTTP/1.1\r\nAccept: application/json, text/plain, */*\r\nUser-Agent: axios/1.13.2\r\nAccept-Encoding: gzip, compress, deflate, br\r\nHost: api.rajaserverpremium.web.id\r\nConnection: keep-alive\r\n\r\n","_headerSent":true,"_keepAliveTimeout":0,"_last":true,"_redirectable":{"_currentRequest":"[Circular]","_currentUrl":"https://api.rajaserverpremium.web.id/orderkuota/createpayment?apikey=AriApiPaymetGetwayMod&amount=50044&codeqr=00020101021126670016COM.NOBUBANK.WWW01189360050300000879140214139599269048920303UMI51440014ID.CO.QRIS.WWW0215ID20253948025940303UMI5204541153033605802ID5919XYUZSTORE%20OK23960556004BONE61059167162070703A01630489F4","_ended":true,"_ending":true,"_events":{"socket":[null,null]},"_eventsCount":3,"_options":{"agents":{},"beforeRedirects":{},"headers":{"Accept":"application/json, text/plain, */*","Accept-Encoding":"gzip, compress, deflate, br","User-Agent":"axios/1.13.2"},"hostname":"api.rajaserverpremium.web.id","maxBodyLength":null,"maxRedirects":21,"method":"GET","nativeProtocols":{"http:":{"METHODS":["ACL","BIND","CHECKOUT","CONNECT","COPY","DELETE","GET","HEAD","LINK","LOCK","M-SEARCH","MERGE","MKACTIVITY","MKCALENDAR","MKCOL","MOVE","NOTIFY","OPTIONS","PATCH","POST","PROPFIND","PROPPATCH","PURGE","PUT","QUERY","REBIND","REPORT","SEARCH","SOURCE","SUBSCRIBE","TRACE","UNBIND","UNLINK","UNLOCK","UNSUBSCRIBE"],"STATUS_CODES":{"100":"Continue","101":"Switching Protocols","102":"Processing","103":"Early Hints","200":"OK","201":"Created","202":"Accepted","203":"Non-Authoritative Information","204":"No Content","205":"Reset Content","206":"Partial Content","207":"Multi-Status","208":"Already Reported","226":"IM Used","300":"Multiple Choices","301":"Moved Permanently","302":"Found","303":"See Other","304":"Not Modified","305":"Use Proxy","307":"Temporary Redirect","308":"Permanent Redirect","400":"Bad Request","401":"Unauthorized","402":"Payment Required","403":"Forbidden","404":"Not Found","405":"Method Not Allowed","406":"Not Acceptable","407":"Proxy Authentication Required","408":"Request Timeout","409":"Conflict","410":"Gone","411":"Length Required","412":"Precondition Failed","413":"Payload Too Large","414":"URI Too Long","415":"Unsupported Media Type","416":"Range Not Satisfiable","417":"Expectation Failed","418":"I'm a Teapot","421":"Misdirected Request","422":"Unprocessable Entity","423":"Locked","424":"Failed Dependency","425":"Too Early","426":"Upgrade Required","428":"Precondition Required","429":"Too Many Requests","431":"Request Header Fields Too Large","451":"Unavailable For Legal Reasons","500":"Internal Server Error","501":"Not Implemented","502":"Bad Gateway","503":"Service Unavailable","504":"Gateway Timeout","505":"HTTP Version Not Supported","506":"Variant Also Negotiates","507":"Insufficient Storage","508":"Loop Detected","509":"Bandwidth Limit Exceeded","510":"Not Extended","511":"Network Authentication Required"},"globalAgent":{"_events":{},"_eventsCount":2,"defaultPort":80,"freeSockets":{},"keepAlive":true,"keepAliveMsecs":1000,"maxFreeSockets":256,"maxSockets":null,"maxTotalSockets":null,"options":{"keepAlive":true,"noDelay":true,"path":null,"scheduling":"lifo","timeout":5000},"protocol":"http:","requests":{},"scheduling":"lifo","sockets":{},"totalSocketCount":0},"maxHeaderSize":16384},"https:":{"globalAgent":{"_events":{},"_eventsCount":2,"_sessionCache":{"list":["api.rajaserverpremium.web.id:443:::::::::::::::::::::"],"map":{"api.rajaserverpremium.web.id:443:::::::::::::::::::::":{"data":[48,130,5,64,2,1,1,2,2,3,4,4,2,19,2,4,32,167,58,83,246,86,62,76,31,58,54,20,31,220,186,72,53,105,178,39,160,67,10,70,239,63,82,61,59,166,116,50,196,4,48,215,248,243,178,185,141,185,29,161,91,70,176,0,156,53,195,39,104,37,187,210,178,176,176,79,16,179,202,95,162,198,225,220,68,21,243,135,5,31,189,87,84,82,71,165,136,111,175,161,6,2,4,105,115,82,11,162,4,2,2,28,32,163,130,3,209,48,130,3,205,48,130,3,114,160,3,2,1,2,2,16,83,100,82,125,214,58,243,187,14,11,131,211,98,161,77,124,48,10,6,8,42,134,72,206,61,4,3,2,48,59,49,11,48,9,6,3,85,4,6,19,2,85,83,49,30,48,28,6,3,85,4,10,19,21,71,111,111,103,108,101,32,84,114,117,115,116,32,83,101,114,118,105,99,101,115,49,12,48,10,6,3,85,4,3,19,3,87,69,49,48,30,23,13,50,53,49,50,49,53,48,51,53,49,51,53,90,23,13,50,54,48,51,49,53,48,52,52,57,48,54,90,48,35,49,33,48,31,6,3,85,4,3,19,24,114,97,106,97,115,101,114,118,101,114,112,114,101,109,105,117,109,46,119,101,98,46,105,100,48,89,48,19,6,7,42,134,72,206,61,2,1,6,8,42,134,72,206,61,3,1,7,3,66,0,4,209,65,248,198,152,178,80,43,76,156,21,181,92,1,237,118,53,13,210,42,15,124,212,102,245,214,179,237,66,78,179,128,178,124,71,4,150,143,103,173,213,93,32,127,178,132,49,155,107,84,200,182,247,77,43,187,116,4,84,48,228,78,239,92,163,130,2,110,48,130,2,106,48,14,6,3,85,29,15,1,1,255,4,4,3,2,7,128,48,19,6,3,85,29,37,4,12,48,10,6,8,43,6,1,5,5,7,3,1,48,12,6,3,85,29,19,1,1,255,4,2,48,0,48,29,6,3,85,29,14,4,22,4,20,139,247,2,230,192,10,215,58,117,122,101,186,168,30,149,38,246,33,63,110,48,31,6,3,85,29,35,4,24,48,22,128,20,144,119,146,53,103,196,255,168,204,169,230,123,217,128,121,123,204,147,249,56,48,94,6,8,43,6,1,5,5,7,1,1,4,82,48,80,48,39,6,8,43,6,1,5,5,7,48,1,134,27,104,116,116,112,58,47,47,111,46,112,107,105,46,103,111,111,103,47,115,47,119,101,49,47,85,50,81,48,37,6,8,43,6,1,5,5,7,48,2,134,25,104,116,116,112,58,47,47,105,46,112,107,105,46,103,111,111,103,47,119,101,49,46,99,114,116,48,63,6,3,85,29,17,4,56,48,54,130,24,114,97,106,97,115,101,114,118,101,114,112,114,101,109,105,117,109,46,119,101,98,46,105,100,130,26,42,46,114,97,106,97,115,101,114,118,101,114,112,114,101,109,105,117,109,46,119,101,98,46,105,100,48,19,6,3,85,29,32,4,12,48,10,48,8,6,6,103,129,12,1,2,1,48,54,6,3,85,29,31,4,47,48,45,48,43,160,41,160,39,134,37,104,116,116,112,58,47,47,99,46,112,107,105,46,103,111,111,103,47,119,101,49,47,66,119,89,107,100,53,88,107,89,56,99,46,99,114,108,48,130,1,5,6,10,43,6,1,4,1,214,121,2,4,2,4,129,246,4,129,243,0,241,0,119,0,100,17,196,108,164,18,236,167,137,28,162,2,46,0,188,171,79,40,7,212,30,53,39,171,234,254,213,3,201,125,205,240,0,0,1,155,32,89,131,239,0,0,4,3,0,72,48,70,2,33,0,200,14,101,120,225,210,194,22,149,176,32,104,187,40,61,59,152,52,162,76,181,1,107,107,34,138,194,10,152,31,67,210,2,33,0,187,47,172,38,105,252,86,88,70,255,204,206,105,116,55,85,230,209,241,104,206,164,37,105,241,129,67,198,103,185,225,129,0,118,0,14,87,148,188,243,174,169,62,51,27,44,153,7,179,247,144,223,155,194,61,113,50,37,221,33,169,37,172,97,197,78,33,0,0,1,155,32,89,132,33,0,0,4,3,0,71,48,69,2,32,124,23,13,124,214,207,104,188,163,13,194,132,106,215,65,63,181,238,171,124,183,6,105,127,159,198,231,84,52,82,168,184,2,33,0,194,221,136,115,191,240,84,86,177,105,57,180,237,26,177,2,186,192,62,120,143,46,7,211,68,212,223,238,47,195,204,255,48,10,6,8,42,134,72,206,61,4,3,2,3,73,0,48,70,2,33,0,196,136,149,225,67,116,128,137,116,100,48,36,4,77,73,93,122,88,9,34,194,24,83,222,208,76,104,232,239,68,178,179,2,33,0,137,111,135,125,148,246,200,35,101,217,140,190,214,214,4,129,43,40,18,114,232,92,81,91,68,7,68,27,45,45,173,126,164,2,4,0,166,30,4,28,97,112,105,46,114,97,106,97,115,101,114,118,101,114,112,114,101,109,105,117,109,46,119,101,98,46,105,100,169,5,2,3,0,253,32,170,129,195,4,129,192,102,24,219,162,161,213,167,245,132,144,74,201,207,50,254,71,161,27,203,1,243,90,250,139,17,119,214,113,20,175,142,162,35,248,192,240,24,226,165,145,58,180,163,61,30,219,228,1,240,176,227,66,11,195,117,179,20,100,224,177,82,87,26,165,98,242,58,97,166,96,214,232,158,112,111,186,29,202,203,157,89,24,20,195,239,252,23,163,178,157,199,70,212,72,219,75,52,37,5,56,181,39,87,245,78,104,246,122,176,210,75,45,209,253,174,20,207,163,151,28,8,250,216,4,80,53,68,208,108,126,9,28,117,21,219,185,90,184,6,181,202,186,188,185,104,66,87,72,119,36,41,65,146,30,107,16,124,175,58,38,153,241,200,40,252,186,53,17,176,76,195,183,150,160,86,165,170,70,34,236,250,198,108,28,24,66,63,189,76,181,88,112,174,6,2,4,78,53,255,58,179,3,2,1,29],"type":"Buffer"}}},"defaultPort":443,"freeSockets":{"api.rajaserverpremium.web.id:443:::::::::::::::::::::":[{"_SNICallback":null,"_closeAfterHandlingError":false,"_controlReleased":true,"_events":{"close":[null,null,null],"timeout":[null,null]},"_eventsCount":9,"_hadError":false,"_host":"api.rajaserverpremium.web.id","_httpMessage":null,"_newSessionPending":false,"_parent":null,"_pendingData":null,"_pendingEncoding":"","_readableState":{"awaitDrainWriters":null,"buffer":[],"bufferIndex":0,"highWaterMark":16384,"length":0,"pipes":[]},"_rejectUnauthorized":true,"_requestCert":true,"_secureEstablished":true,"_securePending":false,"_server":null,"_sockname":null,"_tlsOptions":{"isServer":false,"pipe":false,"rejectUnauthorized":true,"requestCert":true,"secureContext":{"context":{}}},"_writableState":{"bufferedIndex":0,"corked":0,"highWaterMark":16384,"length":0,"pendingcb":0,"writelen":0},"allowHalfOpen":false,"alpnProtocol":false,"authorizationError":null,"authorized":true,"autoSelectFamilyAttemptedAddresses":["104.21.71.150:443"],"connecting":false,"encrypted":true,"parser":null,"secureConnecting":false,"servername":"api.rajaserverpremium.web.id","ssl":{"_parent":{"onconnection":null,"reading":true},"_parentWrap":null,"_secureContext":{"context":{}},"reading":true},"timeout":5000}]},"keepAlive":true,"keepAliveMsecs":1000,"maxCachedSessions":100,"maxFreeSockets":256,"maxSockets":null,"maxTotalSockets":null,"options":{"keepAlive":true,"noDelay":true,"path":null,"scheduling":"lifo","timeout":5000},"protocol":"https:","requests":{},"scheduling":"lifo","sockets":{},"totalSocketCount":1}}},"path":"/orderkuota/createpayment?apikey=AriApiPaymetGetwayMod&amount=50044&codeqr=00020101021126670016COM.NOBUBANK.WWW01189360050300000879140214139599269048920303UMI51440014ID.CO.QRIS.WWW0215ID20253948025940303UMI5204541153033605802ID5919XYUZSTORE%20OK23960556004BONE61059167162070703A01630489F4","pathname":"/orderkuota/createpayment","port":"","protocol":"https:","search":"?apikey=AriApiPaymetGetwayMod&amount=50044&codeqr=00020101021126670016COM.NOBUBANK.WWW01189360050300000879140214139599269048920303UMI51440014ID.CO.QRIS.WWW0215ID20253948025940303UMI5204541153033605802ID5919XYUZSTORE%20OK23960556004BONE61059167162070703A01630489F4"},"_redirectCount":0,"_redirects":[],"_requestBodyBuffers":[],"_requestBodyLength":0,"_timeout":null,"_writableState":{"bufferedIndex":0,"corked":0,"highWaterMark":16384,"length":0,"pendingcb":0,"writelen":0}},"_removedConnection":false,"_removedContLen":false,"_removedTE":false,"_trailer":"","aborted":false,"agent":{"_events":{},"_eventsCount":2,"_sessionCache":{"list":["api.rajaserverpremium.web.id:443:::::::::::::::::::::"],"map":{"api.rajaserverpremium.web.id:443:::::::::::::::::::::":{"data":[48,130,5,64,2,1,1,2,2,3,4,4,2,19,2,4,32,167,58,83,246,86,62,76,31,58,54,20,31,220,186,72,53,105,178,39,160,67,10,70,239,63,82,61,59,166,116,50,196,4,48,215,248,243,178,185,141,185,29,161,91,70,176,0,156,53,195,39,104,37,187,210,178,176,176,79,16,179,202,95,162,198,225,220,68,21,243,135,5,31,189,87,84,82,71,165,136,111,175,161,6,2,4,105,115,82,11,162,4,2,2,28,32,163,130,3,209,48,130,3,205,48,130,3,114,160,3,2,1,2,2,16,83,100,82,125,214,58,243,187,14,11,131,211,98,161,77,124,48,10,6,8,42,134,72,206,61,4,3,2,48,59,49,11,48,9,6,3,85,4,6,19,2,85,83,49,30,48,28,6,3,85,4,10,19,21,71,111,111,103,108,101,32,84,114,117,115,116,32,83,101,114,118,105,99,101,115,49,12,48,10,6,3,85,4,3,19,3,87,69,49,48,30,23,13,50,53,49,50,49,53,48,51,53,49,51,53,90,23,13,50,54,48,51,49,53,48,52,52,57,48,54,90,48,35,49,33,48,31,6,3,85,4,3,19,24,114,97,106,97,115,101,114,118,101,114,112,114,101,109,105,117,109,46,119,101,98,46,105,100,48,89,48,19,6,7,42,134,72,206,61,2,1,6,8,42,134,72,206,61,3,1,7,3,66,0,4,209,65,248,198,152,178,80,43,76,156,21,181,92,1,237,118,53,13,210,42,15,124,212,102,245,214,179,237,66,78,179,128,178,124,71,4,150,143,103,173,213,93,32,127,178,132,49,155,107,84,200,182,247,77,43,187,116,4,84,48,228,78,239,92,163,130,2,110,48,130,2,106,48,14,6,3,85,29,15,1,1,255,4,4,3,2,7,128,48,19,6,3,85,29,37,4,12,48,10,6,8,43,6,1,5,5,7,3,1,48,12,6,3,85,29,19,1,1,255,4,2,48,0,48,29,6,3,85,29,14,4,22,4,20,139,247,2,230,192,10,215,58,117,122,101,186,168,30,149,38,246,33,63,110,48,31,6,3,85,29,35,4,24,48,22,128,20,144,119,146,53,103,196,255,168,204,169,230,123,217,128,121,123,204,147,249,56,48,94,6,8,43,6,1,5,5,7,1,1,4,82,48,80,48,39,6,8,43,6,1,5,5,7,48,1,134,27,104,116,116,112,58,47,47,111,46,112,107,105,46,103,111,111,103,47,115,47,119,101,49,47,85,50,81,48,37,6,8,43,6,1,5,5,7,48,2,134,25,104,116,116,112,58,47,47,105,46,112,107,105,46,103,111,111,103,47,119,101,49,46,99,114,116,48,63,6,3,85,29,17,4,56,48,54,130,24,114,97,106,97,115,101,114,118,101,114,112,114,101,109,105,117,109,46,119,101,98,46,105,100,130,26,42,46,114,97,106,97,115,101,114,118,101,114,112,114,101,109,105,117,109,46,119,101,98,46,105,100,48,19,6,3,85,29,32,4,12,48,10,48,8,6,6,103,129,12,1,2,1,48,54,6,3,85,29,31,4,47,48,45,48,43,160,41,160,39,134,37,104,116,116,112,58,47,47,99,46,112,107,105,46,103,111,111,103,47,119,101,49,47,66,119,89,107,100,53,88,107,89,56,99,46,99,114,108,48,130,1,5,6,10,43,6,1,4,1,214,121,2,4,2,4,129,246,4,129,243,0,241,0,119,0,100,17,196,108,164,18,236,167,137,28,162,2,46,0,188,171,79,40,7,212,30,53,39,171,234,254,213,3,201,125,205,240,0,0,1,155,32,89,131,239,0,0,4,3,0,72,48,70,2,33,0,200,14,101,120,225,210,194,22,149,176,32,104,187,40,61,59,152,52,162,76,181,1,107,107,34,138,194,10,152,31,67,210,2,33,0,187,47,172,38,105,252,86,88,70,255,204,206,105,116,55,85,230,209,241,104,206,164,37,105,241,129,67,198,103,185,225,129,0,118,0,14,87,148,188,243,174,169,62,51,27,44,153,7,179,247,144,223,155,194,61,113,50,37,221,33,169,37,172,97,197,78,33,0,0,1,155,32,89,132,33,0,0,4,3,0,71,48,69,2,32,124,23,13,124,214,207,104,188,163,13,194,132,106,215,65,63,181,238,171,124,183,6,105,127,159,198,231,84,52,82,168,184,2,33,0,194,221,136,115,191,240,84,86,177,105,57,180,237,26,177,2,186,192,62,120,143,46,7,211,68,212,223,238,47,195,204,255,48,10,6,8,42,134,72,206,61,4,3,2,3,73,0,48,70,2,33,0,196,136,149,225,67,116,128,137,116,100,48,36,4,77,73,93,122,88,9,34,194,24,83,222,208,76,104,232,239,68,178,179,2,33,0,137,111,135,125,148,246,200,35,101,217,140,190,214,214,4,129,43,40,18,114,232,92,81,91,68,7,68,27,45,45,173,126,164,2,4,0,166,30,4,28,97,112,105,46,114,97,106,97,115,101,114,118,101,114,112,114,101,109,105,117,109,46,119,101,98,46,105,100,169,5,2,3,0,253,32,170,129,195,4,129,192,102,24,219,162,161,213,167,245,132,144,74,201,207,50,254,71,161,27,203,1,243,90,250,139,17,119,214,113,20,175,142,162,35,248,192,240,24,226,165,145,58,180,163,61,30,219,228,1,240,176,227,66,11,195,117,179,20,100,224,177,82,87,26,165,98,242,58,97,166,96,214,232,158,112,111,186,29,202,203,157,89,24,20,195,239,252,23,163,178,157,199,70,212,72,219,75,52,37,5,56,181,39,87,245,78,104,246,122,176,210,75,45,209,253,174,20,207,163,151,28,8,250,216,4,80,53,68,208,108,126,9,28,117,21,219,185,90,184,6,181,202,186,188,185,104,66,87,72,119,36,41,65,146,30,107,16,124,175,58,38,153,241,200,40,252,186,53,17,176,76,195,183,150,160,86,165,170,70,34,236,250,198,108,28,24,66,63,189,76,181,88,112,174,6,2,4,78,53,255,58,179,3,2,1,29],"type":"Buffer"}}},"defaultPort":443,"freeSockets":{"api.rajaserverpremium.web.id:443:::::::::::::::::::::":[{"_SNICallback":null,"_closeAfterHandlingError":false,"_controlReleased":true,"_events":{"close":[null,null,null],"timeout":[null,null]},"_eventsCount":9,"_hadError":false,"_host":"api.rajaserverpremium.web.id","_httpMessage":null,"_newSessionPending":false,"_parent":null,"_pendingData":null,"_pendingEncoding":"","_readableState":{"awaitDrainWriters":null,"buffer":[],"bufferIndex":0,"highWaterMark":16384,"length":0,"pipes":[]},"_rejectUnauthorized":true,"_requestCert":true,"_secureEstablished":true,"_securePending":false,"_server":null,"_sockname":null,"_tlsOptions":{"isServer":false,"pipe":false,"rejectUnauthorized":true,"requestCert":true,"secureContext":{"context":{}}},"_writableState":{"bufferedIndex":0,"corked":0,"highWaterMark":16384,"length":0,"pendingcb":0,"writelen":0},"allowHalfOpen":false,"alpnProtocol":false,"authorizationError":null,"authorized":true,"autoSelectFamilyAttemptedAddresses":["104.21.71.150:443"],"connecting":false,"encrypted":true,"parser":null,"secureConnecting":false,"servername":"api.rajaserverpremium.web.id","ssl":{"_parent":{"onconnection":null,"reading":true},"_parentWrap":null,"_secureContext":{"context":{}},"reading":true},"timeout":5000}]},"keepAlive":true,"keepAliveMsecs":1000,"maxCachedSessions":100,"maxFreeSockets":256,"maxSockets":null,"maxTotalSockets":null,"options":{"keepAlive":true,"noDelay":true,"path":null,"scheduling":"lifo","timeout":5000},"protocol":"https:","requests":{},"scheduling":"lifo","sockets":{},"totalSocketCount":1},"chunkedEncoding":false,"destroyed":true,"finished":true,"host":"api.rajaserverpremium.web.id","maxHeadersCount":null,"maxRequestsOnConnectionReached":false,"method":"GET","outputData":[],"outputSize":0,"parser":null,"path":"/orderkuota/createpayment?apikey=AriApiPaymetGetwayMod&amount=50044&codeqr=00020101021126670016COM.NOBUBANK.WWW01189360050300000879140214139599269048920303UMI51440014ID.CO.QRIS.WWW0215ID20253948025940303UMI5204541153033605802ID5919XYUZSTORE%20OK23960556004BONE61059167162070703A01630489F4","protocol":"https:","res":{"_consuming":false,"_dumped":false,"_events":{"end":[null,null]},"_eventsCount":4,"_readableState":{"awaitDrainWriters":null,"buffer":[],"bufferIndex":0,"highWaterMark":16384,"length":0,"pipes":[]},"aborted":false,"client":{"_SNICallback":null,"_closeAfterHandlingError":false,"_controlReleased":true,"_events":{"close":[null,null,null],"timeout":[null,null]},"_eventsCount":9,"_hadError":false,"_host":"api.rajaserverpremium.web.id","_httpMessage":null,"_newSessionPending":false,"_parent":null,"_pendingData":null,"_pendingEncoding":"","_readableState":{"awaitDrainWriters":null,"buffer":[],"bufferIndex":0,"highWaterMark":16384,"length":0,"pipes":[]},"_rejectUnauthorized":true,"_requestCert":true,"_secureEstablished":true,"_securePending":false,"_server":null,"_sockname":null,"_tlsOptions":{"isServer":false,"pipe":false,"rejectUnauthorized":true,"requestCert":true,"secureContext":{"context":{}}},"_writableState":{"bufferedIndex":0,"corked":0,"highWaterMark":16384,"length":0,"pendingcb":0,"writelen":0},"allowHalfOpen":false,"alpnProtocol":false,"authorizationError":null,"authorized":true,"autoSelectFamilyAttemptedAddresses":["104.21.71.150:443"],"connecting":false,"encrypted":true,"parser":null,"secureConnecting":false,"servername":"api.rajaserverpremium.web.id","ssl":{"_parent":{"onconnection":null,"reading":true},"_parentWrap":null,"_secureContext":{"context":{}},"reading":true},"timeout":5000},"complete":true,"httpVersion":"1.1","httpVersionMajor":1,"httpVersionMinor":1,"method":null,"rawHeaders":["Date","Fri, 23 Jan 2026 10:49:33 GMT","Content-Type","application/json; charset=utf-8","Content-Length","45","Connection","keep-alive","access-control-allow-headers","Content-Type, X-API-Key, Authorization","access-control-allow-methods","GET, POST, PUT, DELETE","access-control-allow-origin","*","Age","0","Cache-Control","public, max-age=0, must-revalidate","etag","W/\"2d-d2fvxHDtVJhbZrJJJbqb3bCDRRw\"","Server","cloudflare","strict-transport-security","max-age=63072000","x-powered-by","Express","x-vercel-cache","MISS","x-vercel-id","sin1::iad1::jhnc2-1769165373000-a0571c930949","cf-cache-status","DYNAMIC","Nel","{\"report_to\":\"cf-nel\",\"success_fraction\":0.0,\"max_age\":604800}","Report-To","{\"group\":\"cf-nel\",\"max_age\":604800,\"endpoints\":[{\"url\":\"https://a.nel.cloudflare.com/report/v4?s=e6zd0Jk5J%2FGwlQ8zmaD2UXIMoBsE0gguIF2zJ4TOo8IVoryxAJAzjkQazK4PiqH7Q8vkZAjuNUyCdqxgRrvMalKWJcn7AYd5Zvq7LEVbL%2Fi4avioR%2FCWP%2BUBAaM%3D\"}]}","CF-RAY","9c26b99d1a74ce65-SIN","alt-svc","h3=\":443\"; ma=86400"],"rawTrailers":[],"redirects":[],"req":"[Circular]","responseUrl":"https://api.rajaserverpremium.web.id/orderkuota/createpayment?apikey=AriApiPaymetGetwayMod&amount=50044&codeqr=00020101021126670016COM.NOBUBANK.WWW01189360050300000879140214139599269048920303UMI51440014ID.CO.QRIS.WWW0215ID20253948025940303UMI5204541153033605802ID5919XYUZSTORE%20OK23960556004BONE61059167162070703A01630489F4","socket":null,"statusCode":401,"statusMessage":"Unauthorized","upgrade":false,"url":""},"reusedSocket":false,"sendDate":false,"shouldKeepAlive":true,"socket":{"_SNICallback":null,"_closeAfterHandlingError":false,"_controlReleased":true,"_events":{"close":[null,null,null],"timeout":[null,null]},"_eventsCount":9,"_hadError":false,"_host":"api.rajaserverpremium.web.id","_httpMessage":null,"_newSessionPending":false,"_parent":null,"_pendingData":null,"_pendingEncoding":"","_readableState":{"awaitDrainWriters":null,"buffer":[],"bufferIndex":0,"highWaterMark":16384,"length":0,"pipes":[]},"_rejectUnauthorized":true,"_requestCert":true,"_secureEstablished":true,"_securePending":false,"_server":null,"_sockname":null,"_tlsOptions":{"isServer":false,"pipe":false,"rejectUnauthorized":true,"requestCert":true,"secureContext":{"context":{}}},"_writableState":{"bufferedIndex":0,"corked":0,"highWaterMark":16384,"length":0,"pendingcb":0,"writelen":0},"allowHalfOpen":false,"alpnProtocol":false,"authorizationError":null,"authorized":true,"autoSelectFamilyAttemptedAddresses":["104.21.71.150:443"],"connecting":false,"encrypted":true,"parser":null,"secureConnecting":false,"servername":"api.rajaserverpremium.web.id","ssl":{"_parent":{"onconnection":null,"reading":true},"_parentWrap":null,"_secureContext":{"context":{}},"reading":true},"timeout":5000},"strictContentLength":false,"timeoutCb":null,"upgradeOrConnect":false,"useChunkedEncodingByDefault":false,"writable":true},"status":401,"statusText":"Unauthorized"},"stack":"AxiosError: Request failed with status code 401\n    at settle (/root/BotVPN/node_modules/axios/dist/node/axios.cjs:2106:12)\n    at IncomingMessage.handleStreamEnd (/root/BotVPN/node_modules/axios/dist/node/axios.cjs:3491:11)\n    at IncomingMessage.emit (node:events:536:35)\n    at endReadableNT (node:internal/streams/readable:1698:12)\n    at process.processTicksAndRejections (node:internal/process/task_queues:82:21)\n    at Axios.request (/root/BotVPN/node_modules/axios/dist/node/axios.cjs:4731:41)\n    at process.processTicksAndRejections (node:internal/process/task_queues:95:5)\n    at async processResellerUpgradePayment (/root/BotVPN/app.js:6190:19)\n    at async /root/BotVPN/app.js:5392:5\n    at async execute (/root/BotVPN/node_modules/telegraf/lib/composer.js:518:17)\n    at async /root/BotVPN/node_modules/telegraf/lib/composer.js:519:21\n    at async execute (/root/BotVPN/node_modules/telegraf/lib/composer.js:518:17)\n    at async /root/BotVPN/node_modules/telegraf/lib/composer.js:519:21\n    at async execute (/root/BotVPN/node_modules/telegraf/lib/composer.js:518:17)\n    at async /root/BotVPN/node_modules/telegraf/lib/composer.js:519:21","status":401,"timestamp":"2026-01-23T10:48:43.580Z"}
info: Main menu sent {"timestamp":"2026-01-23T11:00:40.380Z"}
info: Main menu sent {"timestamp":"2026-01-23T11:03:21.601Z"}
info: Main menu sent {"timestamp":"2026-01-23T11:05:11.183Z"}
info: create service menu sent {"timestamp":"2026-01-23T11:05:17.343Z"}
info: Main menu sent {"timestamp":"2026-01-23T11:05:19.269Z"}
info: create service menu sent {"timestamp":"2026-01-23T11:10:52.623Z"}
error: Rollback saldo user 6741034021 (create gagal), respon: ❌  gagal membuat akun zivpn:
username akun sudah di gunakan
masukan username baru! {"timestamp":"2026-01-23T11:12:23.411Z"}
✅ total_create_akun ZIVPN++ untuk serverId 98 (exp=9)
info: Account create sukses untuk user 6741034021, type: zivpn {"timestamp":"2026-01-23T11:12:55.806Z"}
info: Main menu sent {"timestamp":"2026-01-23T11:26:07.358Z"}
info: create service menu sent {"timestamp":"2026-01-23T11:26:59.750Z"}
Creating SSH account for asepp with expiry 30 days, IP limit 2
✅ total_create_akun++ untuk serverId 80 (exp=30)
info: Account create sukses untuk user 7768199065, type: ssh {"timestamp":"2026-01-23T11:27:25.728Z"}
info: Main menu sent {"timestamp":"2026-01-23T11:27:53.012Z"}
info: Main menu sent {"timestamp":"2026-01-23T11:56:56.932Z"}
info: create service menu sent {"timestamp":"2026-01-23T11:57:07.094Z"}
info: Main menu sent {"timestamp":"2026-01-23T11:57:12.979Z"}
info: create service menu sent {"timestamp":"2026-01-23T11:57:16.318Z"}
info: Main menu sent {"timestamp":"2026-01-23T11:57:18.714Z"}
info: create service menu sent {"timestamp":"2026-01-23T11:57:21.188Z"}
info: Main menu sent {"timestamp":"2026-01-23T11:59:45.950Z"}
info: Main menu sent {"timestamp":"2026-01-23T12:11:54.766Z"}
info: create service menu sent {"timestamp":"2026-01-23T12:11:56.859Z"}
⚠️ Exp ZIVPN 2 hari tidak dicatat ke total_create_akun
info: Account create sukses untuk user 6323608762, type: zivpn {"timestamp":"2026-01-23T12:12:16.751Z"}
info: Main menu sent {"timestamp":"2026-01-23T12:13:22.332Z"}
info: Main menu sent {"timestamp":"2026-01-23T12:14:30.959Z"}
info: Main menu sent {"timestamp":"2026-01-23T12:17:16.939Z"}
info: create service menu sent {"timestamp":"2026-01-23T12:17:19.482Z"}
Creating SSH account for nema with expiry 1 days, IP limit 2
error: Rollback saldo user 6202490359 (create gagal), respon: ❌  respons error:
username akun sudah di gunakan
masukan username baru! {"timestamp":"2026-01-23T12:17:59.467Z"}
info: Main menu sent {"timestamp":"2026-01-23T12:49:39.071Z"}
info: 🔍 User 756200352 memulai proses top-up saldo. {"timestamp":"2026-01-23T12:49:41.575Z"}
info: Main menu sent {"timestamp":"2026-01-23T12:51:01.679Z"}
info: Main menu sent {"timestamp":"2026-01-23T12:51:13.410Z"}
info: Main menu sent {"timestamp":"2026-01-23T12:51:20.704Z"}
info: Main menu sent {"timestamp":"2026-01-23T12:51:36.760Z"}
info: Main menu sent {"timestamp":"2026-01-23T12:52:22.294Z"}
info: Payment processed successfully for user-756200352-1769172593456 {"timestamp":"2026-01-23T12:52:57.607Z"}
info: Main menu sent {"timestamp":"2026-01-23T12:53:06.803Z"}
info: create service menu sent {"timestamp":"2026-01-23T12:53:08.723Z"}
✅ total_create_akun ZIVPN++ untuk serverId 98 (exp=30)
info: Account create sukses untuk user 756200352, type: zivpn {"timestamp":"2026-01-23T12:53:28.512Z"}
info: Main menu sent {"timestamp":"2026-01-23T13:13:37.132Z"}
info: create service menu sent {"timestamp":"2026-01-23T13:23:53.394Z"}
Creating TROJAN account for 23jan with expiry 7 days
✅ total_create_akun++ untuk serverId 80 (exp=7)
info: Account create sukses untuk user 7768199065, type: trojan {"timestamp":"2026-01-23T13:25:46.817Z"}
info: Main menu sent {"timestamp":"2026-01-23T13:26:10.286Z"}
info: create service menu sent {"timestamp":"2026-01-23T13:26:26.656Z"}
error: Rollback saldo user 7800481265 (create gagal), respon: ❌  gagal membuat akun zivpn:
username akun sudah di gunakan
masukan username baru! {"timestamp":"2026-01-23T13:28:08.979Z"}
info: Main menu sent {"timestamp":"2026-01-23T13:28:42.458Z"}
info: create service menu sent {"timestamp":"2026-01-23T13:28:48.525Z"}
⚠️ Exp ZIVPN 2 hari tidak dicatat ke total_create_akun
info: Account create sukses untuk user 7800481265, type: zivpn {"timestamp":"2026-01-23T13:29:14.271Z"}
info: Main menu sent {"timestamp":"2026-01-23T13:44:15.390Z"}
info: Main menu sent {"timestamp":"2026-01-23T13:51:27.906Z"}
info: create service menu sent {"timestamp":"2026-01-23T13:51:32.053Z"}
info: Main menu sent {"timestamp":"2026-01-23T13:51:49.166Z"}
info: Main menu sent {"timestamp":"2026-01-23T13:58:17.999Z"}
info: create service menu sent {"timestamp":"2026-01-23T13:58:22.936Z"}
info: Main menu sent {"timestamp":"2026-01-23T14:24:42.876Z"}
info: Main menu sent {"timestamp":"2026-01-23T14:24:59.205Z"}
info: create service menu sent {"timestamp":"2026-01-23T14:25:29.783Z"}
info: Main menu sent {"timestamp":"2026-01-23T15:54:33.667Z"}
info: create service menu sent {"timestamp":"2026-01-23T15:54:36.118Z"}
info: Main menu sent {"timestamp":"2026-01-23T17:09:56.797Z"}
info: Main menu sent {"timestamp":"2026-01-23T17:28:29.538Z"}
info: create service menu sent {"timestamp":"2026-01-23T17:28:35.578Z"}
⚠️ Exp ZIVPN 2 hari tidak dicatat ke total_create_akun
info: Account create sukses untuk user 7275025627, type: zivpn {"timestamp":"2026-01-23T17:29:02.762Z"}
info: Main menu sent {"timestamp":"2026-01-23T17:32:01.410Z"}
info: Main menu sent {"timestamp":"2026-01-23T17:32:12.223Z"}
info: Bot initialized {"timestamp":"2026-01-23T19:07:39.210Z"}
info: User state initialized {"timestamp":"2026-01-23T19:07:39.218Z"}
info: Server berjalan di port 6961 {"timestamp":"2026-01-23T19:07:39.226Z"}
info: Terhubung ke SQLite3 {"timestamp":"2026-01-23T19:07:39.316Z"}
info: Server table ready {"timestamp":"2026-01-23T19:07:39.336Z"}
info: Users table ready {"timestamp":"2026-01-23T19:07:39.339Z"}
info: Transactions table ready {"timestamp":"2026-01-23T19:07:39.341Z"}
info: Table user_accounts ready {"timestamp":"2026-01-23T19:07:39.342Z"}
info: Add IP price loaded from DB: 2000 {"timestamp":"2026-01-23T19:07:39.343Z"}
info: Pending deposit loaded: {"timestamp":"2026-01-23T19:07:39.345Z"}
info: Admin username detected: @xyztunnn {"timestamp":"2026-01-23T19:07:40.043Z"}
info: Main menu sent {"timestamp":"2026-01-23T19:07:43.545Z"}
info: Main menu sent {"timestamp":"2026-01-23T21:49:41.929Z"}
info: create service menu sent {"timestamp":"2026-01-23T21:49:43.652Z"}
info: Main menu sent {"timestamp":"2026-01-23T22:05:23.736Z"}
info: Main menu sent {"timestamp":"2026-01-23T22:05:55.874Z"}
info: del service menu sent {"timestamp":"2026-01-23T22:05:57.751Z"}
info: Main menu sent {"timestamp":"2026-01-24T01:04:13.971Z"}
info: Main menu sent {"timestamp":"2026-01-24T01:43:03.005Z"}
info: trial service menu sent {"timestamp":"2026-01-24T01:43:11.704Z"}
info: trial service menu sent {"timestamp":"2026-01-24T02:12:10.268Z"}
info: ✅ Trial zivpn dibuat oleh 7768199065 {"timestamp":"2026-01-24T02:12:13.779Z"}
info: Main menu sent {"timestamp":"2026-01-24T02:19:40.469Z"}
info: create service menu sent {"timestamp":"2026-01-24T02:19:51.036Z"}
info: Main menu sent {"timestamp":"2026-01-24T03:08:08.592Z"}
info: create service menu sent {"timestamp":"2026-01-24T03:08:11.709Z"}
⚠️ Exp ZIVPN 1 hari tidak dicatat ke total_create_akun
info: Account create sukses untuk user 810564575, type: zivpn {"timestamp":"2026-01-24T03:09:17.888Z"}
info: Main menu sent {"timestamp":"2026-01-24T03:09:40.061Z"}
info: Main menu sent {"timestamp":"2026-01-24T03:10:04.093Z"}
info: create service menu sent {"timestamp":"2026-01-24T03:10:06.348Z"}
info: Main menu sent {"timestamp":"2026-01-24T03:10:13.322Z"}
info: 🔍 User 7275025627 memulai proses top-up saldo. {"timestamp":"2026-01-24T03:10:18.711Z"}
info: Payment processed successfully for user-7275025627-1769224226428 {"timestamp":"2026-01-24T03:11:31.646Z"}
info: Main menu sent {"timestamp":"2026-01-24T03:11:54.255Z"}
info: create service menu sent {"timestamp":"2026-01-24T03:11:57.556Z"}
✅ total_create_akun ZIVPN++ untuk serverId 99 (exp=30)
info: Account create sukses untuk user 7275025627, type: zivpn {"timestamp":"2026-01-24T03:12:18.240Z"}
info: Bot initialized {"timestamp":"2026-01-24T03:14:08.456Z"}
info: User state initialized {"timestamp":"2026-01-24T03:14:08.470Z"}
info: Server berjalan di port 6961 {"timestamp":"2026-01-24T03:14:08.480Z"}
info: Terhubung ke SQLite3 {"timestamp":"2026-01-24T03:14:08.569Z"}
info: Server table ready {"timestamp":"2026-01-24T03:14:08.579Z"}
info: Users table ready {"timestamp":"2026-01-24T03:14:08.581Z"}
info: Transactions table ready {"timestamp":"2026-01-24T03:14:08.582Z"}
info: Table user_accounts ready {"timestamp":"2026-01-24T03:14:08.583Z"}
info: Add IP price loaded from DB: 2000 {"timestamp":"2026-01-24T03:14:08.584Z"}
info: Pending deposit loaded: {"timestamp":"2026-01-24T03:14:08.585Z"}
info: Admin username detected: @xyztunnn {"timestamp":"2026-01-24T03:14:09.321Z"}
info: Main menu sent {"timestamp":"2026-01-24T03:14:50.122Z"}
Renewing SSH account for 12jan with expiry 7 days, limit IP 2 on server 80
✅ total_create_akun diperbarui untuk serverId 80 dengan exp 7
info: Account renew sukses untuk user 7768199065, type: ssh {"timestamp":"2026-01-24T03:15:09.071Z"}
info: Main menu sent {"timestamp":"2026-01-24T03:23:31.064Z"}
info: create service menu sent {"timestamp":"2026-01-24T03:37:00.305Z"}
info: Main menu sent {"timestamp":"2026-01-24T03:37:18.919Z"}
info: Main menu sent {"timestamp":"2026-01-24T03:37:21.201Z"}
info: Main menu sent {"timestamp":"2026-01-24T03:37:25.439Z"}
info: create service menu sent {"timestamp":"2026-01-24T03:37:27.437Z"}
⚠️ Exp ZIVPN 1 hari tidak dicatat ke total_create_akun
info: Account create sukses untuk user 689357426, type: zivpn {"timestamp":"2026-01-24T03:37:49.952Z"}
info: Main menu sent {"timestamp":"2026-01-24T03:53:46.447Z"}
info: 🔍 User 6323608762 memulai proses top-up saldo. {"timestamp":"2026-01-24T03:53:48.641Z"}
info: Main menu sent {"timestamp":"2026-01-24T03:56:01.132Z"}
info: 🔍 User 6323608762 memulai proses top-up saldo. {"timestamp":"2026-01-24T03:56:03.340Z"}
info: Main menu sent {"timestamp":"2026-01-24T03:56:41.399Z"}
info: 🔍 User 6323608762 memulai proses top-up saldo. {"timestamp":"2026-01-24T03:56:43.794Z"}
info: Main menu sent {"timestamp":"2026-01-24T03:59:19.416Z"}
info: 🔍 User 6323608762 memulai proses top-up saldo. {"timestamp":"2026-01-24T03:59:21.459Z"}
info: Main menu sent {"timestamp":"2026-01-24T07:40:28.875Z"}
info: Main menu sent {"timestamp":"2026-01-24T08:08:49.871Z"}
info: 🔍 User 7768199065 memulai proses top-up saldo. {"timestamp":"2026-01-24T08:08:51.604Z"}
info: Payment processed successfully for user-7768199065-1769242135664 {"timestamp":"2026-01-24T08:09:21.258Z"}
info: Bot initialized {"timestamp":"2026-01-24T09:37:05.008Z"}
info: User state initialized {"timestamp":"2026-01-24T09:37:05.016Z"}
info: Server berjalan di port 6961 {"timestamp":"2026-01-24T09:37:05.023Z"}
info: Terhubung ke SQLite3 {"timestamp":"2026-01-24T09:37:05.086Z"}
info: Server table ready {"timestamp":"2026-01-24T09:37:05.097Z"}
info: Users table ready {"timestamp":"2026-01-24T09:37:05.098Z"}
info: Transactions table ready {"timestamp":"2026-01-24T09:37:05.099Z"}
info: Table user_accounts ready {"timestamp":"2026-01-24T09:37:05.099Z"}
info: Add IP price loaded from DB: 2000 {"timestamp":"2026-01-24T09:37:05.100Z"}
info: Pending deposit loaded: {"timestamp":"2026-01-24T09:37:05.101Z"}
info: Admin username detected: @xyztunnn {"timestamp":"2026-01-24T09:37:05.806Z"}
info: Main menu sent {"timestamp":"2026-01-24T09:37:08.228Z"}
info: Main menu sent {"timestamp":"2026-01-24T09:37:09.910Z"}
info: create service menu sent {"timestamp":"2026-01-24T09:37:12.001Z"}
Creating TROJAN account for 24jann with expiry 7 days
✅ total_create_akun++ untuk serverId 79 (exp=7)
info: Account create sukses untuk user 7768199065, type: trojan {"timestamp":"2026-01-24T09:37:26.341Z"}
info: Main menu sent {"timestamp":"2026-01-24T10:04:28.778Z"}
info: Main menu sent {"timestamp":"2026-01-24T11:16:57.264Z"}
info: Main menu sent {"timestamp":"2026-01-24T11:17:07.153Z"}
info: Main menu sent {"timestamp":"2026-01-24T11:59:33.153Z"}
info: Main menu sent {"timestamp":"2026-01-24T13:01:45.193Z"}
info: create service menu sent {"timestamp":"2026-01-24T13:14:52.732Z"}
info: Main menu sent {"timestamp":"2026-01-24T13:26:21.683Z"}
info: 🔍 User 6869306122 memulai proses top-up saldo. {"timestamp":"2026-01-24T13:26:30.387Z"}
info: Payment processed successfully for user-6869306122-1769261215572 {"timestamp":"2026-01-24T13:27:57.955Z"}
info: Main menu sent {"timestamp":"2026-01-24T13:28:17.425Z"}
info: create service menu sent {"timestamp":"2026-01-24T13:28:20.866Z"}
✅ total_create_akun ZIVPN++ untuk serverId 99 (exp=10)
info: Account create sukses untuk user 6869306122, type: zivpn {"timestamp":"2026-01-24T13:30:19.595Z"}
info: Main menu sent {"timestamp":"2026-01-24T13:57:42.287Z"}
info: Main menu sent {"timestamp":"2026-01-24T14:09:12.800Z"}
info: Main menu sent {"timestamp":"2026-01-24T14:16:11.179Z"}
info: create service menu sent {"timestamp":"2026-01-24T14:16:18.451Z"}
info: Main menu sent {"timestamp":"2026-01-24T14:16:29.776Z"}
info: Main menu sent {"timestamp":"2026-01-24T14:30:14.796Z"}
info: create service menu sent {"timestamp":"2026-01-24T14:30:16.477Z"}
info: ✅ Trial zivpn dibuat oleh 6964730304 {"timestamp":"2026-01-24T15:24:24.291Z"}
info: Main menu sent {"timestamp":"2026-01-24T15:25:59.702Z"}
info: Main menu sent {"timestamp":"2026-01-24T15:55:54.514Z"}
info: create service menu sent {"timestamp":"2026-01-24T15:55:56.909Z"}
⚠️ Exp ZIVPN 1 hari tidak dicatat ke total_create_akun
info: Account create sukses untuk user 6964730304, type: zivpn {"timestamp":"2026-01-24T15:56:32.995Z"}
info: Main menu sent {"timestamp":"2026-01-24T15:56:59.763Z"}
info: Main menu sent {"timestamp":"2026-01-24T17:41:28.436Z"}
Renewing SSH account for saya1 with expiry 7 days, limit IP 2 on server 80
✅ total_create_akun diperbarui untuk serverId 80 dengan exp 7
info: Account renew sukses untuk user 8001507141, type: ssh {"timestamp":"2026-01-24T17:42:55.539Z"}
info: Main menu sent {"timestamp":"2026-01-24T17:43:58.141Z"}
info: create service menu sent {"timestamp":"2026-01-24T22:55:37.052Z"}
info: Main menu sent {"timestamp":"2026-01-24T22:55:47.168Z"}
info: create service menu sent {"timestamp":"2026-01-24T22:55:48.645Z"}
info: Main menu sent {"timestamp":"2026-01-24T22:55:56.054Z"}
info: Main menu sent {"timestamp":"2026-01-25T00:49:03.218Z"}
info: Main menu sent {"timestamp":"2026-01-25T00:55:02.505Z"}
info: create service menu sent {"timestamp":"2026-01-25T00:55:04.200Z"}
info: Main menu sent {"timestamp":"2026-01-25T02:13:26.611Z"}
info: trial service menu sent {"timestamp":"2026-01-25T02:13:32.005Z"}
info: ✅ Trial vmess dibuat oleh 689357426 {"timestamp":"2026-01-25T02:13:45.091Z"}
Creating VMess account for trial-9c4v7 with expiry none days, quota 1 GB, IP limit 1
info: trial service menu sent {"timestamp":"2026-01-25T06:00:57.228Z"}
info: ✅ Trial vmess dibuat oleh 8169707317 {"timestamp":"2026-01-25T06:01:09.735Z"}
Creating VMess account for trial-z3x7i with expiry none days, quota 1 GB, IP limit 1
info: Main menu sent {"timestamp":"2026-01-25T07:41:57.656Z"}
info: create service menu sent {"timestamp":"2026-01-25T07:42:02.977Z"}
⚠️ Exp ZIVPN 2 hari tidak dicatat ke total_create_akun
info: Account create sukses untuk user 6323608762, type: zivpn {"timestamp":"2026-01-25T07:42:40.381Z"}
info: Main menu sent {"timestamp":"2026-01-25T08:40:12.354Z"}
info: trial service menu sent {"timestamp":"2026-01-25T08:40:18.284Z"}
info: ✅ Trial zivpn dibuat oleh 6717605132 {"timestamp":"2026-01-25T08:40:24.139Z"}
info: create service menu sent {"timestamp":"2026-01-25T08:46:55.757Z"}
✅ total_create_akun ZIVPN++ untuk serverId 99 (exp=27)
info: Account create sukses untuk user 6964730304, type: zivpn {"timestamp":"2026-01-25T08:48:19.161Z"}
info: Main menu sent {"timestamp":"2026-01-25T09:36:44.350Z"}
info: create service menu sent {"timestamp":"2026-01-25T09:36:48.467Z"}
info: Main menu sent {"timestamp":"2026-01-25T09:37:55.451Z"}
info: Main menu sent {"timestamp":"2026-01-25T09:39:06.742Z"}
info: 🔍 User 1377629179 memulai proses top-up saldo. {"timestamp":"2026-01-25T09:39:12.458Z"}
info: Payment processed successfully for user-1377629179-1769333959317 {"timestamp":"2026-01-25T09:39:51.590Z"}
info: Main menu sent {"timestamp":"2026-01-25T09:39:57.514Z"}
info: trial service menu sent {"timestamp":"2026-01-25T09:40:00.250Z"}
info: Main menu sent {"timestamp":"2026-01-25T09:40:09.056Z"}
info: ✅ Trial vmess dibuat oleh 1377629179 {"timestamp":"2026-01-25T09:40:09.994Z"}
Creating VMess account for trial-m4fpd with expiry none days, quota 1 GB, IP limit 1
info: Main menu sent {"timestamp":"2026-01-25T09:40:21.413Z"}
info: create service menu sent {"timestamp":"2026-01-25T09:40:22.933Z"}
Creating VMESS account for esesha with expiry 5 days
✅ total_create_akun++ untuk serverId 80 (exp=5)
info: Account create sukses untuk user 1377629179, type: vmess {"timestamp":"2026-01-25T09:40:53.610Z"}
info: 🔍 User 7116709516 memulai proses top-up saldo. {"timestamp":"2026-01-25T09:42:58.693Z"}
info: Payment processed successfully for user-7116709516-1769334188746 {"timestamp":"2026-01-25T09:44:51.758Z"}
info: Main menu sent {"timestamp":"2026-01-25T09:45:24.195Z"}
info: create service menu sent {"timestamp":"2026-01-25T09:45:28.930Z"}
info: Main menu sent {"timestamp":"2026-01-25T09:45:54.449Z"}
info: create service menu sent {"timestamp":"2026-01-25T09:46:00.011Z"}
info: Main menu sent {"timestamp":"2026-01-25T09:46:56.171Z"}
info: Main menu sent {"timestamp":"2026-01-25T09:47:17.392Z"}
info: renew service menu sent {"timestamp":"2026-01-25T09:47:24.093Z"}
Renewing TROJAN account for kadep with expiry 30 days, quota 200 GB, limit IP 2
❌ Respons error: {
  meta: {
    code: 401,
    status: 'error',
    ip_address: '103.175.219.124',
    message: 'Client kadep not exists, Try another name'
  },
  data: {}
}
error: Rollback saldo user 7116709516 (renew gagal), respon: ❌ respons error:
client kadep not exists, try another name {"timestamp":"2026-01-25T09:47:54.379Z"}
info: Main menu sent {"timestamp":"2026-01-25T09:48:02.647Z"}
info: create service menu sent {"timestamp":"2026-01-25T09:48:04.791Z"}
Creating TROJAN account for kadep with expiry 30 days
error: Rollback saldo user 7116709516 (create gagal), respon: ❌  username akun sudah di gunakan
masukan username baru! {"timestamp":"2026-01-25T09:48:25.593Z"}
info: Main menu sent {"timestamp":"2026-01-25T09:48:35.722Z"}
info: create service menu sent {"timestamp":"2026-01-25T09:48:37.668Z"}
Creating TROJAN account for qimpet with expiry 30 days
✅ total_create_akun++ untuk serverId 80 (exp=30)
info: Account create sukses untuk user 7116709516, type: trojan {"timestamp":"2026-01-25T09:49:08.700Z"}
info: 🔍 User 756200352 memulai proses top-up saldo. {"timestamp":"2026-01-25T09:51:39.838Z"}
info: Payment processed successfully for user-756200352-1769334705150 {"timestamp":"2026-01-25T09:52:41.633Z"}
info: Main menu sent {"timestamp":"2026-01-25T09:52:50.772Z"}
info: create service menu sent {"timestamp":"2026-01-25T09:52:54.184Z"}
info: Main menu sent {"timestamp":"2026-01-25T09:54:14.605Z"}
info: 🔍 User 756200352 memulai proses top-up saldo. {"timestamp":"2026-01-25T09:54:20.847Z"}
info: Payment processed successfully for user-756200352-1769334867044 {"timestamp":"2026-01-25T09:55:11.733Z"}
info: Main menu sent {"timestamp":"2026-01-25T09:55:21.044Z"}
info: create service menu sent {"timestamp":"2026-01-25T09:55:23.020Z"}
✅ total_create_akun ZIVPN++ untuk serverId 99 (exp=30)
info: Account create sukses untuk user 756200352, type: zivpn {"timestamp":"2026-01-25T09:55:42.897Z"}
info: create service menu sent {"timestamp":"2026-01-25T10:12:59.914Z"}
info: Main menu sent {"timestamp":"2026-01-25T11:23:46.820Z"}
info: trial service menu sent {"timestamp":"2026-01-25T11:23:50.007Z"}
info: Main menu sent {"timestamp":"2026-01-25T11:24:06.387Z"}
info: create service menu sent {"timestamp":"2026-01-25T11:24:09.332Z"}
Creating VMESS account for nataaa with expiry 1 days
⚠️ Exp 1 hari tidak dicatat ke total_create_akun
info: Account create sukses untuk user 689357426, type: vmess {"timestamp":"2026-01-25T11:24:27.721Z"}
info: Main menu sent {"timestamp":"2026-01-25T11:28:52.453Z"}
info: create service menu sent {"timestamp":"2026-01-25T11:28:56.691Z"}
info: Main menu sent {"timestamp":"2026-01-25T11:29:19.578Z"}
info: Main menu sent {"timestamp":"2026-01-25T12:19:01.922Z"}
info: Main menu sent {"timestamp":"2026-01-25T12:20:01.301Z"}
info: create service menu sent {"timestamp":"2026-01-25T12:20:06.993Z"}
info: Main menu sent {"timestamp":"2026-01-25T12:20:12.406Z"}
info: create service menu sent {"timestamp":"2026-01-25T12:20:28.260Z"}
info: Main menu sent {"timestamp":"2026-01-25T12:20:34.199Z"}
info: create service menu sent {"timestamp":"2026-01-25T12:20:37.983Z"}
info: Main menu sent {"timestamp":"2026-01-25T12:26:22.843Z"}
info: Main menu sent {"timestamp":"2026-01-25T12:40:43.525Z"}
info: Main menu sent {"timestamp":"2026-01-25T12:41:15.818Z"}
info: create service menu sent {"timestamp":"2026-01-25T12:41:40.262Z"}
info: Main menu sent {"timestamp":"2026-01-25T12:42:07.383Z"}
info: Main menu sent {"timestamp":"2026-01-25T13:04:58.998Z"}
info: create service menu sent {"timestamp":"2026-01-25T13:05:17.419Z"}
info: Main menu sent {"timestamp":"2026-01-25T13:35:37.499Z"}
info: create service menu sent {"timestamp":"2026-01-25T13:51:26.163Z"}
info: trial service menu sent {"timestamp":"2026-01-25T13:58:05.758Z"}
info: ✅ Trial vmess dibuat oleh 7768199065 {"timestamp":"2026-01-25T13:58:13.842Z"}
Creating VMess account for trial-ghr6r with expiry none days, quota 1 GB, IP limit 1
info: Main menu sent {"timestamp":"2026-01-25T14:04:14.032Z"}
info: create service menu sent {"timestamp":"2026-01-25T14:04:20.393Z"}
info: Main menu sent {"timestamp":"2026-01-25T14:04:33.722Z"}
info: 🔍 User 7148961642 memulai proses top-up saldo. {"timestamp":"2026-01-25T14:04:44.121Z"}
info: Payment processed successfully for user-7148961642-1769349911924 {"timestamp":"2026-01-25T14:06:02.986Z"}
info: Main menu sent {"timestamp":"2026-01-25T14:06:10.258Z"}
info: trial service menu sent {"timestamp":"2026-01-25T14:06:17.670Z"}
info: ✅ Trial vless dibuat oleh 7148961642 {"timestamp":"2026-01-25T14:06:35.121Z"}
Creating VLESS account for trial-90oj0 with expiry none days, quota 1 GB, limit IP 1
info: Main menu sent {"timestamp":"2026-01-25T15:50:33.121Z"}
info: Main menu sent {"timestamp":"2026-01-25T16:23:44.131Z"}
info: 🔍 User 7082484465 memulai proses top-up saldo. {"timestamp":"2026-01-25T16:23:46.434Z"}
info: Payment processed successfully for user-7082484465-1769358231758 {"timestamp":"2026-01-25T16:24:53.601Z"}
info: Main menu sent {"timestamp":"2026-01-25T16:25:56.056Z"}
info: create service menu sent {"timestamp":"2026-01-25T16:25:58.160Z"}
info: Main menu sent {"timestamp":"2026-01-25T16:26:05.674Z"}
info: create service menu sent {"timestamp":"2026-01-25T16:26:39.615Z"}
✅ total_create_akun ZIVPN++ untuk serverId 99 (exp=6)
info: Account create sukses untuk user 7082484465, type: zivpn {"timestamp":"2026-01-25T16:28:32.014Z"}
info: Main menu sent {"timestamp":"2026-01-25T18:29:01.731Z"}
info: 🔍 User 5992023279 memulai proses top-up saldo. {"timestamp":"2026-01-25T18:29:30.140Z"}
info: Payment processed successfully for user-5992023279-1769365786880 {"timestamp":"2026-01-25T18:30:23.366Z"}
info: Main menu sent {"timestamp":"2026-01-25T18:30:29.006Z"}
info: trial service menu sent {"timestamp":"2026-01-25T18:30:31.569Z"}
info: ✅ Trial ssh dibuat oleh 5992023279 {"timestamp":"2026-01-25T18:31:20.661Z"}
Creating SSH account for trial-ksdye with expiry 1 days, IP limit 1, and password none
info: Main menu sent {"timestamp":"2026-01-25T18:34:48.619Z"}
info: create service menu sent {"timestamp":"2026-01-25T18:35:01.155Z"}
Creating SSH account for xxxx with expiry 6 days, IP limit 2
✅ total_create_akun++ untuk serverId 80 (exp=6)
info: Account create sukses untuk user 5992023279, type: ssh {"timestamp":"2026-01-25T18:36:32.227Z"}
info: Main menu sent {"timestamp":"2026-01-25T21:30:29.538Z"}
info: Main menu sent {"timestamp":"2026-01-25T21:45:36.462Z"}
info: trial service menu sent {"timestamp":"2026-01-25T21:45:39.480Z"}
info: Main menu sent {"timestamp":"2026-01-25T21:46:00.433Z"}
info: Main menu sent {"timestamp":"2026-01-26T00:02:37.966Z"}
info: 🔍 User 7570184058 memulai proses top-up saldo. {"timestamp":"2026-01-26T00:07:29.593Z"}
error: Gagal deleteMessage di topup_saldo: 400: Bad Request: message can't be deleted for everyone {"on":{"method":"deleteMessage","payload":{"chat_id":7570184058,"message_id":39544}},"response":{"description":"Bad Request: message can't be deleted for everyone","error_code":400,"ok":false},"stack":"Error: 400: Bad Request: message can't be deleted for everyone\n    at Telegram.callApi (/root/BotVPN/node_modules/telegraf/lib/core/network/client.js:315:19)\n    at process.processTicksAndRejections (node:internal/process/task_queues:95:5)\n    at async /root/BotVPN/app.js:5411:7\n    at async execute (/root/BotVPN/node_modules/telegraf/lib/composer.js:518:17)\n    at async /root/BotVPN/node_modules/telegraf/lib/composer.js:519:21\n    at async execute (/root/BotVPN/node_modules/telegraf/lib/composer.js:518:17)\n    at async /root/BotVPN/node_modules/telegraf/lib/composer.js:519:21\n    at async execute (/root/BotVPN/node_modules/telegraf/lib/composer.js:518:17)\n    at async /root/BotVPN/node_modules/telegraf/lib/composer.js:519:21\n    at async execute (/root/BotVPN/node_modules/telegraf/lib/composer.js:518:17)","timestamp":"2026-01-26T00:07:29.782Z"}
info: 🔍 Reseller 7570184058 diminta untuk memasukkan jumlah nominal saldo (keypad). {"timestamp":"2026-01-26T00:07:29.783Z"}
info: Main menu sent {"timestamp":"2026-01-26T00:08:13.357Z"}
info: create service menu sent {"timestamp":"2026-01-26T00:08:16.026Z"}
info: Main menu sent {"timestamp":"2026-01-26T00:08:42.681Z"}
info: create service menu sent {"timestamp":"2026-01-26T00:08:44.450Z"}
info: Main menu sent {"timestamp":"2026-01-26T00:09:35.272Z"}
info: 🔍 User 7570184058 memulai proses top-up saldo. {"timestamp":"2026-01-26T00:09:38.144Z"}
info: 🔍 Reseller 7570184058 diminta untuk memasukkan jumlah nominal saldo (keypad). {"timestamp":"2026-01-26T00:09:38.488Z"}
info: Main menu sent {"timestamp":"2026-01-26T00:18:00.314Z"}
info: Main menu sent {"timestamp":"2026-01-26T00:24:46.412Z"}
info: create service menu sent {"timestamp":"2026-01-26T00:24:48.005Z"}
info: Main menu sent {"timestamp":"2026-01-26T00:25:00.717Z"}
info: create service menu sent {"timestamp":"2026-01-26T00:25:02.843Z"}
✅ total_create_akun ZIVPN++ untuk serverId 102 (exp=30)
info: Account create sukses untuk user 7960158114, type: zivpn {"timestamp":"2026-01-26T00:25:26.354Z"}
info: Main menu sent {"timestamp":"2026-01-26T00:27:16.738Z"}
info: Main menu sent {"timestamp":"2026-01-26T00:35:04.965Z"}
info: create service menu sent {"timestamp":"2026-01-26T00:35:10.376Z"}
info: Main menu sent {"timestamp":"2026-01-26T00:38:05.615Z"}
info: create service menu sent {"timestamp":"2026-01-26T00:38:07.296Z"}
✅ total_create_akun ZIVPN++ untuk serverId 102 (exp=30)
info: Account create sukses untuk user 7960158114, type: zivpn {"timestamp":"2026-01-26T00:38:25.166Z"}
info: Main menu sent {"timestamp":"2026-01-26T00:57:39.436Z"}
info: create service menu sent {"timestamp":"2026-01-26T00:57:43.171Z"}
✅ total_create_akun ZIVPN++ untuk serverId 102 (exp=30)
info: Account create sukses untuk user 7960158114, type: zivpn {"timestamp":"2026-01-26T00:58:11.378Z"}
info: Main menu sent {"timestamp":"2026-01-26T00:59:47.559Z"}
info: create service menu sent {"timestamp":"2026-01-26T00:59:52.435Z"}
info: Main menu sent {"timestamp":"2026-01-26T02:12:13.881Z"}
info: create service menu sent {"timestamp":"2026-01-26T02:12:24.924Z"}
Creating SSH account for jokyo with expiry 2 days, IP limit 2
⚠️ Exp 2 hari tidak dicatat ke total_create_akun
info: Account create sukses untuk user 6380781342, type: ssh {"timestamp":"2026-01-26T02:13:13.000Z"}
info: create service menu sent {"timestamp":"2026-01-26T02:52:07.875Z"}
info: Main menu sent {"timestamp":"2026-01-26T02:52:20.829Z"}
info: trial service menu sent {"timestamp":"2026-01-26T02:52:51.211Z"}
info: Main menu sent {"timestamp":"2026-01-26T02:52:55.679Z"}
info: create service menu sent {"timestamp":"2026-01-26T02:52:57.240Z"}
Creating VLESS account for riririzal with expiry 1 days
⚠️ Exp 1 hari tidak dicatat ke total_create_akun
info: Account create sukses untuk user 7148961642, type: vless {"timestamp":"2026-01-26T02:53:29.955Z"}
info: Main menu sent {"timestamp":"2026-01-26T03:17:30.811Z"}
info: create service menu sent {"timestamp":"2026-01-26T03:17:45.516Z"}
info: Main menu sent {"timestamp":"2026-01-26T03:47:36.989Z"}
info: create service menu sent {"timestamp":"2026-01-26T03:47:40.064Z"}
Creating SSH account for ahmad with expiry 2 days, IP limit 2
⚠️ Exp 2 hari tidak dicatat ke total_create_akun
info: Account create sukses untuk user 6202490359, type: ssh {"timestamp":"2026-01-26T03:48:31.103Z"}
info: Main menu sent {"timestamp":"2026-01-26T04:32:58.252Z"}
info: 🔍 User 6717605132 memulai proses top-up saldo. {"timestamp":"2026-01-26T04:33:07.103Z"}
info: Main menu sent {"timestamp":"2026-01-26T04:34:04.853Z"}
info: create service menu sent {"timestamp":"2026-01-26T04:34:09.149Z"}
info: Main menu sent {"timestamp":"2026-01-26T04:55:38.030Z"}
info: create service menu sent {"timestamp":"2026-01-26T05:13:06.373Z"}
error: Rollback saldo user 810564575 (create gagal), respon: ❌  gagal membuat akun zivpn:
username akun sudah di gunakan
masukan username baru! {"timestamp":"2026-01-26T05:13:35.740Z"}
error: Rollback saldo user 810564575 (create gagal), respon: ❌  gagal membuat akun zivpn:
username akun sudah di gunakan
masukan username baru! {"timestamp":"2026-01-26T05:14:10.702Z"}
info: Main menu sent {"timestamp":"2026-01-26T05:14:17.918Z"}
info: create service menu sent {"timestamp":"2026-01-26T05:14:19.805Z"}
⚠️ Exp ZIVPN 1 hari tidak dicatat ke total_create_akun
info: Account create sukses untuk user 810564575, type: zivpn {"timestamp":"2026-01-26T05:14:39.833Z"}
info: create service menu sent {"timestamp":"2026-01-26T05:28:56.979Z"}
